time,low,high,open,close,volume
2019-01-01 01:00:00,104.87,106.58,106.58,105.76,46.56886766
2019-01-01 02:00:00,104.85,105.0,104.9,104.85,84.31674623
2019-01-01 03:00:00,104.02,105.0,104.99,104.28,99.6079936
2019-01-01 04:00:00,104.96,107.69,104.96,107.41,20.45767118
2019-01-01 05:00:00,105.87,107.7,107.07,105.88,5.32101792
2019-01-01 06:00:00,105.76,107.3,105.88,107.3,24.15515074
2019-01-01 07:00:00,105.39,107.44,107.29,105.79,58.80764347
2019-01-01 08:00:00,107.02,108.94,107.06,108.93,30.25246124
2019-01-01 09:00:00,107.01,108.97,108.97,107.02,32.88372917
2019-01-01 10:00:00,107.01,108.38,107.99,108.34,48.08085944
2019-01-01 11:00:00,107.74,108.24,108.09,107.99,42.74207085
2019-01-01 12:00:00,107.02,107.98,107.75,107.98,39.55147684
2019-01-01 13:00:00,107.02,108.0,107.98,107.77,36.03464146
2019-01-01 14:00:00,107.05,107.97,107.36,107.97,59.083072
2019-01-01 15:00:00,107.04,107.99,107.97,107.1,95.20987844
2019-01-01 16:00:00,107.11,107.99,107.77,107.68,52.73709358
2019-01-01 17:00:00,107.1,108.0,107.97,107.89,103.93770479
2019-01-01 18:00:00,106.03,107.88,107.4,107.0,87.15848058
2019-01-01 19:00:00,106.45,108.98,106.55,108.98,152.24890973
2019-01-01 20:00:00,109.0,112.58,109.0,110.25,505.07949874
2019-01-01 21:00:00,110.32,111.1,110.63,111.05,205.37621195
2019-01-01 22:00:00,110.0,111.1,111.05,110.32,71.70434722
2019-01-01 23:00:00,110.02,111.2,110.05,110.9,443.82670714
2019-01-02 00:00:00,110.62,111.25,110.9,111.25,128.17603481
2019-01-02 01:00:00,110.21,111.25,111.22,110.21,45.84986012
2019-01-02 02:00:00,110.16,111.86,110.22,111.86,62.86630675
2019-01-02 03:00:00,111.0,111.3,111.3,111.14,11.09844222
2019-01-02 04:00:00,111.0,111.29,111.0,111.28,70.70241691
2019-01-02 05:00:00,111.0,111.75,111.28,111.27,43.6771065
2019-01-02 06:00:00,111.0,111.36,111.2,111.0,14.07384709
2019-01-02 07:00:00,111.01,114.75,111.01,113.21,396.6807773
2019-01-02 08:00:00,113.99,116.0,113.99,115.05,437.70318321
2019-01-02 09:00:00,114.55,116.2,115.06,115.74,261.89636033
2019-01-02 10:00:00,115.34,119.0,115.94,119.0,464.64364909
2019-01-02 11:00:00,117.62,118.98,118.98,118.11,519.2923989
2019-01-02 12:00:00,117.01,118.8,118.4,118.78,408.40109288
2019-01-02 13:00:00,118.47,121.39,118.78,121.39,792.61380547
2019-01-02 14:00:00,118.53,121.4,121.32,120.5,848.85410348
2019-01-02 15:00:00,118.0,121.46,120.5,118.8,692.51194218
2019-01-02 16:00:00,118.29,122.0,119.34,120.71,858.18907469
2019-01-02 17:00:00,119.02,121.1,120.5,120.66,356.40574888
2019-01-02 18:00:00,119.0,120.79,120.21,119.95,257.60986671
2019-01-02 19:00:00,119.62,121.46,120.0,121.35,932.58685916
2019-01-02 20:00:00,120.0,121.46,121.34,120.9,579.0457808
2019-01-02 21:00:00,120.92,124.75,121.03,123.97,552.60016051
2019-01-02 22:00:00,123.24,124.5,123.8,124.5,569.90099345
2019-01-02 23:00:00,123.5,125.0,124.49,124.08,1385.8498201
2019-01-03 00:00:00,121.0,124.56,124.17,121.0,498.31874775
2019-01-03 01:00:00,120.95,121.99,120.95,121.65,130.86652327
2019-01-03 02:00:00,121.35,123.04,121.97,121.63,164.06008962
2019-01-03 03:00:00,121.3,122.08,121.63,122.08,54.04074912
2019-01-03 04:00:00,122.08,124.02,122.08,123.19,192.07059672
2019-01-03 05:00:00,121.6,123.19,123.19,122.37,40.55313081
2019-01-03 06:00:00,122.35,123.38,122.48,123.38,86.69556133
2019-01-03 07:00:00,121.53,123.09,123.0,122.61,395.6096719
2019-01-03 08:00:00,119.02,122.85,122.77,119.02,338.13512718
2019-01-03 09:00:00,117.74,119.99,119.47,118.61,361.75811717
2019-01-03 10:00:00,118.4,119.67,118.61,118.98,319.99987284
2019-01-03 11:00:00,116.48,118.46,118.46,117.98,417.27352099
2019-01-03 12:00:00,117.5,119.42,117.84,119.3,207.59884632
2019-01-03 13:00:00,118.42,119.58,119.3,118.72,281.46568084
2019-01-03 14:00:00,118.35,119.6,119.22,118.74,280.97580664
2019-01-03 15:00:00,117.47,119.7,118.71,118.99,322.20378652
2019-01-03 16:00:00,116.0,118.99,118.99,116.06,319.50165253
2019-01-03 17:00:00,115.99,117.41,116.06,116.5,143.12170099
2019-01-03 18:00:00,116.0,117.23,116.75,116.4,431.55179345
2019-01-03 19:00:00,116.14,117.1,116.71,116.96,140.48173045
2019-01-03 20:00:00,116.76,119.0,116.98,118.45,229.91700911
2019-01-03 21:00:00,117.85,118.95,118.6,118.75,269.69794155
2019-01-03 22:00:00,117.76,119.39,118.15,119.34,146.22926974
2019-01-03 23:00:00,118.0,119.34,119.33,118.11,328.8487134
2019-01-04 00:00:00,116.94,118.14,118.01,117.1,182.36407168
2019-01-04 01:00:00,117.46,119.38,117.6,119.17,101.18965653
2019-01-04 02:00:00,118.0,119.05,119.05,118.24,65.87031093
2019-01-04 03:00:00,117.91,121.0,118.25,121.0,125.2676626
2019-01-04 04:00:00,120.24,121.2,121.0,120.99,19.34070629
2019-01-04 05:00:00,120.55,123.0,120.99,123.0,36.31267492
2019-01-04 06:00:00,122.22,124.0,122.7,123.39,413.20734948
2019-01-04 07:00:00,123.4,124.0,123.4,123.5,211.1720457
2019-01-04 08:00:00,121.04,122.89,122.89,121.04,192.14363078
2019-01-04 09:00:00,120.13,122.0,121.42,120.8,210.29316638
2019-01-04 10:00:00,120.35,122.0,120.8,121.98,244.80498958
2019-01-04 11:00:00,121.05,122.0,121.98,121.29,197.97877976
2019-01-04 12:00:00,120.49,121.68,121.26,121.28,113.7268317
2019-01-04 13:00:00,119.56,121.4,120.88,120.72,255.37305721
2019-01-04 14:00:00,118.0,121.76,120.74,118.02,453.11063378
2019-01-04 15:00:00,117.5,119.0,118.1,118.1,276.58678966
2019-01-04 16:00:00,117.76,118.98,118.92,118.78,200.78504556
2019-01-04 17:00:00,117.95,118.99,118.78,118.48,351.54833479
2019-01-04 18:00:00,118.2,118.98,118.48,118.9,82.8419363
2019-01-04 19:00:00,117.91,118.66,118.33,118.65,186.11657628
2019-01-04 20:00:00,118.5,121.25,118.65,120.7,264.6072076
2019-01-04 21:00:00,120.5,122.97,120.5,122.64,299.73235285
2019-01-04 22:00:00,121.11,122.75,122.73,121.65,383.09877479
2019-01-04 23:00:00,121.35,123.0,121.6,123.0,198.33861965
2019-01-05 00:00:00,122.07,124.97,122.94,124.96,1133.41252513
2019-01-05 01:00:00,124.96,124.99,124.97,124.99,645.57573784
2019-01-05 02:00:00,124.98,124.99,124.99,124.99,283.9791434
2019-01-05 03:00:00,124.9,124.99,124.99,124.9,160.66135598
2019-01-05 04:00:00,124.36,124.99,124.95,124.36,148.0371636
2019-01-05 05:00:00,123.68,124.82,124.81,124.2,133.87729952
2019-01-05 06:00:00,123.0,124.49,124.2,123.48,175.10238611
2019-01-05 07:00:00,122.25,123.92,123.5,123.0,23.82216898
2019-01-05 08:00:00,122.33,124.18,123.0,123.83,21.61407957
2019-01-05 09:00:00,123.6,124.18,123.67,124.04,28.92374898
2019-01-05 10:00:00,123.0,124.15,124.03,123.01,123.37650143
2019-01-05 11:00:00,123.01,124.5,123.01,124.5,183.00740482
2019-01-05 12:00:00,124.3,124.6,124.5,124.6,333.30068909
2019-01-05 13:00:00,124.05,124.8,124.6,124.15,158.18992598
2019-01-05 14:00:00,123.92,124.62,124.62,124.35,203.65797474
2019-01-05 15:00:00,124.35,124.99,124.35,124.57,262.35045918
2019-01-05 16:00:00,123.52,124.99,124.59,124.58,222.08982858
2019-01-05 17:00:00,123.69,125.0,124.61,124.39,500.16211296
2019-01-05 18:00:00,123.9,124.98,124.04,124.98,187.74412411
2019-01-05 19:00:00,124.65,125.5,124.98,125.28,125.05249049
2019-01-05 20:00:00,125.02,125.5,125.5,125.48,87.99927079
2019-01-05 21:00:00,125.01,125.5,125.48,125.5,106.31288249
2019-01-05 22:00:00,120.6,125.5,125.5,123.9,990.74623311
2019-01-05 23:00:00,122.7,124.46,123.8,122.84,214.74171127
2019-01-06 00:00:00,122.51,123.19,122.84,123.19,59.50509069
2019-01-06 01:00:00,120.71,123.26,123.18,120.71,218.31551321
2019-01-06 02:00:00,120.0,121.89,120.71,120.64,137.4694326
2019-01-06 03:00:00,120.46,121.94,120.64,121.6,89.28211995
2019-01-06 04:00:00,120.6,121.63,121.41,120.65,30.99410297
2019-01-06 05:00:00,120.67,122.2,120.67,121.0,53.41238171
2019-01-06 06:00:00,120.63,120.93,120.93,120.72,5.7881249
2019-01-06 07:00:00,119.7,120.72,120.72,119.7,108.10160044
2019-01-06 08:00:00,119.74,120.78,119.85,120.18,66.88160106
2019-01-06 09:00:00,120.14,121.21,120.14,120.3,317.47594215
2019-01-06 10:00:00,120.29,121.51,120.3,121.03,295.75681428
2019-01-06 11:00:00,121.17,122.32,121.43,121.61,84.89041627
2019-01-06 12:00:00,120.6,122.07,121.52,120.65,503.10843708
2019-01-06 13:00:00,120.52,121.25,120.61,120.93,148.87659686
2019-01-06 14:00:00,120.68,121.75,120.93,121.15,174.11275286
2019-01-06 15:00:00,120.89,121.75,121.15,121.05,165.82516119
2019-01-06 16:00:00,120.75,121.56,121.06,121.47,69.87697592
2019-01-06 17:00:00,121.48,126.33,121.48,124.6,1460.47113212
2019-01-06 18:00:00,124.6,125.49,124.6,124.96,195.80326395
2019-01-06 19:00:00,124.26,124.98,124.96,124.26,53.78478093
2019-01-06 20:00:00,123.4,124.83,124.26,123.4,194.97006262
2019-01-06 21:00:00,123.4,123.86,123.4,123.7,59.90939367
2019-01-06 22:00:00,123.11,124.5,123.8,123.11,101.4418027
2019-01-06 23:00:00,123.11,124.3,123.11,124.0,186.40269543
2019-01-07 00:00:00,124.0,124.76,124.19,124.1,48.11105588
2019-01-07 01:00:00,122.16,124.18,124.09,123.05,154.52391036
2019-01-07 02:00:00,122.36,123.31,123.05,122.52,27.55734951
2019-01-07 03:00:00,122.63,123.24,122.72,123.06,10.13030552
2019-01-07 04:00:00,123.0,124.36,123.07,123.0,61.28903786
2019-01-07 05:00:00,122.37,123.34,123.0,123.26,100.28303335
2019-01-07 06:00:00,122.9,123.58,122.9,123.13,48.90304248
2019-01-07 07:00:00,122.9,123.61,123.47,123.3,27.30832758
2019-01-07 08:00:00,122.9,123.6,123.3,123.39,74.57681872
2019-01-07 09:00:00,119.25,123.37,122.99,119.95,1073.25825116
2019-01-07 10:00:00,119.87,121.19,119.87,121.1,131.0345886
2019-01-07 11:00:00,120.21,121.9,121.07,121.81,216.00668672
2019-01-07 12:00:00,120.81,122.2,121.81,120.98,128.26283649
2019-01-07 13:00:00,120.6,121.05,120.81,120.91,123.05547872
2019-01-07 14:00:00,120.9,121.83,120.9,121.53,108.45970019
2019-01-07 15:00:00,120.9,121.31,121.23,120.9,153.02173437
2019-01-07 16:00:00,120.03,121.34,120.9,120.85,265.93860814
2019-01-07 17:00:00,120.06,120.86,120.86,120.52,318.71931616
2019-01-07 18:00:00,120.44,121.0,120.44,120.52,83.99636212
2019-01-07 19:00:00,120.47,120.81,120.77,120.52,103.83575314
2019-01-07 20:00:00,120.13,120.6,120.6,120.14,162.17723966
2019-01-07 21:00:00,120.06,120.6,120.49,120.06,254.36770573
2019-01-07 22:00:00,119.01,120.07,120.06,119.02,2149.72827305
2019-01-07 23:00:00,119.01,119.55,119.11,119.55,254.02678451
2019-01-08 00:00:00,119.54,120.33,119.54,120.26,82.54656961
2019-01-08 01:00:00,120.0,120.36,120.01,120.0,114.86599235
2019-01-08 02:00:00,116.51,123.21,119.8,117.02,1965.22818731
2019-01-08 03:00:00,117.0,119.27,117.01,117.66,12.34211409
2019-01-08 04:00:00,117.0,117.93,117.65,117.93,13.79133883
2019-01-08 05:00:00,116.01,117.77,117.07,116.2,94.00641094
2019-01-08 06:00:00,116.17,116.87,116.2,116.87,112.57451228
2019-01-08 07:00:00,116.79,117.78,116.86,117.57,124.84891776
2019-01-08 08:00:00,116.66,118.01,116.86,116.66,844.85950528
2019-01-08 09:00:00,116.3,117.98,116.66,117.8,601.24513492
2019-01-08 10:00:00,117.16,117.82,117.22,117.82,119.47367871
2019-01-08 11:00:00,117.32,119.11,117.8,118.74,306.27287009
2019-01-08 12:00:00,118.36,119.95,118.74,119.12,294.97731897
2019-01-08 13:00:00,118.82,120.87,119.49,120.82,343.21029692
2019-01-08 14:00:00,119.57,120.89,120.31,120.19,155.09121702
2019-01-08 15:00:00,119.61,121.48,120.18,119.76,115.82769526
2019-01-08 16:00:00,118.0,119.76,119.76,118.01,289.16122352
2019-01-08 17:00:00,117.87,119.31,119.0,118.38,125.54294164
2019-01-08 18:00:00,118.01,118.87,118.01,118.71,180.06417053
2019-01-08 19:00:00,118.51,119.13,118.71,118.88,94.24096254
2019-01-08 20:00:00,118.68,119.38,118.9,118.84,167.77720675
2019-01-08 21:00:00,118.75,119.26,118.79,118.8,133.21485453
2019-01-08 22:00:00,118.29,119.14,118.9,118.34,233.20583265
2019-01-08 23:00:00,118.15,119.04,118.73,118.26,143.91849907
2019-01-09 00:00:00,118.16,118.8,118.39,118.31,67.49685992
2019-01-09 01:00:00,118.15,120.81,118.44,119.82,306.96685564
2019-01-09 02:00:00,119.7,120.14,119.81,120.14,18.31124477
2019-01-09 03:00:00,119.77,120.6,120.14,119.77,201.59898163
2019-01-09 04:00:00,119.99,120.17,120.17,119.99,1.13035077
2019-01-09 05:00:00,119.19,119.9,119.9,119.51,35.78368878
2019-01-09 06:00:00,118.8,119.86,119.68,119.13,155.25826378
2019-01-09 07:00:00,119.13,119.93,119.56,119.35,24.45396654
2019-01-09 08:00:00,118.22,119.69,119.34,118.96,306.21608946
2019-01-09 09:00:00,118.21,119.18,118.94,119.05,136.43465858
2019-01-09 10:00:00,118.57,119.45,119.03,119.34,82.37102824
2019-01-09 11:00:00,118.92,119.64,119.34,119.28,105.18335109
2019-01-09 12:00:00,118.11,119.28,119.28,118.84,135.67681244
2019-01-09 13:00:00,118.14,118.78,118.54,118.3,89.75633756
2019-01-09 14:00:00,117.4,118.53,118.31,117.41,187.00461917
2019-01-09 15:00:00,117.05,118.22,117.41,117.75,215.51184887
2019-01-09 16:00:00,117.81,118.46,118.12,118.08,132.02873186
2019-01-09 17:00:00,117.64,118.46,118.08,118.07,49.24182311
2019-01-09 18:00:00,117.45,118.09,118.08,118.0,49.42679417
2019-01-09 19:00:00,117.81,118.05,118.0,117.84,85.4286954
2019-01-09 20:00:00,117.5,118.0,117.95,117.52,150.17979529
2019-01-09 21:00:00,117.02,118.76,117.2,117.58,193.24378465
2019-01-09 22:00:00,117.45,118.35,117.58,118.34,168.30900033
2019-01-09 23:00:00,117.34,118.53,118.3,117.67,300.14368164
2019-01-10 00:00:00,117.19,118.3,117.69,118.3,136.68172439
2019-01-10 01:00:00,117.81,118.79,118.23,118.5,75.06332266
2019-01-10 02:00:00,117.8,118.55,118.1,118.42,95.9093894
2019-01-10 03:00:00,117.55,118.47,118.07,117.86,47.77842304
2019-01-10 04:00:00,117.59,118.13,117.71,117.73,28.86968717
2019-01-10 05:00:00,117.45,118.21,117.92,117.65,81.61135488
2019-01-10 06:00:00,105.84,117.25,117.11,107.6,1243.78450319
2019-01-10 07:00:00,106.18,108.34,106.27,107.35,582.88817793
2019-01-10 08:00:00,106.0,108.03,107.8,106.45,337.49923524
2019-01-10 09:00:00,101.2,106.0,106.0,102.56,564.45423583
2019-01-10 10:00:00,101.32,104.66,102.58,104.05,578.03265534
2019-01-10 11:00:00,103.18,105.39,104.01,105.39,346.54545662
2019-01-10 12:00:00,104.7,105.94,105.55,104.71,753.97076926
2019-01-10 13:00:00,104.0,105.0,104.71,104.68,311.37119743
2019-01-10 14:00:00,104.0,105.54,104.68,104.6,572.45144428
2019-01-10 15:00:00,104.18,104.86,104.68,104.27,179.88100873
2019-01-10 16:00:00,98.45,104.26,104.26,99.65,1112.0473816
2019-01-10 17:00:00,99.0,100.28,99.65,99.84,458.02796557
2019-01-10 18:00:00,99.27,99.9,99.85,99.62,285.92337826
2019-01-10 19:00:00,96.94,101.23,99.62,100.98,862.14517058
2019-01-10 20:00:00,100.86,102.64,100.98,101.61,617.16828875
2019-01-10 21:00:00,101.36,101.87,101.71,101.38,406.34917936
2019-01-10 22:00:00,100.01,101.95,101.5,101.25,591.75738259
2019-01-10 23:00:00,100.63,101.79,101.27,100.92,215.7278763
2019-01-11 00:00:00,99.04,102.12,100.91,101.99,155.14066471
2019-01-11 01:00:00,100.72,102.33,101.99,101.44,136.10965985
2019-01-11 02:00:00,100.97,101.64,101.44,100.97,62.55291899
2019-01-11 03:00:00,100.76,102.34,100.97,101.19,148.22861585
2019-01-11 04:00:00,100.01,101.22,101.21,100.34,14.82376292
2019-01-11 05:00:00,100.41,100.77,100.51,100.69,44.98165261
2019-01-11 06:00:00,100.69,101.39,100.7,101.13,54.56539997
2019-01-11 07:00:00,101.24,101.99,101.44,101.33,143.71123019
2019-01-11 08:00:00,101.32,102.41,101.33,101.74,146.13436558
2019-01-11 09:00:00,99.49,101.58,101.39,99.49,138.33922214
2019-01-11 10:00:00,96.55,100.05,99.6,97.57,484.12667953
2019-01-11 11:00:00,96.49,99.44,97.57,98.1,445.1298567
2019-01-11 12:00:00,96.91,98.09,98.09,97.16,183.47150513
2019-01-11 13:00:00,96.16,97.89,97.47,96.16,279.11266217
2019-01-11 14:00:00,96.61,99.67,96.61,99.29,199.4228807
2019-01-11 15:00:00,98.82,101.06,99.28,98.99,525.67750232
2019-01-11 16:00:00,98.81,100.13,98.99,99.51,283.59961233
2019-01-11 17:00:00,99.51,100.62,99.63,100.02,127.01249961
2019-01-11 18:00:00,99.51,100.02,100.02,99.64,227.017812
2019-01-11 19:00:00,99.45,99.91,99.61,99.45,156.69654444
2019-01-11 20:00:00,98.19,99.41,99.29,98.44,122.24123225
2019-01-11 21:00:00,98.52,99.83,98.74,99.58,48.34445778
2019-01-11 22:00:00,98.27,99.99,99.36,98.28,206.15462068
2019-01-11 23:00:00,98.0,99.97,98.34,99.3,168.32426782
2019-01-12 00:00:00,99.17,100.1,99.62,99.25,92.96719502
2019-01-12 01:00:00,98.59,100.22,99.59,99.5,83.90042366
2019-01-12 02:00:00,98.55,99.85,99.07,99.41,37.92366363
2019-01-12 03:00:00,99.98,99.98,99.98,99.98,1.77258436
2019-01-12 04:00:00,99.74,100.0,100.0,99.75,6.7898416
2019-01-12 05:00:00,99.75,99.87,99.75,99.75,6.07182595
2019-01-12 06:00:00,99.01,99.87,99.87,99.01,24.45082268
2019-01-12 07:00:00,99.12,99.55,99.12,99.41,2.58988575
2019-01-12 08:00:00,98.43,99.99,99.75,98.6,86.57282625
2019-01-12 09:00:00,98.46,99.49,99.33,99.01,93.61756908
2019-01-12 10:00:00,99.03,100.11,99.14,100.11,115.0187255
2019-01-12 11:00:00,99.22,100.84,100.1,99.68,156.81845809
2019-01-12 12:00:00,99.0,100.7,99.65,100.17,458.12265937
2019-01-12 13:00:00,99.5,100.36,100.17,100.16,75.04488862
2019-01-12 14:00:00,100.0,100.37,100.01,100.36,121.38507048
2019-01-12 15:00:00,99.51,100.4,100.33,99.65,116.44499541
2019-01-12 16:00:00,99.28,100.28,99.77,99.29,163.56266933
2019-01-12 17:00:00,99.2,100.09,99.94,99.92,125.85586813
2019-01-12 18:00:00,99.23,99.98,99.77,99.67,78.38490649
2019-01-12 19:00:00,99.35,99.73,99.51,99.56,32.17781279
2019-01-12 20:00:00,99.3,99.69,99.55,99.32,188.98083911
2019-01-12 21:00:00,99.12,99.69,99.32,99.17,107.55924619
2019-01-12 22:00:00,99.1,100.25,99.38,99.48,158.80025009
2019-01-12 23:00:00,99.11,100.25,99.42,99.6,63.74574362
2019-01-13 00:00:00,99.12,100.25,99.28,99.59,129.8411648
2019-01-13 01:00:00,99.11,99.6,99.6,99.31,40.73374231
2019-01-13 02:00:00,99.2,100.25,99.31,99.56,93.07803487
2019-01-13 03:00:00,99.02,99.5,99.27,99.5,63.27599738
2019-01-13 04:00:00,98.99,99.46,99.12,99.0,36.32544008
2019-01-13 05:00:00,98.9,98.94,98.9,98.94,2.06794271
2019-01-13 06:00:00,98.9,98.91,98.9,98.9,12.74774639
2019-01-13 07:00:00,98.9,99.0,98.91,98.9,7.03591271
2019-01-13 08:00:00,98.71,99.01,98.9,98.96,52.85340674
2019-01-13 09:00:00,98.7,98.91,98.82,98.86,73.11075543
2019-01-13 10:00:00,98.7,98.9,98.7,98.9,24.5905808
2019-01-13 11:00:00,98.6,98.95,98.9,98.64,99.46571647
2019-01-13 12:00:00,98.32,100.26,98.6,99.35,504.60541903
2019-01-13 13:00:00,99.2,99.99,99.54,99.7,129.89769827
2019-01-13 14:00:00,98.51,99.82,99.36,98.56,241.26670986
2019-01-13 15:00:00,98.15,99.05,98.54,98.5,93.31286792
2019-01-13 16:00:00,91.29,98.4,98.4,91.44,1395.33550132
2019-01-13 17:00:00,90.22,91.99,91.3,91.65,1033.66700824
2019-01-13 18:00:00,90.52,91.84,91.65,90.64,273.50504899
2019-01-13 19:00:00,90.01,90.68,90.49,90.18,192.02513114
2019-01-13 20:00:00,90.02,90.96,90.17,90.93,408.98043935
2019-01-13 21:00:00,90.58,91.74,90.58,91.64,258.50638108
2019-01-13 22:00:00,91.31,91.98,91.64,91.52,303.71492567
2019-01-13 23:00:00,90.86,91.57,91.54,91.55,87.97225777
2019-01-14 00:00:00,91.16,91.68,91.17,91.5,59.8699639
2019-01-14 01:00:00,91.4,92.95,91.5,92.68,55.33983434
2019-01-14 02:00:00,92.29,92.82,92.58,92.3,46.33328964
2019-01-14 03:00:00,92.03,92.35,92.3,92.35,23.98960066
2019-01-14 04:00:00,92.35,92.85,92.35,92.56,48.6509864
2019-01-14 05:00:00,92.56,92.99,92.71,92.61,28.74375908
2019-01-14 06:00:00,92.55,92.86,92.69,92.56,50.33792845
2019-01-14 07:00:00,93.01,94.49,93.24,93.01,409.42265363
2019-01-14 08:00:00,92.56,93.01,93.01,92.58,79.92576434
2019-01-14 09:00:00,92.0,92.62,92.58,92.01,108.96002711
2019-01-14 10:00:00,91.5,93.49,92.01,92.27,176.03854868
2019-01-14 11:00:00,91.78,92.51,92.24,91.91,143.25101524
2019-01-14 12:00:00,91.51,92.75,91.91,92.25,173.25874942
2019-01-14 13:00:00,91.85,92.66,91.85,92.44,78.91993782
2019-01-14 14:00:00,91.59,92.31,92.17,92.09,144.5589212
2019-01-14 15:00:00,91.67,101.01,92.1,101.01,727.77729637
2019-01-14 16:00:00,100.0,102.34,101.06,100.7,509.73255153
2019-01-14 17:00:00,100.69,101.81,100.7,101.79,277.24976767
2019-01-14 18:00:00,101.28,103.0,101.78,102.03,221.36725285
2019-01-14 19:00:00,101.7,103.0,102.33,101.7,332.00318991
2019-01-14 20:00:00,100.69,101.8,101.71,100.7,318.97936438
2019-01-14 21:00:00,99.37,100.7,100.7,100.61,263.33744099
2019-01-14 22:00:00,100.53,102.28,100.61,101.1,327.08837622
2019-01-14 23:00:00,100.34,101.51,101.18,101.24,201.05774006
2019-01-15 00:00:00,101.02,102.15,101.07,101.75,210.85983137
2019-01-15 01:00:00,100.87,101.92,101.75,101.42,36.49319427
2019-01-15 02:00:00,100.24,101.43,101.43,100.69,20.59033201
2019-01-15 03:00:00,100.25,100.69,100.69,100.29,3.20051826
2019-01-15 04:00:00,99.86,100.67,100.66,100.67,33.98375271
2019-01-15 05:00:00,100.07,101.0,100.69,100.07,27.67304328
2019-01-15 06:00:00,100.42,101.86,100.46,100.97,92.58974507
2019-01-15 07:00:00,100.6,101.09,100.61,101.02,116.7555882
2019-01-15 08:00:00,101.01,101.45,101.02,101.14,72.65020777
2019-01-15 09:00:00,98.07,101.47,101.46,98.73,606.2641937
2019-01-15 10:00:00,98.61,99.99,98.61,99.13,302.63189891
2019-01-15 11:00:00,99.05,100.5,99.36,99.44,374.64314578
2019-01-15 12:00:00,99.13,100.4,99.13,99.36,124.31870025
2019-01-15 13:00:00,99.29,101.5,99.31,101.49,162.55121583
2019-01-15 14:00:00,100.48,101.52,101.19,101.49,205.79093151
2019-01-15 15:00:00,98.87,102.0,101.03,99.34,572.99200175
2019-01-15 16:00:00,99.01,100.58,99.01,99.65,107.23489148
2019-01-15 17:00:00,99.17,100.61,99.64,100.55,104.63817472
2019-01-15 18:00:00,99.58,100.72,100.54,100.33,74.18801454
2019-01-15 19:00:00,98.52,100.33,100.33,99.16,415.58623348
2019-01-15 20:00:00,92.0,99.24,98.66,93.24,460.93907243
2019-01-15 21:00:00,92.34,93.78,93.05,92.86,306.64772174
2019-01-15 22:00:00,92.7,94.58,92.91,93.41,219.750827
2019-01-15 23:00:00,93.41,95.18,93.41,94.55,229.63761341
2019-01-16 00:00:00,93.99,94.5,94.11,94.22,108.81703161
2019-01-16 01:00:00,94.24,94.99,94.32,94.58,47.94054544
2019-01-16 02:00:00,94.01,95.0,94.58,94.14,79.97006986
2019-01-16 03:00:00,94.14,94.89,94.14,94.29,44.27746234
2019-01-16 04:00:00,94.44,94.89,94.88,94.44,10.94539386
2019-01-16 05:00:00,94.31,95.34,94.44,95.0,56.85375575
2019-01-16 06:00:00,93.81,95.13,94.71,94.03,116.38189615
2019-01-16 07:00:00,94.31,94.72,94.31,94.5,50.01630613
2019-01-16 08:00:00,94.0,97.83,94.49,96.32,171.00544388
2019-01-16 09:00:00,95.4,96.42,95.99,95.8,294.18050177
2019-01-16 10:00:00,95.58,96.32,95.74,96.17,323.14650763
2019-01-16 11:00:00,95.61,96.44,95.62,96.29,68.22109288
2019-01-16 12:00:00,96.27,99.65,96.27,98.24,501.61432859
2019-01-16 13:00:00,94.7,98.42,98.11,95.3,310.97486977
2019-01-16 14:00:00,95.25,96.69,95.62,96.23,106.31302317
2019-01-16 15:00:00,94.73,96.23,96.23,95.77,154.81555999
2019-01-16 16:00:00,94.0,96.0,95.1,94.99,132.75114403
2019-01-16 17:00:00,94.86,95.78,95.0,95.46,497.42774355
2019-01-16 18:00:00,94.99,97.19,95.78,95.03,174.77862653
2019-01-16 19:00:00,94.7,96.18,95.17,94.99,205.7431846
2019-01-16 20:00:00,94.81,95.72,95.54,95.11,103.36346138
2019-01-16 21:00:00,94.9,95.91,95.17,95.28,121.07299815
2019-01-16 22:00:00,95.53,96.17,95.94,95.96,149.36580017
2019-01-16 23:00:00,95.1,96.5,95.98,95.13,217.80341706
2019-01-17 00:00:00,94.86,95.62,95.13,95.2,34.09336545
2019-01-17 01:00:00,94.8,95.62,94.82,95.56,79.46280103
2019-01-17 02:00:00,93.5,95.69,95.39,93.5,224.04915989
2019-01-17 03:00:00,93.34,94.19,93.34,93.64,57.00337072
2019-01-17 04:00:00,93.81,94.82,94.1,93.98,5.32393761
2019-01-17 05:00:00,93.72,94.63,94.03,93.92,25.6350071
2019-01-17 06:00:00,93.82,94.91,93.82,94.09,220.1219097
2019-01-17 07:00:00,93.74,94.58,94.22,94.25,124.23990281
2019-01-17 08:00:00,94.0,94.65,94.16,94.24,22.763738
2019-01-17 09:00:00,94.18,94.84,94.26,94.19,261.47656923
2019-01-17 10:00:00,91.5,94.68,94.19,94.22,548.47518566
2019-01-17 11:00:00,93.68,94.22,94.08,93.75,355.50019377
2019-01-17 12:00:00,92.99,93.91,93.88,93.41,230.93600638
2019-01-17 13:00:00,93.0,93.76,93.37,93.0,219.18234842
2019-01-17 14:00:00,92.39,93.66,93.25,93.21,183.29351425
2019-01-17 15:00:00,93.0,94.47,93.21,94.04,168.75783782
2019-01-17 16:00:00,93.54,95.77,93.99,93.54,91.68324365
2019-01-17 17:00:00,93.12,93.94,93.23,93.9,148.47904847
2019-01-17 18:00:00,93.71,94.8,94.21,94.22,54.56625834
2019-01-17 19:00:00,94.07,94.97,94.22,94.4,265.31153643
2019-01-17 20:00:00,94.0,94.61,94.45,94.11,150.00109595
2019-01-17 21:00:00,94.1,94.79,94.11,94.1,61.48332342
2019-01-17 22:00:00,93.66,94.7,94.12,94.66,85.96622147
2019-01-17 23:00:00,94.46,95.05,94.72,95.05,52.41188791
2019-01-18 00:00:00,94.1,95.01,94.72,94.42,58.95321125
2019-01-18 01:00:00,94.04,94.63,94.26,94.28,92.85156061
2019-01-18 02:00:00,94.09,94.62,94.31,94.54,6.6805299
2019-01-18 03:00:00,94.25,94.57,94.52,94.42,55.90098508
2019-01-18 04:00:00,93.65,94.72,94.43,93.7,100.90620053
2019-01-18 05:00:00,93.52,94.09,93.72,94.09,22.88604263
2019-01-18 06:00:00,93.62,94.82,93.89,94.29,71.98909192
2019-01-18 07:00:00,94.0,94.84,94.29,94.81,179.08936541
2019-01-18 08:00:00,94.36,94.99,94.8,94.58,69.29359625
2019-01-18 09:00:00,94.44,95.17,94.74,94.52,121.93276823
2019-01-18 10:00:00,93.22,94.96,94.75,93.22,336.35294943
2019-01-18 11:00:00,93.31,93.85,93.31,93.62,202.05247355
2019-01-18 12:00:00,92.27,93.69,93.69,93.26,178.82879211
2019-01-18 13:00:00,93.15,93.61,93.15,93.4,28.55782681
2019-01-18 14:00:00,93.14,93.62,93.41,93.2,82.72182059
2019-01-18 15:00:00,93.31,94.59,93.31,94.32,88.31168578
2019-01-18 16:00:00,93.5,94.28,94.14,93.79,189.01697263
2019-01-18 17:00:00,92.23,93.76,93.76,92.66,132.88010864
2019-01-18 18:00:00,92.44,93.63,92.66,93.38,204.76295149
2019-01-18 19:00:00,92.34,93.4,92.73,92.94,126.44487226
2019-01-18 20:00:00,92.97,93.5,93.42,93.07,89.03859354
2019-01-18 21:00:00,92.93,93.5,93.07,93.49,107.95011043
2019-01-18 22:00:00,92.5,93.5,93.49,93.43,211.39790422
2019-01-18 23:00:00,92.91,93.5,93.43,93.48,61.2470048
2019-01-19 00:00:00,93.42,94.72,93.49,93.97,105.73636303
2019-01-19 01:00:00,93.47,94.4,93.87,94.4,27.73481238
2019-01-19 02:00:00,93.95,94.69,93.95,94.53,5.27905503
2019-01-19 03:00:00,94.18,94.51,94.51,94.46,31.15713332
2019-01-19 04:00:00,93.63,94.51,94.45,94.5,18.28824376
2019-01-19 05:00:00,94.5,94.52,94.5,94.52,3.89616162
2019-01-19 06:00:00,93.46,94.48,94.48,93.46,19.22955665
2019-01-19 07:00:00,93.54,94.48,93.55,94.13,27.24713449
2019-01-19 08:00:00,94.45,94.5,94.49,94.5,24.67650343
2019-01-19 09:00:00,93.72,94.98,94.5,94.25,66.46305875
2019-01-19 10:00:00,94.96,99.1,94.96,97.46,1118.65162602
2019-01-19 11:00:00,96.79,97.99,97.47,96.81,136.35071197
2019-01-19 12:00:00,96.71,97.65,97.12,97.3,91.69005558
2019-01-19 13:00:00,96.19,97.14,96.95,96.95,277.43537405
2019-01-19 14:00:00,96.58,97.09,96.95,96.94,41.556749
2019-01-19 15:00:00,96.43,97.33,96.92,97.01,100.60975754
2019-01-19 16:00:00,96.42,97.3,97.19,96.75,374.38402916
2019-01-19 17:00:00,96.96,97.18,97.06,97.18,47.02550325
2019-01-19 18:00:00,95.11,97.34,97.08,96.53,115.93508895
2019-01-19 19:00:00,96.24,97.35,96.24,97.35,51.25062235
2019-01-19 20:00:00,96.82,97.66,97.35,97.52,131.78110754
2019-01-19 21:00:00,96.0,97.58,97.13,96.35,218.92390052
2019-01-19 22:00:00,96.35,97.0,96.35,96.52,43.6587153
2019-01-19 23:00:00,96.34,96.53,96.5,96.5,44.06516569
2019-01-20 00:00:00,96.02,96.53,96.5,96.03,22.82927857
2019-01-20 01:00:00,96.03,96.53,96.51,96.53,17.3714204
2019-01-20 02:00:00,96.02,96.52,96.46,96.52,12.14056468
2019-01-20 03:00:00,96.52,96.53,96.52,96.53,3.64405811
2019-01-20 04:00:00,96.06,96.53,96.53,96.09,4.71541732
2019-01-20 05:00:00,96.02,96.09,96.09,96.02,7.78923282
2019-01-20 06:00:00,94.78,96.32,96.09,94.79,140.69074956
2019-01-20 07:00:00,95.01,95.87,95.7,95.87,7.31480124
2019-01-20 08:00:00,95.36,96.19,95.82,96.19,21.50903851
2019-01-20 09:00:00,95.43,96.26,96.19,95.48,35.30044931
2019-01-20 10:00:00,95.38,96.04,95.89,96.03,127.23011768
2019-01-20 11:00:00,92.74,95.96,95.95,93.6,159.45882663
2019-01-20 12:00:00,90.84,93.61,93.06,92.0,311.71075938
2019-01-20 13:00:00,91.77,92.87,92.01,92.87,289.84490405
2019-01-20 14:00:00,92.17,92.85,92.79,92.51,108.97576417
2019-01-20 15:00:00,91.77,92.87,92.51,91.78,198.36693418
2019-01-20 16:00:00,91.07,92.48,91.82,91.81,212.43767104
2019-01-20 17:00:00,91.81,92.48,91.81,92.22,79.43141975
2019-01-20 18:00:00,91.78,92.22,92.21,92.09,215.68085047
2019-01-20 19:00:00,91.89,92.32,91.9,92.22,98.86537903
2019-01-20 20:00:00,92.19,92.88,92.2,92.88,97.05161578
2019-01-20 21:00:00,92.41,93.18,92.87,93.02,163.90937983
2019-01-20 22:00:00,92.3,93.24,93.01,92.35,167.40403472
2019-01-20 23:00:00,91.92,92.42,92.3,91.92,194.66286118
2019-01-21 00:00:00,91.94,92.14,92.06,91.97,38.96590125
2019-01-21 01:00:00,91.79,92.0,91.96,91.8,64.07970753
2019-01-21 02:00:00,91.78,92.02,91.8,92.0,45.21581563
2019-01-21 03:00:00,91.16,91.79,91.79,91.24,34.25723722
2019-01-21 04:00:00,89.35,91.39,91.35,89.69,312.42152116
2019-01-21 05:00:00,89.69,90.11,89.69,89.99,22.49464212
2019-01-21 06:00:00,90.0,90.99,90.0,90.62,89.03437262
2019-01-21 07:00:00,89.94,90.68,90.55,90.43,152.39134842
2019-01-21 08:00:00,90.4,90.6,90.6,90.4,36.82383119
2019-01-21 09:00:00,90.41,91.99,90.41,91.33,127.72343681
2019-01-21 10:00:00,90.91,91.55,91.5,91.33,235.22967159
2019-01-21 11:00:00,91.32,91.99,91.34,91.99,72.18025719
2019-01-21 12:00:00,91.02,91.99,91.99,91.02,132.2410776
2019-01-21 13:00:00,91.02,92.0,91.17,91.17,290.04551604
2019-01-21 14:00:00,90.28,91.5,91.16,91.03,124.72862885
2019-01-21 15:00:00,90.6,91.2,91.04,90.76,105.36053274
2019-01-21 16:00:00,90.69,91.77,90.76,91.39,126.87353545
2019-01-21 17:00:00,90.71,91.76,91.03,90.93,272.35749068
2019-01-21 18:00:00,90.48,91.76,90.9,90.79,242.08133164
2019-01-21 19:00:00,90.76,91.65,91.04,91.29,143.3829959
2019-01-21 20:00:00,90.63,91.6,90.8,90.63,190.28908242
2019-01-21 21:00:00,89.69,91.39,90.86,90.05,352.78933952
2019-01-21 22:00:00,89.43,90.33,90.04,90.0,119.95178486
2019-01-21 23:00:00,90.02,90.55,90.17,90.27,82.46249513
2019-01-22 00:00:00,90.04,91.19,90.08,90.87,77.23410755
2019-01-22 01:00:00,90.64,91.1,90.98,91.0,19.57032901
2019-01-22 02:00:00,90.65,91.47,91.03,90.9,5.68747125
2019-01-22 03:00:00,90.28,90.98,90.98,90.74,60.69636339
2019-01-22 04:00:00,90.54,90.76,90.74,90.76,8.3530525
2019-01-22 05:00:00,90.38,90.78,90.76,90.78,11.17989775
2019-01-22 06:00:00,89.95,90.6,90.6,90.05,65.7963905
2019-01-22 07:00:00,89.75,90.4,90.4,90.23,87.25794166
2019-01-22 08:00:00,89.96,90.58,90.22,90.42,66.78546618
2019-01-22 09:00:00,89.93,90.42,90.42,89.98,117.03422696
2019-01-22 10:00:00,89.29,90.48,90.33,89.65,132.42908673
2019-01-22 11:00:00,86.16,89.85,89.66,89.06,567.80186459
2019-01-22 12:00:00,89.05,91.0,89.22,90.88,295.55646592
2019-01-22 13:00:00,90.15,90.94,90.68,90.72,120.50633647
2019-01-22 14:00:00,90.36,91.61,90.41,91.59,114.3789387
2019-01-22 15:00:00,91.03,91.9,91.6,91.39,118.92146764
2019-01-22 16:00:00,91.04,92.0,91.39,91.75,127.6335261
2019-01-22 17:00:00,91.36,91.8,91.74,91.8,81.62807304
2019-01-22 18:00:00,91.8,92.14,91.8,91.92,50.41955057
2019-01-22 19:00:00,91.79,92.4,92.02,91.87,131.33677599
2019-01-22 20:00:00,91.8,92.19,91.8,92.11,40.8059885
2019-01-22 21:00:00,90.51,92.11,92.11,91.25,407.47596528
2019-01-22 22:00:00,90.86,91.54,91.44,91.48,35.52796222
2019-01-22 23:00:00,91.35,91.63,91.47,91.54,59.28739737
2019-01-23 00:00:00,91.36,91.83,91.51,91.68,30.199015
2019-01-23 01:00:00,91.51,91.8,91.51,91.68,63.04539285
2019-01-23 02:00:00,91.51,91.88,91.64,91.88,122.76190821
2019-01-23 03:00:00,91.72,91.88,91.86,91.86,58.43137886
2019-01-23 04:00:00,91.55,91.92,91.85,91.9,67.89956302
2019-01-23 05:00:00,91.74,91.86,91.81,91.74,3.95483361
2019-01-23 06:00:00,91.41,92.18,91.71,91.83,83.45756311
2019-01-23 07:00:00,91.39,91.86,91.44,91.39,30.23347138
2019-01-23 08:00:00,91.19,91.54,91.46,91.21,74.96661881
2019-01-23 09:00:00,90.41,91.52,91.21,90.46,272.0424667
2019-01-23 10:00:00,90.24,91.16,90.66,90.5,172.57507708
2019-01-23 11:00:00,90.46,91.15,90.5,90.82,115.14828241
2019-01-23 12:00:00,90.59,91.07,90.97,90.97,78.54609394
2019-01-23 13:00:00,90.68,91.34,90.75,91.34,71.34196934
2019-01-23 14:00:00,89.86,91.36,91.21,90.32,216.8257499
2019-01-23 15:00:00,89.5,90.42,90.32,89.5,102.44947229
2019-01-23 16:00:00,89.12,90.18,89.48,89.93,184.94724398
2019-01-23 17:00:00,89.75,90.27,90.09,90.0,129.87661451
2019-01-23 18:00:00,89.81,90.32,90.0,90.05,138.56439009
2019-01-23 19:00:00,89.09,90.33,90.05,89.09,126.19891801
2019-01-23 20:00:00,88.51,89.64,89.0,88.51,160.75444823
2019-01-23 21:00:00,88.5,89.72,88.51,89.17,115.95566049
2019-01-23 22:00:00,89.14,89.98,89.17,89.77,166.41620494
2019-01-23 23:00:00,89.38,89.89,89.78,89.61,73.7854338
2019-01-24 00:00:00,89.36,89.91,89.76,89.36,75.04818303
2019-01-24 01:00:00,88.99,89.5,89.36,89.06,110.28882176
2019-01-24 02:00:00,88.5,89.11,89.08,88.72,18.37006512
2019-01-24 03:00:00,88.67,89.03,88.96,88.72,17.67209668
2019-01-24 04:00:00,88.76,88.87,88.77,88.87,5.85093695
2019-01-24 05:00:00,88.05,88.78,88.78,88.52,119.24796629
2019-01-24 06:00:00,88.38,89.0,88.38,88.94,12.46590518
2019-01-24 07:00:00,88.42,89.05,88.5,88.83,12.87719376
2019-01-24 08:00:00,88.6,89.38,88.78,88.94,139.3446378
2019-01-24 09:00:00,88.62,89.23,89.22,88.99,111.24187772
2019-01-24 10:00:00,88.44,89.48,89.0,88.66,203.28892925
2019-01-24 11:00:00,87.51,89.57,88.65,89.31,217.20712638
2019-01-24 12:00:00,88.71,89.5,89.4,89.16,88.47767992
2019-01-24 13:00:00,89.01,89.87,89.39,89.39,185.95230815
2019-01-24 14:00:00,89.02,89.8,89.34,89.02,138.6481537
2019-01-24 15:00:00,88.35,89.5,89.22,89.46,53.41031161
2019-01-24 16:00:00,88.86,89.62,89.46,89.45,63.96680591
2019-01-24 17:00:00,88.93,89.52,89.44,88.99,83.66914299
2019-01-24 18:00:00,88.35,89.49,89.01,88.35,889.2441286
2019-01-24 19:00:00,89.14,89.93,89.14,89.89,100.89353199
2019-01-24 20:00:00,89.15,90.26,89.7,89.49,161.66669789
2019-01-24 21:00:00,89.49,89.89,89.77,89.77,132.70421202
2019-01-24 22:00:00,89.02,90.24,89.77,89.52,115.63898804
2019-01-24 23:00:00,89.03,89.97,89.3,89.15,137.2193785
2019-01-25 00:00:00,89.01,89.73,89.15,89.26,51.19852314
2019-01-25 01:00:00,89.2,89.57,89.37,89.39,63.13814352
2019-01-25 02:00:00,89.11,89.66,89.29,89.33,94.0311882
2019-01-25 03:00:00,89.06,89.57,89.31,89.14,24.75318642
2019-01-25 04:00:00,89.21,89.56,89.21,89.56,28.50545577
2019-01-25 05:00:00,88.99,89.22,89.22,89.05,146.39861579
2019-01-25 06:00:00,88.66,89.14,89.1,89.07,70.05790735
2019-01-25 07:00:00,88.66,89.12,89.01,88.89,49.67973438
2019-01-25 08:00:00,88.51,89.02,88.88,88.51,176.29336179
2019-01-25 09:00:00,88.35,88.97,88.71,88.64,138.13225755
2019-01-25 10:00:00,88.35,88.94,88.65,88.65,122.98125346
2019-01-25 11:00:00,88.34,89.98,88.63,88.61,326.75902718
2019-01-25 12:00:00,88.1,89.49,88.54,89.49,432.30706714
2019-01-25 13:00:00,88.27,89.01,88.79,88.65,267.49363773
2019-01-25 14:00:00,88.16,88.57,88.37,88.49,190.85777494
2019-01-25 15:00:00,88.15,88.52,88.4,88.22,178.14730373
2019-01-25 16:00:00,87.67,88.32,88.18,87.9,199.53506897
2019-01-25 17:00:00,87.63,88.21,87.88,87.95,308.83828307
2019-01-25 18:00:00,87.31,88.04,87.89,87.66,221.56108779
2019-01-25 19:00:00,87.31,87.75,87.61,87.53,66.90386163
2019-01-25 20:00:00,87.52,87.6,87.52,87.58,71.76778767
2019-01-25 21:00:00,87.04,87.92,87.58,87.86,162.63190279
2019-01-25 22:00:00,87.75,88.15,87.97,87.92,99.22730593
2019-01-25 23:00:00,87.24,88.17,88.0,87.75,116.38807657
2019-01-26 00:00:00,87.62,88.1,87.62,87.96,45.81118887
2019-01-26 00:00:00,87.62,88.1,87.62,87.96,45.81118887
2019-01-26 01:00:00,87.6,88.0,87.82,87.8,24.66590492
2019-01-26 02:00:00,87.37,88.09,87.81,88.09,71.8354316
2019-01-26 03:00:00,87.68,88.11,88.11,87.68,80.01744352
2019-01-26 04:00:00,87.89,88.07,88.07,88.05,10.27728202
2019-01-26 05:00:00,87.88,88.11,88.08,88.1,19.74436177
2019-01-26 06:00:00,87.95,88.15,88.11,88.01,116.22079717
2019-01-26 07:00:00,88.01,89.15,88.01,89.15,109.04496378
2019-01-26 08:00:00,88.28,89.54,89.15,88.37,106.24816757
2019-01-26 09:00:00,88.36,89.11,88.36,88.82,50.65198744
2019-01-26 10:00:00,88.48,89.13,88.87,88.95,177.41921381
2019-01-26 11:00:00,88.01,88.96,88.72,88.36,242.81162119
2019-01-26 12:00:00,88.07,88.86,88.36,88.49,195.28456333
2019-01-26 13:00:00,88.06,88.83,88.47,88.46,254.18062674
2019-01-26 14:00:00,87.84,88.69,88.4,88.1,310.91632387
2019-01-26 15:00:00,87.51,88.33,88.1,87.78,297.0419384
2019-01-26 16:00:00,87.55,88.0,87.96,87.96,99.25604246
2019-01-26 17:00:00,87.79,88.38,87.96,88.0,154.40898226
2019-01-26 18:00:00,88.01,89.0,88.01,88.5,150.35991109
2019-01-26 19:00:00,88.05,88.93,88.5,88.64,161.05303505
2019-01-26 20:00:00,88.5,88.78,88.52,88.66,26.6074428
2019-01-26 21:00:00,88.32,88.71,88.42,88.51,80.30664856
2019-01-26 22:00:00,88.19,88.71,88.44,88.6,109.19385478
2019-01-26 23:00:00,88.39,88.63,88.5,88.55,51.10361327
2019-01-27 00:00:00,87.1,88.53,88.53,88.09,68.77520622
2019-01-27 01:00:00,87.9,88.17,88.09,87.91,28.76086303
2019-01-27 02:00:00,88.04,88.38,88.04,88.33,35.23827589
2019-01-27 03:00:00,87.47,88.29,88.14,87.75,157.7608484
2019-01-27 04:00:00,87.27,87.72,87.72,87.27,9.1466717
2019-01-27 05:00:00,87.19,87.55,87.2,87.49,4.03444205
2019-01-27 06:00:00,87.19,87.74,87.74,87.19,37.33809218
2019-01-27 07:00:00,87.21,87.94,87.21,87.52,159.93153775
2019-01-27 08:00:00,87.44,87.76,87.53,87.5,43.55702465
2019-01-27 09:00:00,87.11,87.62,87.62,87.11,111.8235309
2019-01-27 10:00:00,86.51,87.4,87.14,86.51,385.29454029
2019-01-27 11:00:00,86.18,87.63,86.72,86.71,162.95901779
2019-01-27 12:00:00,86.26,87.29,86.7,86.7,177.16805119
2019-01-27 13:00:00,86.02,87.29,86.68,86.1,277.1670824
2019-01-27 14:00:00,84.38,86.79,86.3,86.1,636.73226917
2019-01-27 15:00:00,86.06,86.89,86.06,86.4,89.99265464
2019-01-27 16:00:00,86.31,87.45,86.4,87.01,246.09797836
2019-01-27 17:00:00,86.44,87.46,87.12,87.32,215.89560015
2019-01-27 18:00:00,86.53,87.29,87.26,86.6,301.61563692
2019-01-27 19:00:00,86.57,87.07,86.81,86.77,161.40971832
2019-01-27 20:00:00,86.93,87.15,86.93,87.15,112.45332599
2019-01-27 21:00:00,86.71,87.24,87.15,86.71,278.70577034
2019-01-27 22:00:00,86.3,86.82,86.7,86.35,140.73030644
2019-01-27 23:00:00,85.45,86.35,86.34,85.45,283.23881447
2019-01-28 00:00:00,84.86,85.84,85.21,85.29,294.42791929
2019-01-28 01:00:00,83.87,85.34,85.11,83.9,312.14885402
2019-01-28 02:00:00,83.25,84.05,84.05,83.25,83.98990695
2019-01-28 03:00:00,81.77,83.41,83.24,81.81,82.34363375
2019-01-28 04:00:00,81.64,82.33,81.99,81.64,52.46208781
2019-01-28 05:00:00,80.68,82.19,81.63,80.68,234.06584291
2019-01-28 06:00:00,79.7,81.64,80.68,81.32,927.8267213
2019-01-28 07:00:00,81.17,81.89,81.36,81.2,189.93871221
2019-01-28 08:00:00,80.03,81.33,81.29,80.45,381.44721483
2019-01-28 09:00:00,80.32,81.28,80.33,80.93,181.50871323
2019-01-28 10:00:00,80.37,80.93,80.93,80.48,248.84188655
2019-01-28 11:00:00,78.52,80.58,80.49,78.95,342.39417822
2019-01-28 12:00:00,78.61,80.22,78.95,78.87,477.96546031
2019-01-28 13:00:00,78.69,80.17,79.08,79.46,204.46441127
2019-01-28 14:00:00,78.67,79.49,79.46,79.11,411.19991821
2019-01-28 15:00:00,77.0,79.44,78.76,78.96,728.96826188
2019-01-28 16:00:00,78.0,79.22,78.96,78.5,479.85936971
2019-01-28 17:00:00,78.5,79.26,78.62,78.73,180.69553302
2019-01-28 18:00:00,78.71,79.57,78.71,79.19,499.48149868
2019-01-28 19:00:00,78.74,79.47,79.43,79.36,182.33236571
2019-01-28 20:00:00,79.0,79.8,79.36,79.36,412.65349354
2019-01-28 21:00:00,79.18,79.95,79.45,79.21,128.19130854
2019-01-28 22:00:00,79.21,80.5,79.28,80.21,168.62653899
2019-01-28 23:00:00,80.39,81.66,80.39,80.61,156.45797472
2019-01-29 00:00:00,80.35,80.99,80.61,80.35,76.27748739
2019-01-29 01:00:00,79.71,80.37,80.37,79.97,68.94135436
2019-01-29 02:00:00,79.91,79.97,79.91,79.96,3.35243888
2019-01-29 03:00:00,79.55,79.96,79.96,79.55,22.28622055
2019-01-29 04:00:00,79.55,79.83,79.55,79.62,10.85960247
2019-01-29 05:00:00,78.07,79.31,79.31,78.92,59.10472335
2019-01-29 06:00:00,78.09,79.07,78.71,78.62,11.42310685
2019-01-29 07:00:00,78.26,79.1,78.97,78.54,157.04317035
2019-01-29 08:00:00,78.6,79.72,78.95,79.13,90.39834434
2019-01-29 09:00:00,78.88,79.95,79.11,79.39,215.59921825
2019-01-29 10:00:00,79.17,79.58,79.39,79.41,281.40810906
2019-01-29 11:00:00,79.0,79.68,79.41,79.0,211.11065322
2019-01-29 12:00:00,78.94,79.68,79.2,79.27,323.86742014
2019-01-29 13:00:00,79.2,80.25,79.37,79.81,234.3388223
2019-01-29 14:00:00,79.49,80.16,79.81,79.96,116.78653839
2019-01-29 15:00:00,79.38,80.24,80.23,80.1,397.31664142
2019-01-29 16:00:00,80.09,80.92,80.1,80.13,232.00428086
2019-01-29 17:00:00,79.71,80.3,80.17,79.98,190.41492945
2019-01-29 18:00:00,79.7,80.26,79.94,80.0,246.3509161
2019-01-29 19:00:00,79.85,80.33,79.85,80.27,101.398706
2019-01-29 20:00:00,80.22,81.0,80.27,80.54,201.637289
2019-01-29 21:00:00,80.25,80.82,80.43,80.48,111.21682414
2019-01-29 22:00:00,79.92,80.61,80.48,80.61,506.81714481
2019-01-29 23:00:00,80.0,80.49,80.03,80.0,127.51961015
2019-01-30 00:00:00,79.4,80.16,79.9,79.77,83.14541059
2019-01-30 01:00:00,79.43,79.83,79.77,79.54,44.51847266
2019-01-30 02:00:00,79.37,79.97,79.37,79.97,4.35751688
2019-01-30 03:00:00,79.97,80.36,79.97,80.36,14.07119759
2019-01-30 04:00:00,80.29,80.61,80.51,80.43,9.25044343
2019-01-30 05:00:00,80.39,80.61,80.59,80.52,27.2867178
2019-01-30 06:00:00,80.01,80.53,80.51,80.38,55.94121367
2019-01-30 07:00:00,80.23,80.32,80.24,80.31,27.58167456
2019-01-30 08:00:00,80.12,80.61,80.32,80.31,138.35951169
2019-01-30 09:00:00,80.01,80.47,80.43,80.34,103.29276842
2019-01-30 10:00:00,80.09,80.61,80.33,80.4,198.57268391
2019-01-30 11:00:00,79.8,80.74,80.53,79.95,365.45514363
2019-01-30 12:00:00,79.89,83.9,79.9,82.32,2652.48590529
2019-01-30 13:00:00,82.34,83.78,82.65,83.03,192.14391065
2019-01-30 14:00:00,82.55,83.25,83.03,83.24,204.87172932
2019-01-30 15:00:00,82.39,83.24,83.2,82.99,160.64179774
2019-01-30 16:00:00,82.64,83.25,83.0,82.74,174.46131468
2019-01-30 17:00:00,82.64,82.99,82.76,82.92,108.78324363
2019-01-30 18:00:00,82.76,83.48,82.92,83.1,727.60144032
2019-01-30 19:00:00,81.99,83.1,83.0,82.53,386.69644449
2019-01-30 20:00:00,81.97,82.67,82.62,82.21,175.63408509
2019-01-30 21:00:00,82.02,82.75,82.28,82.47,125.57348044
2019-01-30 22:00:00,82.13,82.65,82.49,82.63,213.49079355
2019-01-30 23:00:00,82.35,82.83,82.67,82.58,119.0042025
2019-01-31 00:00:00,82.55,83.9,82.59,83.9,182.24443504
2019-01-31 01:00:00,83.18,83.89,83.71,83.64,88.84927441
2019-01-31 02:00:00,82.97,83.67,83.5,83.17,43.7866473
2019-01-31 03:00:00,82.84,83.19,83.19,83.1,24.50841202
2019-01-31 04:00:00,82.69,83.0,83.0,82.79,4.45470338
2019-01-31 05:00:00,82.6,84.0,83.1,82.91,110.52272676
2019-01-31 06:00:00,82.49,83.6,82.71,83.23,82.5161414
2019-01-31 07:00:00,82.56,83.24,82.99,82.94,315.40373458
2019-01-31 08:00:00,81.35,83.0,82.94,81.99,208.21339717
2019-01-31 09:00:00,81.29,82.23,81.79,81.33,416.17368296
2019-01-31 10:00:00,80.59,81.71,81.32,81.14,236.66426
2019-01-31 11:00:00,80.55,81.32,81.13,81.03,520.97694346
2019-01-31 12:00:00,80.89,81.56,81.0,81.39,146.36025474
2019-01-31 13:00:00,81.03,81.47,81.42,81.28,212.4077078
2019-01-31 14:00:00,80.16,81.45,81.38,80.51,480.56902611
2019-01-31 15:00:00,80.5,81.04,80.64,80.95,92.52602178
2019-01-31 16:00:00,80.35,81.0,80.91,80.52,252.63040005
2019-01-31 17:00:00,80.5,81.05,80.67,80.79,226.43415568
2019-01-31 18:00:00,80.16,80.77,80.77,80.7,204.99314028
2019-01-31 19:00:00,80.24,81.2,80.71,80.91,321.09374016
2019-01-31 20:00:00,80.71,81.37,80.91,81.33,253.10637393
2019-01-31 21:00:00,80.68,81.41,81.33,81.03,297.56376675
2019-01-31 22:00:00,80.74,81.43,80.86,81.39,114.28568974
2019-01-31 23:00:00,80.78,81.41,81.39,80.91,45.03228207
2019-02-01 00:00:00,80.64,80.95,80.87,80.75,302.78287159
2019-02-01 01:00:00,79.35,80.7,80.7,79.35,154.54445367
2019-02-01 02:00:00,79.23,79.78,79.45,79.43,75.22741961
2019-02-01 03:00:00,79.43,80.14,79.53,80.14,9.30745279
2019-02-01 04:00:00,79.26,79.92,79.88,79.74,27.83702096
2019-02-01 05:00:00,79.52,79.91,79.56,79.53,40.18286869
2019-02-01 06:00:00,79.32,80.05,79.62,79.72,131.28300991
2019-02-01 07:00:00,79.17,79.86,79.74,79.4,214.74706405
2019-02-01 08:00:00,79.18,80.4,79.36,80.21,218.27795211
2019-02-01 09:00:00,79.86,80.74,80.06,80.37,269.26144185
2019-02-01 10:00:00,80.1,80.73,80.71,80.68,342.01457724
2019-02-01 11:00:00,80.69,81.9,80.69,81.49,454.00957716
2019-02-01 12:00:00,81.42,81.88,81.49,81.5,83.61783712
2019-02-01 13:00:00,81.24,81.66,81.44,81.59,193.01428478
2019-02-01 14:00:00,81.05,81.83,81.6,81.22,228.91909952
2019-02-01 15:00:00,81.18,81.5,81.28,81.2,293.79769293
2019-02-01 16:00:00,80.28,81.28,81.26,80.63,422.32049014
2019-02-01 17:00:00,80.43,81.11,80.6,81.06,102.22150877
2019-02-01 18:00:00,80.89,81.45,81.05,81.43,37.27642152
2019-02-01 19:00:00,81.36,81.85,81.55,81.56,344.93989289
2019-02-01 20:00:00,81.14,82.01,81.55,81.8,671.58335734
2019-02-01 21:00:00,81.28,81.81,81.81,81.73,174.31616608
2019-02-01 22:00:00,81.53,82.02,81.69,81.55,96.53649283
2019-02-01 23:00:00,81.6,82.46,81.6,81.61,210.35432238
2019-02-02 00:00:00,81.5,81.84,81.6,81.74,61.27511193
2019-02-02 01:00:00,81.64,81.86,81.72,81.85,14.65873454
2019-02-02 02:00:00,81.58,82.06,81.58,81.64,3.32169362
2019-02-02 03:00:00,81.7,82.05,81.91,82.05,68.14669229
2019-02-02 05:00:00,81.0,82.13,82.13,81.15,557.70649456
2019-02-02 06:00:00,81.02,81.99,81.15,81.46,171.96870995
2019-02-02 07:00:00,81.2,81.77,81.46,81.55,48.86005559
2019-02-02 08:00:00,81.22,81.54,81.54,81.42,87.73425061
2019-02-02 09:00:00,81.22,81.96,81.3,81.96,80.93203153
2019-02-02 10:00:00,81.9,82.44,81.96,82.44,178.53131338
2019-02-02 11:00:00,82.24,82.69,82.47,82.59,152.92798013
2019-02-02 12:00:00,82.18,82.5,82.48,82.47,137.9603058
2019-02-02 13:00:00,82.22,82.75,82.47,82.42,194.48077482
2019-02-02 14:00:00,82.0,82.53,82.28,82.33,150.58245986
2019-02-02 15:00:00,81.85,82.64,82.56,82.08,178.19818782
2019-02-02 16:00:00,81.72,82.1,81.97,81.92,276.0785416
2019-02-02 17:00:00,81.81,82.1,81.95,81.88,82.72822102
2019-02-02 18:00:00,81.88,82.5,82.0,82.39,248.4943022
2019-02-02 19:00:00,82.32,82.5,82.32,82.48,153.58133968
2019-02-02 20:00:00,81.79,82.5,82.48,82.17,186.96001464
2019-02-02 21:00:00,82.02,82.47,82.26,82.43,67.60003474
2019-02-02 22:00:00,82.21,82.5,82.43,82.41,85.54070168
2019-02-02 23:00:00,82.07,84.0,82.21,84.0,190.63504773
2019-02-03 00:00:00,83.74,84.2,84.0,84.0,106.70441704
2019-02-03 01:00:00,83.33,84.05,83.89,83.75,58.44958583
2019-02-03 02:00:00,83.6,84.05,83.88,83.72,37.5746116
2019-02-03 03:00:00,83.5,83.89,83.71,83.52,24.23735483
2019-02-03 04:00:00,83.53,83.81,83.53,83.73,14.72745832
2019-02-03 05:00:00,83.58,83.92,83.68,83.58,9.00086536
2019-02-03 06:00:00,83.0,83.82,83.59,83.02,59.00705426
2019-02-03 07:00:00,82.76,83.35,83.03,82.77,63.01506
2019-02-03 08:00:00,81.77,82.79,82.77,82.7,217.58616627
2019-02-03 09:00:00,82.01,82.72,82.72,82.22,104.97292831
2019-02-03 10:00:00,82.12,82.53,82.12,82.36,113.40264775
2019-02-03 11:00:00,81.77,82.43,82.32,82.0,69.48599606
2019-02-03 12:00:00,81.79,82.26,82.0,82.14,78.3449049
2019-02-03 13:00:00,81.92,82.51,82.03,82.32,159.88594174
2019-02-03 14:00:00,81.85,82.28,82.28,81.85,124.76792073
2019-02-03 15:00:00,81.45,81.96,81.85,81.72,154.6952728
2019-02-03 16:00:00,81.52,82.14,81.64,82.05,94.16262097
2019-02-03 17:00:00,81.86,82.06,82.04,81.93,104.79790111
2019-02-03 18:00:00,81.66,81.92,81.92,81.66,77.47346917
2019-02-03 19:00:00,80.92,82.11,81.71,81.04,423.91639114
2019-02-03 20:00:00,81.07,81.39,81.23,81.24,107.29211538
2019-02-03 21:00:00,80.74,81.24,81.24,80.79,108.03135663
2019-02-03 22:00:00,80.72,81.68,80.86,81.54,48.95780545
2019-02-03 23:00:00,81.07,81.85,81.53,81.54,50.08361384
2019-02-04 00:00:00,81.36,81.71,81.47,81.38,33.61717213
2019-02-04 01:00:00,81.03,81.42,81.29,81.23,56.28813571
2019-02-04 02:00:00,80.96,81.22,81.19,81.07,23.99974327
2019-02-04 03:00:00,80.98,81.58,81.0,81.33,8.07528351
2019-02-04 04:00:00,81.34,81.8,81.34,81.47,16.16614401
2019-02-04 05:00:00,81.2,81.52,81.44,81.3,19.75298025
2019-02-04 06:00:00,81.3,81.73,81.3,81.73,82.98861901
2019-02-04 07:00:00,81.19,81.56,81.54,81.3,23.58864633
2019-02-04 08:00:00,81.26,82.54,81.42,82.21,49.41059096
2019-02-04 09:00:00,80.95,82.44,81.94,81.08,122.75124648
2019-02-04 10:00:00,81.08,81.45,81.14,81.45,77.02978682
2019-02-04 11:00:00,81.07,81.42,81.4,81.07,146.06020645
2019-02-04 12:00:00,80.97,81.49,81.0,81.36,106.08794595
2019-02-04 13:00:00,81.26,81.54,81.34,81.51,104.30323404
2019-02-04 14:00:00,81.28,81.83,81.48,81.54,70.23247044
2019-02-04 15:00:00,81.19,81.57,81.48,81.47,98.46684642
2019-02-04 16:00:00,81.37,81.82,81.49,81.71,282.84306677
2019-02-04 17:00:00,81.58,81.81,81.66,81.81,119.2572838
2019-02-04 18:00:00,81.61,81.89,81.69,81.89,81.84774523
2019-02-04 19:00:00,81.65,82.07,81.89,82.07,202.16094303
2019-02-04 20:00:00,81.94,82.37,81.99,82.07,121.08231847
2019-02-04 21:00:00,81.91,82.34,82.07,82.09,132.39020437
2019-02-04 22:00:00,81.42,82.28,82.07,81.94,178.14000046
2019-02-04 23:00:00,81.51,82.08,81.97,81.72,282.64041762
2019-02-05 00:00:00,81.4,81.75,81.7,81.68,128.50132568
2019-02-05 01:00:00,81.06,81.73,81.61,81.38,220.64812342
2019-02-05 02:00:00,80.96,81.44,81.12,81.34,15.17363219
2019-02-05 03:00:00,81.15,81.48,81.34,81.23,99.09523769
2019-02-05 04:00:00,81.08,81.62,81.47,81.23,603.22850827
2019-02-05 05:00:00,81.32,81.32,81.32,81.32,0.58737421
2019-02-05 06:00:00,81.18,81.31,81.31,81.28,6.64196486
2019-02-05 07:00:00,81.21,81.63,81.27,81.57,61.43387409
2019-02-05 08:00:00,81.45,81.78,81.59,81.64,275.86999447
2019-02-05 09:00:00,81.4,82.04,81.43,82.04,293.661539
2019-02-05 10:00:00,81.7,82.16,82.0,82.05,236.20480603
2019-02-05 11:00:00,81.68,82.05,82.03,81.92,87.61766403
2019-02-05 12:00:00,81.66,82.03,81.7,81.89,237.84261644
2019-02-05 13:00:00,81.7,81.9,81.9,81.86,135.13065985
2019-02-05 14:00:00,81.81,82.19,81.86,81.86,174.67250949
2019-02-05 15:00:00,81.65,82.14,82.01,81.82,321.11928976
2019-02-05 16:00:00,81.51,81.84,81.82,81.62,162.7634895
2019-02-05 17:00:00,81.54,81.8,81.71,81.8,98.63884611
2019-02-05 18:00:00,81.7,82.13,81.74,81.73,237.78496828
2019-02-05 19:00:00,81.67,81.92,81.81,81.81,129.87726359
2019-02-05 20:00:00,81.73,82.11,81.83,82.04,214.83974918
2019-02-05 21:00:00,81.82,82.34,81.82,82.34,201.2078258
2019-02-05 22:00:00,81.92,82.52,82.32,82.12,149.52861976
2019-02-05 23:00:00,81.99,82.3,82.06,82.17,192.46688878
2019-02-06 00:00:00,81.39,82.33,82.16,81.58,123.449635
2019-02-06 01:00:00,77.69,81.63,81.49,78.7,1009.13712763
2019-02-06 02:00:00,78.54,79.03,78.85,78.91,187.74618086
2019-02-06 03:00:00,78.82,79.15,78.96,79.01,15.06327048
2019-02-06 04:00:00,78.69,78.98,78.98,78.77,125.55771203
2019-02-06 05:00:00,78.59,78.86,78.86,78.75,10.49197365
2019-02-06 06:00:00,78.63,79.89,78.76,79.26,104.93340697
2019-02-06 07:00:00,79.11,79.7,79.27,79.2,188.30353232
2019-02-06 08:00:00,78.66,79.24,79.21,78.96,73.67353533
2019-02-06 09:00:00,78.56,79.0,78.83,78.61,78.36930992
2019-02-06 10:00:00,78.56,78.9,78.61,78.65,84.63880662
2019-02-06 11:00:00,78.5,78.89,78.77,78.6,167.57790413
2019-02-06 12:00:00,78.28,79.37,78.5,79.02,229.40534996
2019-02-06 13:00:00,78.57,79.19,79.0,78.57,151.96856688
2019-02-06 14:00:00,78.25,78.99,78.58,78.54,192.49540107
2019-02-06 15:00:00,78.12,79.23,78.54,79.2,220.54308143
2019-02-06 16:00:00,79.2,80.92,79.2,79.68,229.76508637
2019-02-06 17:00:00,79.36,79.97,79.94,79.4,353.92463223
2019-02-06 18:00:00,79.22,79.96,79.55,79.82,102.06625087
2019-02-06 19:00:00,79.45,79.97,79.65,79.74,139.67903782
2019-02-06 20:00:00,79.53,80.02,79.7,79.77,99.48209767
2019-02-06 21:00:00,79.66,80.36,79.81,80.04,189.09016431
2019-02-06 22:00:00,80.13,80.88,80.29,80.7,140.56418782
2019-02-06 23:00:00,80.19,80.91,80.71,80.4,255.82567637
2019-02-07 00:00:00,80.0,80.44,80.16,80.14,78.69886852
2019-02-07 01:00:00,80.22,81.1,80.28,80.88,208.30140136
2019-02-07 02:00:00,80.44,80.83,80.83,80.44,9.79087349
2019-02-07 03:00:00,80.4,80.91,80.66,80.85,121.82659474
2019-02-07 04:00:00,80.39,80.73,80.73,80.59,18.08084829
2019-02-07 05:00:00,80.41,80.81,80.41,80.51,40.41380963
2019-02-07 06:00:00,80.26,80.71,80.61,80.4,43.2427796
2019-02-07 07:00:00,80.4,80.8,80.4,80.74,56.05327814
2019-02-07 08:00:00,80.64,80.92,80.74,80.85,78.61711369
2019-02-07 09:00:00,80.83,81.22,81.0,81.13,168.39536776
2019-02-07 10:00:00,80.89,81.42,80.95,81.38,188.20702034
2019-02-07 11:00:00,80.8,81.42,81.38,80.88,89.34951038
2019-02-07 12:00:00,80.09,81.05,80.85,80.4,385.6337855
2019-02-07 13:00:00,80.18,80.55,80.39,80.25,107.75402409
2019-02-07 14:00:00,79.72,80.22,80.21,79.94,122.00775992
2019-02-07 15:00:00,79.81,80.14,79.84,80.03,183.60800566
2019-02-07 16:00:00,79.65,80.04,80.0,79.85,135.28296883
2019-02-07 17:00:00,79.43,79.81,79.67,79.65,122.20653568
2019-02-07 18:00:00,79.52,79.77,79.65,79.72,75.51169221
2019-02-07 19:00:00,79.54,80.02,79.71,79.88,135.07862544
2019-02-07 20:00:00,79.55,80.03,79.88,80.03,242.77015668
2019-02-07 21:00:00,79.8,80.19,80.03,80.01,147.77780238
2019-02-07 22:00:00,79.86,80.2,80.17,80.0,85.98116434
2019-02-07 23:00:00,79.92,80.16,80.01,79.92,40.69229832
2019-02-08 00:00:00,79.7,80.06,80.02,79.71,66.03842624
2019-02-08 01:00:00,79.85,80.02,79.85,79.91,35.13299746
2019-02-08 02:00:00,79.5,79.95,79.91,79.75,173.79123217
2019-02-08 03:00:00,79.7,80.05,79.76,80.05,91.5580533
2019-02-08 04:00:00,79.99,80.0,79.99,80.0,0.39838748
2019-02-08 05:00:00,80.0,80.48,80.0,80.48,96.43041799
2019-02-08 06:00:00,80.11,80.45,80.31,80.35,42.9563374
2019-02-08 07:00:00,79.75,80.2,80.18,80.13,72.41580462
2019-02-08 08:00:00,79.97,81.15,80.11,81.03,87.23257645
2019-02-08 09:00:00,80.98,83.49,80.98,82.58,1019.0487284
2019-02-08 10:00:00,82.28,83.0,82.69,82.92,345.8711339
2019-02-08 11:00:00,82.56,83.0,82.97,82.8,117.19419526
2019-02-08 12:00:00,82.41,83.0,82.84,82.95,226.22272117
2019-02-08 13:00:00,82.53,83.19,82.89,83.19,231.44254599
2019-02-08 14:00:00,82.89,83.75,83.19,83.2,435.85172428
2019-02-08 15:00:00,83.03,85.64,83.04,85.64,471.49858164
2019-02-08 16:00:00,85.29,94.96,85.71,92.3,853.27655511
2019-02-08 17:00:00,90.17,92.63,92.29,91.85,394.28998525
2019-02-08 18:00:00,90.65,92.4,91.69,91.02,406.31566092
2019-02-08 19:00:00,90.81,92.34,91.02,92.07,588.73172443
2019-02-08 20:00:00,90.81,92.34,91.36,90.95,703.0285913
2019-02-08 21:00:00,90.0,91.5,90.95,90.72,213.47539442
2019-02-08 22:00:00,89.69,90.9,90.31,89.98,291.39849435
2019-02-08 23:00:00,89.78,91.51,89.98,91.0,252.62990083
2019-02-09 00:00:00,89.56,91.44,90.7,91.32,46.16929347
2019-02-09 01:00:00,89.91,91.29,91.11,90.89,68.03030242
2019-02-09 02:00:00,90.33,90.97,90.9,90.82,11.86471969
2019-02-09 03:00:00,90.1,91.11,90.57,90.99,34.4976289
2019-02-09 04:00:00,90.27,90.85,90.85,90.44,4.53982541
2019-02-09 05:00:00,90.33,91.13,90.49,90.53,71.72171314
2019-02-09 06:00:00,90.52,91.11,90.53,90.59,21.28879009
2019-02-09 07:00:00,90.66,91.35,91.01,91.35,74.66262749
2019-02-09 08:00:00,91.24,92.3,91.42,91.39,79.95075491
2019-02-09 09:00:00,91.2,91.5,91.24,91.26,72.44636935
2019-02-09 10:00:00,91.2,91.85,91.3,91.75,113.8537905
2019-02-09 11:00:00,91.57,92.11,91.75,92.11,488.91138152
2019-02-09 12:00:00,91.08,92.01,91.89,91.27,663.67029591
2019-02-09 13:00:00,91.01,91.75,91.2,91.73,117.68114724
2019-02-09 14:00:00,91.52,92.71,91.71,91.8,132.55630195
2019-02-09 15:00:00,91.18,92.3,91.83,91.2,422.3507115
2019-02-09 16:00:00,90.54,91.47,91.21,91.41,181.05603558
2019-02-09 17:00:00,90.5,91.36,91.35,90.65,191.31097081
2019-02-09 18:00:00,90.51,91.36,90.66,91.06,158.54643741
2019-02-09 19:00:00,90.97,91.22,91.07,91.14,122.0406629
2019-02-09 20:00:00,91.09,91.86,91.14,91.09,173.32163506
2019-02-09 21:00:00,91.0,91.24,91.17,91.24,86.62945927
2019-02-09 22:00:00,91.24,91.8,91.24,91.35,44.92300476
2019-02-09 23:00:00,91.24,91.55,91.35,91.38,80.86492924
2019-02-10 00:00:00,91.35,91.83,91.38,91.61,45.72040642
2019-02-10 01:00:00,91.26,91.47,91.45,91.37,31.17378561
2019-02-10 02:00:00,91.19,91.4,91.37,91.39,8.0625599
2019-02-10 03:00:00,91.14,91.28,91.22,91.27,14.23343287
2019-02-10 04:00:00,91.16,91.47,91.3,91.2,32.24632046
2019-02-10 05:00:00,91.07,91.49,91.48,91.42,58.03803894
2019-02-10 06:00:00,90.0,91.86,91.0,90.0,154.71138324
2019-02-10 07:00:00,89.57,90.1,90.01,89.57,30.50585844
2019-02-10 08:00:00,89.57,89.81,89.69,89.6,72.1640756
2019-02-10 09:00:00,89.6,89.97,89.6,89.97,26.17670762
2019-02-10 10:00:00,89.98,90.4,90.02,90.19,32.20352532
2019-02-10 11:00:00,89.84,90.6,90.06,89.85,206.81604427
2019-02-10 12:00:00,89.83,90.12,89.85,90.12,53.96569256
2019-02-10 13:00:00,89.65,90.13,90.12,89.94,98.55825744
2019-02-10 14:00:00,89.68,90.0,89.88,89.81,67.07203395
2019-02-10 15:00:00,89.65,90.0,89.72,89.89,70.16210293
2019-02-10 16:00:00,89.67,91.24,89.89,91.24,172.72493842
2019-02-10 17:00:00,90.77,91.24,91.22,91.09,95.22354989
2019-02-10 18:00:00,90.87,91.12,91.1,90.96,61.67115352
2019-02-10 19:00:00,90.8,91.1,91.1,90.8,201.99318054
2019-02-10 20:00:00,90.36,91.04,90.91,90.7,242.7302324
2019-02-10 21:00:00,90.65,91.22,90.85,90.95,114.53516145
2019-02-10 22:00:00,91.0,94.0,91.12,92.85,247.12682779
2019-02-10 23:00:00,93.29,96.56,93.29,96.06,457.73735313
2019-02-11 00:00:00,91.95,96.1,95.76,93.01,580.75426783
2019-02-11 01:00:00,92.03,92.72,92.67,92.72,14.19061684
2019-02-11 02:00:00,92.49,93.0,92.49,92.71,11.51022378
2019-02-11 03:00:00,92.34,92.69,92.55,92.69,27.25606868
2019-02-11 04:00:00,92.45,92.63,92.45,92.63,11.37581424
2019-02-11 05:00:00,91.85,92.56,92.55,91.85,4.27808422
2019-02-11 06:00:00,91.66,92.27,91.69,92.09,19.73772872
2019-02-11 07:00:00,91.93,92.4,92.22,92.39,120.52652084
2019-02-11 08:00:00,92.16,92.52,92.39,92.21,60.64421341
2019-02-11 09:00:00,91.93,92.92,92.16,92.75,311.64498593
2019-02-11 10:00:00,92.18,93.22,92.74,92.22,142.89134515
2019-02-11 11:00:00,92.12,92.65,92.22,92.37,101.17973669
2019-02-11 12:00:00,92.16,93.81,92.36,93.29,216.14385451
2019-02-11 13:00:00,93.23,94.47,93.28,93.89,248.5193448
2019-02-11 14:00:00,93.75,94.63,93.77,94.4,366.99391428
2019-02-11 15:00:00,92.82,94.63,94.41,93.1,171.97636396
2019-02-11 16:00:00,92.24,93.23,93.19,92.7,479.18535188
2019-02-11 17:00:00,92.58,93.73,92.89,93.73,95.82087138
2019-02-11 18:00:00,93.04,93.91,93.91,93.28,309.83237745
2019-02-11 19:00:00,93.11,93.69,93.27,93.68,149.60117553
2019-02-11 20:00:00,93.41,93.94,93.68,93.94,106.41367039
2019-02-11 21:00:00,92.95,93.76,93.6,93.21,164.75727144
2019-02-11 22:00:00,92.98,93.67,92.98,93.67,42.02074121
2019-02-11 23:00:00,93.02,93.54,93.53,93.02,165.03413453
2019-02-12 00:00:00,91.0,93.19,93.19,91.99,383.19870848
2019-02-12 01:00:00,91.63,92.5,91.7,92.28,70.33580902
2019-02-12 02:00:00,91.88,92.32,92.08,92.16,84.15170231
2019-02-12 03:00:00,92.15,92.78,92.27,92.78,45.95643928
2019-02-12 04:00:00,92.64,93.11,92.64,92.93,1.73313993
2019-02-12 05:00:00,92.88,93.2,92.93,92.88,6.58706854
2019-02-12 06:00:00,92.57,93.08,93.05,92.9,74.4935716
2019-02-12 07:00:00,92.61,93.28,93.0,92.99,27.79461137
2019-02-12 08:00:00,92.54,93.2,93.01,92.93,87.14603553
2019-02-12 09:00:00,92.5,93.0,92.96,92.58,71.21756619
2019-02-12 10:00:00,92.51,92.96,92.53,92.63,122.87981704
2019-02-12 11:00:00,92.65,93.33,92.65,92.96,169.09193584
2019-02-12 12:00:00,92.77,93.97,92.96,93.64,122.38206562
2019-02-12 13:00:00,93.0,93.68,93.44,93.01,74.66357409
2019-02-12 14:00:00,92.4,93.2,93.01,92.51,163.91071119
2019-02-12 15:00:00,92.05,92.68,92.51,92.25,124.68353576
2019-02-12 16:00:00,92.08,92.69,92.26,92.37,53.82039461
2019-02-12 17:00:00,92.42,92.94,92.45,92.46,63.81088777
2019-02-12 18:00:00,92.49,94.55,92.78,93.79,508.0947475
2019-02-12 19:00:00,93.69,94.25,93.78,94.11,108.12522077
2019-02-12 20:00:00,93.95,95.21,93.97,94.72,553.1402457
2019-02-12 21:00:00,92.97,94.6,94.53,92.97,127.3176708
2019-02-12 22:00:00,92.98,93.96,92.98,93.94,126.42696178
2019-02-12 23:00:00,93.29,94.39,93.89,93.99,511.40328383
2019-02-13 00:00:00,93.66,94.38,93.98,94.38,69.18911111
2019-02-13 01:00:00,93.89,94.37,94.37,94.06,3.53382894
2019-02-13 02:00:00,93.67,94.05,93.85,94.05,37.89386383
2019-02-13 03:00:00,94.23,94.65,94.36,94.65,65.81694851
2019-02-13 04:00:00,94.43,94.56,94.56,94.43,11.36286465
2019-02-13 05:00:00,94.57,94.82,94.57,94.82,209.64579747
2019-02-13 06:00:00,94.45,96.63,94.82,95.28,104.35814035
2019-02-13 07:00:00,94.61,95.35,95.21,94.98,125.85618021
2019-02-13 08:00:00,94.5,95.23,95.17,94.51,176.25892329
2019-02-13 09:00:00,94.16,94.84,94.59,94.76,229.75711869
2019-02-13 10:00:00,94.31,95.05,94.71,94.7,590.49033411
2019-02-13 11:00:00,94.15,94.71,94.64,94.15,117.24616483
2019-02-13 12:00:00,93.97,94.6,94.07,94.57,64.50659443
2019-02-13 13:00:00,94.32,94.6,94.58,94.57,33.06715102
2019-02-13 14:00:00,93.63,94.6,94.33,93.63,77.85272077
2019-02-13 15:00:00,93.1,93.91,93.63,93.55,427.32861006
2019-02-13 16:00:00,93.12,94.19,93.37,94.12,255.09512724
2019-02-13 17:00:00,93.61,94.17,94.0,94.01,48.94730582
2019-02-13 18:00:00,93.72,94.32,94.01,94.11,171.44004389
2019-02-13 19:00:00,93.76,94.27,94.27,93.76,119.03204326
2019-02-13 20:00:00,93.35,94.06,93.6,93.59,128.85917702
2019-02-13 21:00:00,93.53,93.98,93.77,93.98,292.8360554
2019-02-13 22:00:00,93.73,94.5,94.0,93.96,94.2885818
2019-02-13 23:00:00,93.98,94.3,93.98,94.3,39.48600088
2019-02-14 00:00:00,94.01,95.36,94.19,95.36,221.1604265
2019-02-14 01:00:00,95.06,95.39,95.36,95.06,18.84387501
2019-02-14 02:00:00,95.23,95.39,95.29,95.3,62.89092991
2019-02-14 03:00:00,94.63,95.33,95.24,95.08,21.64139049
2019-02-14 04:00:00,94.92,95.72,95.17,95.72,63.41992194
2019-02-14 05:00:00,93.91,95.64,95.64,93.91,68.81602794
2019-02-14 06:00:00,93.91,94.55,94.01,94.31,34.1471458
2019-02-14 07:00:00,93.41,94.3,94.3,93.68,77.81328185
2019-02-14 08:00:00,93.69,94.53,93.69,94.28,140.76959209
2019-02-14 09:00:00,94.03,94.61,94.07,94.45,82.33056284
2019-02-14 10:00:00,93.69,94.44,94.44,93.81,137.05234709
2019-02-14 11:00:00,93.1,93.86,93.86,93.46,523.60962929
2019-02-14 12:00:00,93.26,94.33,93.31,94.08,237.81983693
2019-02-14 13:00:00,93.81,94.21,93.91,93.94,92.65550079
2019-02-14 14:00:00,93.8,94.49,93.95,94.03,188.58681628
2019-02-14 15:00:00,94.03,95.0,94.03,94.8,175.22461204
2019-02-14 16:00:00,94.53,95.13,94.8,94.53,344.6625554
2019-02-14 17:00:00,94.27,94.84,94.33,94.27,113.73682348
2019-02-14 18:00:00,94.23,94.79,94.6,94.52,50.82169724
2019-02-14 19:00:00,94.03,94.6,94.52,94.49,170.80849693
2019-02-14 20:00:00,94.0,94.4,94.4,94.27,77.42033758
2019-02-14 21:00:00,93.73,94.61,94.26,94.33,501.74763975
2019-02-14 22:00:00,94.04,94.51,94.33,94.06,102.07696372
2019-02-14 23:00:00,93.56,94.27,94.11,93.64,94.48686912
2019-02-15 00:00:00,93.52,94.05,93.52,93.69,169.92744485
2019-02-15 01:00:00,93.53,94.06,93.68,93.7,40.38579321
2019-02-15 02:00:00,93.74,94.05,93.75,94.05,16.77662125
2019-02-15 03:00:00,93.97,94.29,93.97,94.29,0.74233782
2019-02-15 04:00:00,94.3,95.1,94.3,94.68,164.00458774
2019-02-15 05:00:00,94.46,95.1,94.68,94.48,18.67200103
2019-02-15 06:00:00,94.75,95.65,94.75,95.17,24.07491425
2019-02-15 07:00:00,94.28,95.13,94.97,95.07,156.14548516
2019-02-15 08:00:00,94.68,95.51,94.86,95.14,159.36360177
2019-02-15 09:00:00,94.66,95.25,95.13,94.68,238.22637528
2019-02-15 10:00:00,94.5,95.21,94.68,95.21,175.01702378
2019-02-15 11:00:00,94.6,95.33,95.19,94.64,115.55278623
2019-02-15 12:00:00,94.62,94.97,94.67,94.77,74.98202743
2019-02-15 13:00:00,94.53,95.19,94.77,95.12,234.77740891
2019-02-15 14:00:00,94.1,96.1,95.12,94.1,412.26187086
2019-02-15 15:00:00,93.51,94.32,94.1,93.84,378.5744992
2019-02-15 16:00:00,93.75,94.1,93.9,94.06,121.1196479
2019-02-15 17:00:00,93.6,94.3,93.98,93.91,431.55351617
2019-02-15 18:00:00,93.66,94.04,93.68,93.76,114.77820991
2019-02-15 19:00:00,93.56,94.06,93.95,93.79,91.45536682
2019-02-15 20:00:00,93.64,93.79,93.74,93.79,102.29628712
2019-02-15 21:00:00,93.78,94.08,93.79,93.97,72.01145716
2019-02-15 22:00:00,93.83,94.01,93.97,93.92,38.05614858
2019-02-15 23:00:00,93.9,94.4,93.91,94.21,102.72497621
2019-02-16 00:00:00,94.0,94.47,94.21,94.34,56.63228983
2019-02-16 01:00:00,94.2,94.38,94.36,94.36,14.87162067
2019-02-16 02:00:00,94.1,94.38,94.36,94.22,28.05489366
2019-02-16 03:00:00,94.21,94.38,94.25,94.38,2.95171009
2019-02-16 04:00:00,94.37,94.38,94.38,94.38,4.03172014
2019-02-16 05:00:00,94.37,94.5,94.38,94.5,12.99454055
2019-02-16 06:00:00,94.37,95.0,94.5,94.71,67.09482495
2019-02-16 07:00:00,94.51,94.97,94.8,94.62,12.70710797
2019-02-16 08:00:00,94.51,94.97,94.94,94.79,9.89937068
2019-02-16 09:00:00,94.68,95.29,94.98,94.77,187.78255218
2019-02-16 10:00:00,94.51,95.26,94.59,94.67,137.55116545
2019-02-16 11:00:00,94.37,94.98,94.6,94.81,125.6618672
2019-02-16 12:00:00,94.6,95.25,94.81,94.74,75.51406113
2019-02-16 13:00:00,94.79,95.17,94.79,95.17,140.83146343
2019-02-16 14:00:00,95.02,95.26,95.1,95.22,241.63423618
2019-02-16 15:00:00,95.21,95.29,95.22,95.29,482.42313571
2019-02-16 16:00:00,94.75,95.9,95.29,95.38,860.23783949
2019-02-16 17:00:00,94.91,95.46,95.12,95.15,67.16536013
2019-02-16 18:00:00,95.01,95.29,95.24,95.25,125.39233289
2019-02-16 19:00:00,95.08,95.56,95.25,95.32,76.59796098
2019-02-16 20:00:00,95.12,95.87,95.49,95.85,142.80343286
2019-02-16 21:00:00,95.64,95.9,95.83,95.9,59.51730218
2019-02-16 22:00:00,95.6,96.0,95.84,95.61,123.84772113
2019-02-16 23:00:00,95.4,95.65,95.63,95.41,112.54753425
2019-02-17 00:00:00,95.32,95.43,95.41,95.43,38.8030738
2019-02-17 01:00:00,95.4,95.43,95.42,95.43,50.23226051
2019-02-17 02:00:00,95.42,95.57,95.42,95.55,53.58475509
2019-02-17 03:00:00,95.34,95.53,95.53,95.34,66.40772534
2019-02-17 04:00:00,94.86,95.31,95.31,95.09,39.4452098
2019-02-17 05:00:00,94.94,95.49,94.94,95.31,18.70480167
2019-02-17 06:00:00,95.34,95.44,95.34,95.43,11.95876838
2019-02-17 07:00:00,95.25,95.65,95.44,95.57,11.01355537
2019-02-17 08:00:00,95.5,96.11,95.61,95.99,78.79201004
2019-02-17 09:00:00,95.88,96.38,95.97,96.08,296.77749308
2019-02-17 10:00:00,95.96,100.62,96.11,98.1,842.24897103
2019-02-17 11:00:00,97.7,98.82,97.99,97.7,297.55765083
2019-02-17 12:00:00,96.6,98.0,97.9,96.6,191.31851365
2019-02-17 13:00:00,96.06,97.13,96.68,97.12,184.67454621
2019-02-17 14:00:00,96.98,97.96,97.11,97.85,185.44929497
2019-02-17 15:00:00,97.44,98.02,97.84,97.44,82.96855904
2019-02-17 16:00:00,97.26,98.21,97.33,97.69,99.03172579
2019-02-17 17:00:00,97.69,98.81,97.76,98.81,187.25080158
2019-02-17 18:00:00,98.17,98.81,98.81,98.17,123.29127546
2019-02-17 19:00:00,98.16,99.44,98.18,99.12,302.29303191
2019-02-17 20:00:00,99.12,99.47,99.12,99.47,224.93668667
2019-02-17 21:00:00,99.46,101.58,99.47,101.0,973.0788452
2019-02-17 22:00:00,100.39,103.32,101.02,102.9,690.6113287
2019-02-17 23:00:00,102.6,104.0,102.96,102.81,278.94121792
2019-02-18 00:00:00,101.75,103.56,102.75,103.34,135.08277928
2019-02-18 01:00:00,102.34,104.89,103.5,103.09,89.61872441
2019-02-18 02:00:00,103.09,105.3,103.25,105.3,67.85714898
2019-02-18 03:00:00,105.05,106.58,105.13,106.25,232.73736907
2019-02-18 04:00:00,105.01,106.25,106.17,105.36,158.69418526
2019-02-18 05:00:00,104.18,106.19,105.28,106.19,81.52321984
2019-02-18 06:00:00,105.3,106.16,105.65,105.74,133.42591027
2019-02-18 07:00:00,105.2,107.0,105.99,105.34,192.90767427
2019-02-18 08:00:00,105.32,106.41,105.47,105.8,244.16166226
2019-02-18 09:00:00,105.62,107.63,105.8,107.0,389.56557108
2019-02-18 10:00:00,106.1,107.34,107.14,106.1,330.58705669
2019-02-18 11:00:00,106.0,108.0,106.1,108.0,228.60828816
2019-02-18 12:00:00,107.24,110.95,107.99,110.6,1617.88818473
2019-02-18 13:00:00,109.66,113.32,110.83,112.52,1321.27063906
2019-02-18 14:00:00,110.16,112.51,112.51,111.0,862.26214343
2019-02-18 15:00:00,109.8,111.51,110.99,111.5,745.97801857
2019-02-18 16:00:00,110.03,114.0,111.51,111.9,1827.97842596
2019-02-18 17:00:00,110.78,112.0,111.9,111.73,337.01749897
2019-02-18 18:00:00,111.34,113.35,111.97,112.6,729.89521679
2019-02-18 19:00:00,111.37,112.85,112.3,111.51,1066.47473841
2019-02-18 20:00:00,110.39,112.14,111.7,110.96,911.04067127
2019-02-18 21:00:00,109.8,111.45,111.0,109.91,176.3735482
2019-02-18 22:00:00,109.2,110.58,109.8,110.37,803.55947382
2019-02-18 23:00:00,110.91,112.42,110.91,112.42,99.65864377
2019-02-19 00:00:00,112.1,115.79,112.1,115.2,765.92215507
2019-02-19 01:00:00,112.45,115.39,115.19,112.85,219.09690647
2019-02-19 02:00:00,112.28,113.32,112.86,112.52,56.32383246
2019-02-19 03:00:00,112.42,113.3,112.42,113.04,26.18411178
2019-02-19 04:00:00,112.65,113.96,113.05,113.05,138.47758739
2019-02-19 05:00:00,112.28,113.08,112.87,113.03,43.56354341
2019-02-19 06:00:00,112.87,113.37,113.04,113.07,18.47379003
2019-02-19 07:00:00,113.21,114.08,113.21,114.08,186.41899422
2019-02-19 08:00:00,113.57,114.18,114.08,113.9,405.85745459
2019-02-19 09:00:00,111.78,114.18,113.69,112.26,378.91749208
2019-02-19 10:00:00,111.57,112.56,112.26,112.45,158.29259661
2019-02-19 11:00:00,112.12,112.8,112.42,112.61,214.71581663
2019-02-19 12:00:00,112.8,113.63,112.8,113.6,251.49589707
2019-02-19 13:00:00,112.81,114.18,113.48,114.0,554.7340592
2019-02-19 14:00:00,113.0,114.0,113.9,113.02,130.80597025
2019-02-19 15:00:00,113.0,113.7,113.03,113.7,168.64030064
2019-02-19 16:00:00,112.0,113.64,113.11,112.0,457.16204511
2019-02-19 17:00:00,111.02,112.0,112.0,111.38,180.68269052
2019-02-19 18:00:00,111.11,111.42,111.42,111.11,280.13726286
2019-02-19 19:00:00,111.11,111.98,111.11,111.98,96.4835422
2019-02-19 20:00:00,111.5,112.25,111.98,111.61,167.04829842
2019-02-19 21:00:00,109.42,112.35,111.81,109.78,185.69868178
2019-02-19 22:00:00,109.5,111.2,109.77,110.97,453.60096102
2019-02-19 23:00:00,109.5,111.11,110.64,109.98,108.75844773
2019-02-20 00:00:00,107.28,109.98,109.9,108.4,433.70550166
2019-02-20 01:00:00,107.59,108.94,108.17,108.85,136.28594776
2019-02-20 02:00:00,108.0,109.0,108.84,109.0,129.98883972
2019-02-20 03:00:00,108.92,109.42,109.4,108.92,17.1517163
2019-02-20 04:00:00,108.2,108.86,108.86,108.3,36.54285521
2019-02-20 05:00:00,107.16,108.61,108.2,107.9,78.42486975
2019-02-20 06:00:00,107.85,108.7,107.9,108.21,157.60929277
2019-02-20 07:00:00,108.17,109.87,108.28,109.05,209.30926262
2019-02-20 08:00:00,108.96,110.1,109.5,110.1,99.55578058
2019-02-20 09:00:00,109.81,110.96,110.1,110.39,154.67391869
2019-02-20 10:00:00,110.15,112.6,110.31,111.85,136.4315255
2019-02-20 11:00:00,111.22,112.37,111.99,111.35,220.27079923
2019-02-20 12:00:00,111.63,113.03,111.63,113.03,570.14099602
2019-02-20 13:00:00,112.02,113.42,112.92,112.02,95.16371592
2019-02-20 14:00:00,111.28,112.1,112.03,111.96,180.94380312
2019-02-20 15:00:00,110.4,112.01,111.86,110.89,504.33050062
2019-02-20 16:00:00,110.53,112.2,110.95,112.03,107.94889969
2019-02-20 17:00:00,111.09,112.37,112.04,111.28,58.70043211
2019-02-20 18:00:00,110.55,111.38,111.16,111.1,157.26280878
2019-02-20 19:00:00,110.91,111.78,111.1,111.78,68.09366234
2019-02-20 20:00:00,111.5,112.49,111.79,112.48,123.59579925
2019-02-20 21:00:00,111.11,112.72,112.5,111.56,228.33236239
2019-02-20 22:00:00,111.33,112.42,111.56,112.0,149.15569064
2019-02-20 23:00:00,112.02,113.97,112.03,113.25,259.44352527
2019-02-21 00:00:00,111.81,113.75,113.32,112.17,112.30018841
2019-02-21 01:00:00,111.3,112.2,112.0,111.52,45.10996205
2019-02-21 02:00:00,111.52,111.82,111.52,111.78,13.41939941
2019-02-21 03:00:00,111.76,112.47,111.81,112.47,93.47922041
2019-02-21 04:00:00,112.21,112.73,112.73,112.41,10.39309783
2019-02-21 05:00:00,112.32,112.97,112.38,112.88,25.23237399
2019-02-21 06:00:00,111.66,114.25,112.85,112.05,643.95104141
2019-02-21 07:00:00,111.7,112.74,112.06,112.74,211.99069059
2019-02-21 08:00:00,110.14,112.66,112.66,110.15,230.7184525
2019-02-21 09:00:00,109.9,111.03,110.38,110.45,291.40913446
2019-02-21 10:00:00,109.01,110.42,110.38,109.29,372.80245016
2019-02-21 11:00:00,109.0,109.98,109.45,109.98,118.58067124
2019-02-21 12:00:00,109.52,110.02,110.0,109.75,72.02977143
2019-02-21 13:00:00,109.31,110.14,109.66,109.81,163.00261738
2019-02-21 14:00:00,109.6,110.75,109.97,109.65,216.1167627
2019-02-21 15:00:00,109.5,110.45,110.1,109.86,213.51714569
2019-02-21 16:00:00,108.77,109.99,109.86,109.13,387.97782685
2019-02-21 17:00:00,109.04,109.99,109.04,109.99,94.597886
2019-02-21 18:00:00,109.34,110.21,109.62,109.66,178.06682545
2019-02-21 19:00:00,109.51,110.0,109.51,110.0,64.79069578
2019-02-21 20:00:00,109.81,110.69,109.81,110.09,125.33180991
2019-02-21 21:00:00,109.9,110.73,110.0,110.12,124.91109984
2019-02-21 22:00:00,109.96,110.22,110.12,110.22,83.0955196
2019-02-21 23:00:00,110.16,110.7,110.21,110.69,116.27394132
2019-02-22 00:00:00,110.0,110.74,110.7,110.2,86.16316947
2019-02-22 01:00:00,110.35,111.0,110.35,111.0,140.15609691
2019-02-22 02:00:00,111.0,111.88,111.0,111.66,25.91923377
2019-02-22 03:00:00,111.61,111.8,111.67,111.61,5.774474
2019-02-22 04:00:00,111.22,111.74,111.4,111.34,14.18704612
2019-02-22 05:00:00,111.41,111.97,111.58,111.41,33.49115447
2019-02-22 06:00:00,111.09,111.94,111.52,111.09,29.60527954
2019-02-22 07:00:00,109.42,111.09,111.09,109.98,40.54581224
2019-02-22 08:00:00,109.75,112.12,109.98,112.08,138.57177077
2019-02-22 09:00:00,111.7,112.5,112.08,112.5,98.78192058
2019-02-22 10:00:00,111.97,112.59,112.5,112.15,308.02288452
2019-02-22 11:00:00,112.0,112.38,112.19,112.25,107.61166543
2019-02-22 12:00:00,112.24,113.23,112.25,112.91,264.439483
2019-02-22 13:00:00,112.9,113.69,112.9,113.32,174.22178574
2019-02-22 14:00:00,112.11,113.28,113.2,112.33,166.30255687
2019-02-22 15:00:00,111.31,112.93,112.68,112.13,392.21261319
2019-02-22 16:00:00,112.0,112.6,112.16,112.6,38.91082055
2019-02-22 17:00:00,112.1,112.6,112.51,112.6,70.83219761
2019-02-22 18:00:00,112.37,113.16,112.6,113.0,171.96256699
2019-02-22 19:00:00,112.9,113.09,113.0,112.9,64.08996465
2019-02-22 20:00:00,112.49,113.07,113.0,112.82,117.66036758
2019-02-22 21:00:00,112.72,113.07,112.83,113.07,57.52548769
2019-02-22 22:00:00,113.0,113.15,113.07,113.13,84.60421717
2019-02-22 23:00:00,112.77,113.15,113.13,112.98,153.23563304
2019-02-23 00:00:00,112.28,113.1,112.98,112.58,140.03356877
2019-02-23 01:00:00,112.6,113.11,112.81,112.95,93.19327568
2019-02-23 02:00:00,112.67,112.93,112.71,112.93,19.22702238
2019-02-23 03:00:00,112.92,112.93,112.93,112.92,48.9337287
2019-02-23 04:00:00,112.2,112.93,112.93,112.25,53.90710605
2019-02-23 05:00:00,112.11,112.33,112.2,112.33,0.88088994
2019-02-23 06:00:00,112.32,112.56,112.33,112.46,5.53507872
2019-02-23 07:00:00,112.3,112.77,112.73,112.61,40.45312391
2019-02-23 08:00:00,112.13,113.08,112.68,112.46,58.92769838
2019-02-23 09:00:00,112.01,113.09,112.23,113.09,87.52712231
2019-02-23 10:00:00,112.31,113.86,112.94,113.41,650.96630884
2019-02-23 11:00:00,112.64,113.27,113.2,112.96,159.50968691
2019-02-23 12:00:00,112.65,113.14,112.93,112.81,131.76498417
2019-02-23 13:00:00,112.85,113.78,113.01,113.22,178.73622467
2019-02-23 14:00:00,113.01,113.19,113.15,113.08,49.05440459
2019-02-23 15:00:00,112.5,113.41,113.09,112.72,279.94281923
2019-02-23 16:00:00,112.57,118.0,112.64,117.55,1003.46261181
2019-02-23 17:00:00,116.75,121.38,117.59,119.78,1572.30240381
2019-02-23 18:00:00,119.32,121.73,119.99,120.0,455.07657017
2019-02-23 19:00:00,120.14,121.46,120.25,120.3,670.19697004
2019-02-23 20:00:00,120.16,123.04,120.3,122.0,746.55564298
2019-02-23 21:00:00,120.74,122.37,122.24,120.74,337.04664416
2019-02-23 22:00:00,120.42,121.5,120.77,121.5,345.87668414
2019-02-23 23:00:00,121.03,121.5,121.47,121.46,107.40765258
2019-02-24 00:00:00,121.17,122.5,121.46,122.16,147.69305856
2019-02-24 01:00:00,121.45,122.5,122.28,122.09,89.39309179
2019-02-24 02:00:00,122.14,125.0,122.42,125.0,325.53040963
2019-02-24 03:00:00,124.93,126.42,125.0,125.78,222.88306244
2019-02-24 04:00:00,124.96,126.47,126.07,125.7,86.84322763
2019-02-24 05:00:00,125.57,126.38,125.76,125.99,30.93527091
2019-02-24 06:00:00,125.99,127.0,126.0,126.34,153.72597791
2019-02-24 07:00:00,125.32,126.64,126.62,126.3,190.48390794
2019-02-24 08:00:00,125.83,126.64,126.3,126.09,145.23189349
2019-02-24 09:00:00,124.12,126.09,126.09,125.24,236.0143617
2019-02-24 10:00:00,125.13,126.03,125.29,125.84,396.01361958
2019-02-24 11:00:00,125.3,126.59,125.6,125.99,612.61772655
2019-02-24 12:00:00,125.0,126.48,125.57,125.05,242.84688066
2019-02-24 13:00:00,124.0,126.34,125.0,124.0,235.91594436
2019-02-24 14:00:00,108.56,124.2,124.0,108.66,3367.07675868
2019-02-24 15:00:00,108.66,112.5,108.66,108.79,726.77782996
2019-02-24 16:00:00,103.8,108.86,108.74,105.67,1593.55680674
2019-02-24 17:00:00,105.59,107.71,105.7,106.52,597.48021253
2019-02-24 18:00:00,106.12,107.89,106.51,106.95,366.87759423
2019-02-24 19:00:00,106.02,107.1,106.95,106.58,324.6966256
2019-02-24 20:00:00,106.22,106.96,106.32,106.78,194.52450557
2019-02-24 21:00:00,106.45,108.48,106.78,106.96,251.53492742
2019-02-24 22:00:00,105.16,106.96,106.92,106.1,409.01312442
2019-02-24 23:00:00,101.12,106.04,105.95,101.33,497.6583595
2019-02-25 00:00:00,101.33,105.47,101.33,103.95,152.11514492
2019-02-25 01:00:00,103.26,104.47,103.77,104.47,52.41659717
2019-02-25 02:00:00,104.02,105.46,104.04,105.46,58.11235089
2019-02-25 03:00:00,105.47,106.4,105.47,106.04,48.29091347
2019-02-25 04:00:00,105.86,106.69,106.04,106.61,27.94985724
2019-02-25 05:00:00,105.34,106.6,106.6,105.72,98.72157369
2019-02-25 06:00:00,105.41,106.72,105.59,105.55,55.27340231
2019-02-25 07:00:00,104.3,105.14,105.14,104.72,175.92007805
2019-02-25 08:00:00,104.55,105.25,104.62,105.25,78.61266751
2019-02-25 09:00:00,105.01,105.98,105.25,105.01,181.74433536
2019-02-25 10:00:00,103.2,105.33,105.01,104.68,412.01233609
2019-02-25 11:00:00,104.54,105.14,104.74,104.75,378.93001989
2019-02-25 12:00:00,104.58,105.94,104.66,105.55,207.33311887
2019-02-25 13:00:00,105.54,106.3,105.73,106.01,204.14129548
2019-02-25 14:00:00,104.04,106.0,106.0,104.66,152.95137633
2019-02-25 15:00:00,104.53,105.47,104.66,105.03,310.68688069
2019-02-25 16:00:00,105.03,108.85,105.05,107.73,293.06961939
2019-02-25 17:00:00,106.06,107.89,107.89,106.4,425.0380124
2019-02-25 18:00:00,106.55,108.26,106.55,107.94,256.65183601
2019-02-25 19:00:00,106.8,107.94,107.94,106.99,751.03613584
2019-02-25 20:00:00,104.31,107.11,106.99,104.82,591.22090742
2019-02-25 21:00:00,104.31,105.28,105.0,104.44,237.55921574
2019-02-25 22:00:00,104.3,106.34,104.35,105.83,235.88614547
2019-02-25 23:00:00,105.83,107.84,105.9,105.95,236.96428652
2019-02-26 00:00:00,104.54,106.47,105.83,105.7,182.15319467
2019-02-26 01:00:00,105.16,105.61,105.59,105.34,45.23040503
2019-02-26 02:00:00,105.3,105.58,105.32,105.3,15.05125294
2019-02-26 03:00:00,105.3,105.31,105.31,105.31,10.295384
2019-02-26 04:00:00,105.1,105.33,105.3,105.19,23.92092603
2019-02-26 05:00:00,104.01,105.0,105.0,104.27,40.21103959
2019-02-26 06:00:00,103.4,104.15,104.15,103.53,45.86353478
2019-02-26 07:00:00,103.6,104.21,103.82,104.09,184.22725072
2019-02-26 08:00:00,103.53,104.51,104.1,103.82,57.37159644
2019-02-26 09:00:00,102.2,104.13,103.93,103.3,236.06173081
2019-02-26 10:00:00,103.19,103.9,103.39,103.41,108.32255938
2019-02-26 11:00:00,103.1,103.79,103.58,103.1,188.9352399
2019-02-26 12:00:00,102.32,103.17,103.1,102.94,131.51079052
2019-02-26 13:00:00,102.2,103.08,102.77,102.9,270.65773721
2019-02-26 14:00:00,102.9,104.09,103.06,104.0,227.833883
2019-02-26 15:00:00,103.5,104.17,104.05,103.5,180.09255191
2019-02-26 16:00:00,102.3,103.34,103.33,102.3,114.88856638
2019-02-26 17:00:00,100.96,102.59,102.31,102.51,244.26416251
2019-02-26 18:00:00,101.36,102.78,102.47,101.95,111.36817854
2019-02-26 19:00:00,101.57,102.2,101.77,101.98,125.27072355
2019-02-26 20:00:00,101.71,102.26,101.97,102.14,250.0521887
2019-02-26 21:00:00,102.04,103.65,102.44,102.04,320.88465856
2019-02-26 22:00:00,102.27,102.97,102.27,102.97,221.45803915
2019-02-26 23:00:00,102.46,103.0,102.97,102.79,164.32868244
2019-02-27 00:00:00,102.0,102.86,102.86,102.04,35.37961638
2019-02-27 01:00:00,101.8,102.23,102.03,102.09,47.07326945
2019-02-27 02:00:00,102.12,102.69,102.16,102.57,23.35920565
2019-02-27 03:00:00,102.27,102.58,102.38,102.28,22.24616808
2019-02-27 04:00:00,102.47,102.58,102.47,102.53,12.00602229
2019-02-27 05:00:00,102.32,102.89,102.5,102.89,36.59141436
2019-02-27 06:00:00,102.49,102.99,102.85,102.49,79.02916444
2019-02-27 07:00:00,102.55,104.4,102.73,104.17,164.04889293
2019-02-27 08:00:00,104.1,106.65,104.1,104.77,918.50794458
2019-02-27 09:00:00,104.25,105.89,104.58,104.35,87.27562232
2019-02-27 10:00:00,103.91,104.44,104.36,103.95,262.61007956
2019-02-27 11:00:00,103.76,104.16,103.91,103.94,175.83051116
2019-02-27 12:00:00,103.82,104.36,104.26,103.97,287.75745294
2019-02-27 13:00:00,103.8,105.37,103.8,104.96,130.58147026
2019-02-27 14:00:00,102.17,104.75,104.75,103.51,272.00122142
2019-02-27 15:00:00,102.96,103.5,103.5,103.06,245.03590238
2019-02-27 16:00:00,102.59,103.41,103.14,102.59,101.23599554
2019-02-27 17:00:00,102.54,103.0,102.54,103.0,90.35533964
2019-02-27 18:00:00,102.5,103.0,102.95,102.52,163.93001257
2019-02-27 19:00:00,101.61,102.63,102.51,101.77,204.24276048
2019-02-27 20:00:00,95.42,101.95,101.9,97.18,1324.50726942
2019-02-27 21:00:00,96.58,98.86,97.13,98.86,583.36099392
2019-02-27 22:00:00,98.0,99.19,98.52,98.91,114.41881884
2019-02-27 23:00:00,99.13,101.34,99.51,101.2,740.25467373
2019-02-28 00:00:00,100.88,102.56,101.4,102.12,175.70076982
2019-02-28 01:00:00,102.49,103.65,102.49,103.32,222.27853839
2019-02-28 02:00:00,101.97,103.1,103.1,101.97,43.79411899
2019-02-28 03:00:00,102.04,102.49,102.12,102.49,14.60230068
2019-02-28 04:00:00,102.49,103.46,102.49,102.79,47.13033915
2019-02-28 05:00:00,102.69,103.21,102.89,102.98,121.96904793
2019-02-28 06:00:00,102.06,102.96,102.96,102.06,153.80155593
2019-02-28 07:00:00,101.57,102.14,102.14,102.07,53.99866836
2019-02-28 08:00:00,102.08,103.39,102.08,103.13,178.43572888
2019-02-28 09:00:00,102.39,103.28,103.0,102.51,348.11324352
2019-02-28 10:00:00,102.03,102.63,102.5,102.21,124.04384659
2019-02-28 11:00:00,102.2,103.16,102.2,102.51,340.19234137
2019-02-28 12:00:00,102.03,103.0,102.53,102.26,171.53431993
2019-02-28 13:00:00,102.04,102.29,102.29,102.29,96.63630291
2019-02-28 14:00:00,102.13,103.0,102.29,102.81,139.99966772
2019-02-28 15:00:00,99.87,104.57,102.94,102.67,576.56789741
2019-02-28 16:00:00,100.83,103.64,103.01,102.8,424.65284803
2019-02-28 17:00:00,101.77,102.93,102.55,102.0,290.81855161
2019-02-28 18:00:00,101.56,102.86,102.0,102.57,151.97691911
2019-02-28 19:00:00,101.67,103.5,102.79,102.29,511.56053518
2019-02-28 20:00:00,101.8,102.64,102.04,102.18,135.57051683
2019-02-28 21:00:00,102.17,102.72,102.19,102.24,123.50915879
2019-02-28 22:00:00,101.7,102.37,102.24,102.26,368.75722144
2019-02-28 23:00:00,101.7,102.67,101.82,101.8,353.86015917
2019-03-01 00:00:00,101.89,102.37,101.89,102.24,30.94340133
2019-03-01 01:00:00,101.83,102.24,102.23,102.22,122.64757369
2019-03-01 02:00:00,101.96,102.25,102.22,102.25,5.54742963
2019-03-01 03:00:00,102.11,102.55,102.25,102.38,5.32806956
2019-03-01 04:00:00,102.06,102.64,102.59,102.34,119.30558266
2019-03-01 05:00:00,102.34,102.52,102.51,102.51,13.62325662
2019-03-01 06:00:00,102.21,102.59,102.52,102.21,41.59466996
2019-03-01 07:00:00,101.5,102.25,102.21,102.11,54.19322387
2019-03-01 08:00:00,101.88,102.34,102.11,102.34,76.38742408
2019-03-01 09:00:00,102.22,102.76,102.34,102.5,68.66524177
2019-03-01 10:00:00,102.16,102.51,102.51,102.3,112.2065523
2019-03-01 11:00:00,102.03,102.3,102.3,102.08,91.07535004
2019-03-01 12:00:00,101.84,102.21,102.05,102.03,112.82128858
2019-03-01 13:00:00,101.76,102.18,102.1,102.16,133.57044512
2019-03-01 14:00:00,101.93,102.37,102.16,102.37,162.26946516
2019-03-01 15:00:00,102.1,102.51,102.33,102.51,224.06092066
2019-03-01 16:00:00,102.51,104.06,102.51,103.18,389.7484648
2019-03-01 17:00:00,103.23,104.44,103.28,103.65,315.87313916
2019-03-01 18:00:00,103.41,103.95,103.94,103.49,185.85729465
2019-03-01 19:00:00,103.48,104.0,103.69,103.73,195.57734337
2019-03-01 20:00:00,103.38,103.95,103.73,103.55,150.07025794
2019-03-01 21:00:00,103.14,103.64,103.52,103.64,65.7055765
2019-03-01 22:00:00,102.7,103.7,103.7,102.74,118.46688066
2019-03-01 23:00:00,102.34,103.52,102.74,102.35,108.63344586
2019-03-02 00:00:00,102.0,103.37,102.44,102.91,153.30814954
2019-03-02 01:00:00,102.44,103.47,102.58,102.9,22.10224327
2019-03-02 02:00:00,102.41,102.95,102.9,102.41,13.9542877
2019-03-02 03:00:00,102.41,102.49,102.42,102.49,11.5441945
2019-03-02 04:00:00,101.89,103.17,102.47,101.89,33.06192498
2019-03-02 05:00:00,101.73,102.55,101.88,101.73,21.37040104
2019-03-02 06:00:00,101.73,102.0,102.0,101.73,13.59770714
2019-03-02 07:00:00,100.52,101.75,101.74,100.52,61.13739608
2019-03-02 08:00:00,99.4,101.18,100.51,101.18,147.44162563
2019-03-02 09:00:00,100.0,101.21,101.18,100.25,98.95008627
2019-03-02 10:00:00,100.0,101.38,100.01,101.03,128.0756256
2019-03-02 11:00:00,100.87,102.21,101.13,101.39,320.92508208
2019-03-02 12:00:00,101.02,102.4,101.35,101.36,177.24659569
2019-03-02 13:00:00,100.99,102.19,101.34,100.99,122.33722762
2019-03-02 14:00:00,100.83,101.33,101.0,101.1,64.5307191
2019-03-02 15:00:00,100.52,101.97,101.1,100.7,456.33940966
2019-03-02 16:00:00,99.7,100.92,100.65,100.4,476.94072604
2019-03-02 17:00:00,100.0,100.5,100.43,100.0,124.45339965
2019-03-02 18:00:00,99.76,100.95,100.0,100.3,352.42646514
2019-03-02 19:00:00,100.07,101.5,100.3,101.49,79.02129124
2019-03-02 20:00:00,100.68,101.41,101.41,100.98,72.21112263
2019-03-02 21:00:00,100.72,101.1,100.83,100.91,39.09608967
2019-03-02 22:00:00,100.64,101.0,100.91,100.8,26.47698663
2019-03-02 23:00:00,100.65,101.18,100.76,101.17,140.88702835
2019-03-03 00:00:00,101.17,103.07,101.17,102.05,159.88199516
2019-03-03 01:00:00,102.02,103.05,102.05,102.11,16.91234403
2019-03-03 02:00:00,102.02,102.11,102.05,102.02,22.93401647
2019-03-03 03:00:00,101.11,102.11,102.11,101.23,191.53585201
2019-03-03 04:00:00,101.24,101.47,101.24,101.42,60.37758026
2019-03-03 05:00:00,101.43,101.56,101.43,101.56,5.0
2019-03-03 06:00:00,101.42,101.75,101.66,101.43,20.77037942
2019-03-03 07:00:00,101.42,101.65,101.42,101.55,37.03889311
2019-03-03 08:00:00,101.42,101.93,101.53,101.44,122.44660702
2019-03-03 09:00:00,101.34,101.59,101.46,101.5,84.28255749
2019-03-03 10:00:00,101.48,102.03,101.5,102.03,65.85077779
2019-03-03 11:00:00,101.67,102.23,101.97,102.0,55.843421
2019-03-03 12:00:00,101.51,102.0,102.0,101.84,73.72886425
2019-03-03 13:00:00,100.13,101.84,101.84,101.17,277.44342299
2019-03-03 14:00:00,100.64,101.8,101.28,100.64,114.41805223
2019-03-03 15:00:00,100.5,101.38,101.05,100.52,184.11430001
2019-03-03 16:00:00,100.31,101.23,100.5,101.22,210.56323063
2019-03-03 17:00:00,100.46,101.22,101.22,100.48,163.18866131
2019-03-03 18:00:00,100.06,100.5,100.48,100.13,58.62137935
2019-03-03 19:00:00,99.51,100.06,100.06,99.84,215.58561646
2019-03-03 20:00:00,99.65,100.1,99.8,99.82,165.050809
2019-03-03 21:00:00,99.42,99.88,99.82,99.55,188.73332537
2019-03-03 22:00:00,99.18,99.64,99.41,99.4,101.51071365
2019-03-03 23:00:00,97.11,99.4,99.17,98.47,191.7543167
2019-03-04 00:00:00,98.21,98.7,98.47,98.6,11.14400889
2019-03-04 01:00:00,97.82,98.7,98.69,98.21,79.04909261
2019-03-04 02:00:00,97.34,98.2,98.2,97.34,763.46389866
2019-03-04 03:00:00,96.81,97.36,97.01,97.36,17.36260543
2019-03-04 04:00:00,96.22,97.35,97.35,96.49,18.91278951
2019-03-04 05:00:00,96.0,96.98,96.22,96.74,757.86449084
2019-03-04 06:00:00,96.16,96.74,96.43,96.58,72.4509067
2019-03-04 07:00:00,96.0,96.84,96.59,96.16,124.54283852
2019-03-04 08:00:00,95.35,96.33,96.15,95.36,188.12718329
2019-03-04 09:00:00,94.94,95.7,95.36,94.94,1209.94826668
2019-03-04 10:00:00,93.21,95.08,94.99,94.16,1276.19121742
2019-03-04 11:00:00,93.83,95.86,94.15,95.07,232.97799617
2019-03-04 12:00:00,94.39,95.36,95.07,94.63,342.17773428
2019-03-04 13:00:00,94.18,95.46,94.55,95.16,214.08017557
2019-03-04 14:00:00,95.17,95.68,95.17,95.68,68.38184799
2019-03-04 15:00:00,95.3,96.07,95.68,95.61,295.2629537
2019-03-04 16:00:00,95.45,96.3,95.48,95.64,321.05462615
2019-03-04 17:00:00,95.49,96.0,95.57,95.76,196.14033102
2019-03-04 18:00:00,95.1,95.74,95.74,95.53,167.58080249
2019-03-04 19:00:00,95.1,95.53,95.32,95.45,80.05112282
2019-03-04 20:00:00,95.2,96.45,95.46,96.09,181.30827611
2019-03-04 21:00:00,95.32,96.11,96.0,95.62,140.9173562
2019-03-04 22:00:00,95.1,95.95,95.7,95.1,97.73354259
2019-03-04 23:00:00,95.0,95.54,95.2,95.54,103.22961376
2019-03-05 00:00:00,95.22,95.83,95.54,95.63,225.3596942
2019-03-05 01:00:00,95.12,95.83,95.63,95.12,74.68870767
2019-03-05 02:00:00,95.0,95.42,95.05,95.01,51.95226473
2019-03-05 03:00:00,95.0,95.72,95.0,95.14,42.27421678
2019-03-05 04:00:00,95.5,95.72,95.6,95.5,14.6622901
2019-03-05 05:00:00,95.56,95.99,95.83,95.56,35.7295544
2019-03-05 06:00:00,95.81,96.63,95.87,96.49,84.29940213
2019-03-05 07:00:00,96.41,97.37,96.41,96.97,248.21766297
2019-03-05 08:00:00,96.78,97.81,96.98,97.63,216.44249094
2019-03-05 09:00:00,97.33,97.82,97.82,97.36,125.16168811
2019-03-05 10:00:00,97.2,97.48,97.4,97.37,131.57340368
2019-03-05 11:00:00,97.02,97.54,97.39,97.38,195.01984198
2019-03-05 12:00:00,97.24,98.23,97.36,98.05,224.53266463
2019-03-05 13:00:00,98.01,102.99,98.22,102.5,618.72564765
2019-03-05 14:00:00,100.57,102.6,102.59,101.62,434.01710746
2019-03-05 15:00:00,101.56,102.3,101.72,102.06,119.9071469
2019-03-05 16:00:00,102.12,104.6,102.22,103.35,555.8046233
2019-03-05 17:00:00,103.1,103.82,103.35,103.78,259.2999263
2019-03-05 18:00:00,102.77,103.8,103.78,103.37,330.11721061
2019-03-05 19:00:00,103.13,103.5,103.13,103.5,202.6010964
2019-03-05 20:00:00,102.51,103.5,103.5,102.57,361.67520008
2019-03-05 21:00:00,101.67,103.38,102.88,102.6,211.54797285
2019-03-05 22:00:00,102.4,102.9,102.59,102.72,171.79290757
2019-03-05 23:00:00,102.63,103.77,102.9,103.77,109.1325492
2019-03-06 00:00:00,101.66,105.93,103.77,103.45,246.61022562
2019-03-06 01:00:00,102.31,103.1,103.1,102.71,26.86927417
2019-03-06 02:00:00,102.85,103.07,103.07,102.98,7.36016779
2019-03-06 03:00:00,102.75,103.15,102.98,102.75,26.09707658
2019-03-06 04:00:00,102.21,102.81,102.21,102.53,11.50701797
2019-03-06 05:00:00,102.89,103.15,103.07,102.89,26.61007013
2019-03-06 06:00:00,103.04,104.44,103.04,104.25,123.618047
2019-03-06 07:00:00,103.85,104.77,104.12,104.59,93.09252062
2019-03-06 08:00:00,103.26,104.63,104.58,103.8,187.73080363
2019-03-06 09:00:00,103.46,104.83,103.5,104.46,167.89170908
2019-03-06 10:00:00,104.14,106.5,104.6,104.14,400.85632846
2019-03-06 11:00:00,104.24,105.54,104.24,105.54,187.04095255
2019-03-06 12:00:00,104.36,105.52,105.52,104.67,306.12784397
2019-03-06 13:00:00,104.09,104.83,104.66,104.25,208.73498738
2019-03-06 14:00:00,103.01,104.42,104.25,103.94,291.30994401
2019-03-06 15:00:00,103.81,104.98,103.94,104.98,65.79630976
2019-03-06 16:00:00,103.91,104.91,104.49,104.75,155.22570712
2019-03-06 17:00:00,103.94,104.73,104.4,104.23,91.90458868
2019-03-06 18:00:00,103.54,104.22,104.22,103.84,127.6667941
2019-03-06 19:00:00,103.65,104.0,103.99,103.96,129.90223576
2019-03-06 20:00:00,103.48,103.89,103.84,103.6,137.05324165
2019-03-06 21:00:00,103.22,103.86,103.59,103.86,152.64005898
2019-03-06 22:00:00,103.72,104.74,103.77,104.74,175.28567091
2019-03-06 23:00:00,104.24,104.7,104.58,104.3,65.8738465
2019-03-07 00:00:00,103.98,105.0,104.3,104.52,572.28793945
2019-03-07 01:00:00,104.5,104.98,104.57,104.91,34.5433498
2019-03-07 02:00:00,104.5,104.98,104.66,104.8,3.18542553
2019-03-07 03:00:00,104.64,105.3,104.98,104.93,61.02359932
2019-03-07 04:00:00,104.97,105.82,105.32,105.55,77.51333356
2019-03-07 05:00:00,104.03,105.78,105.56,104.03,21.44152468
2019-03-07 06:00:00,103.83,104.55,104.02,104.26,50.63472411
2019-03-07 07:00:00,104.12,104.42,104.41,104.41,37.73420908
2019-03-07 08:00:00,103.97,104.41,104.41,104.03,144.6934522
2019-03-07 09:00:00,103.53,104.06,103.97,103.9,54.23610933
2019-03-07 10:00:00,102.89,103.7,103.68,103.59,196.18046023
2019-03-07 11:00:00,103.36,104.28,103.5,104.18,163.20525233
2019-03-07 12:00:00,103.33,104.98,104.15,104.98,134.77374568
2019-03-07 13:00:00,104.26,104.99,104.99,104.43,148.2933459
2019-03-07 14:00:00,103.84,105.23,104.39,105.15,504.6652456
2019-03-07 15:00:00,104.01,105.59,104.88,104.11,512.80878457
2019-03-07 16:00:00,104.07,105.02,104.08,105.02,396.74859589
2019-03-07 17:00:00,104.2,105.19,105.07,104.26,417.19446328
2019-03-07 18:00:00,104.33,105.0,104.45,104.81,68.27363709
2019-03-07 19:00:00,104.68,105.08,105.0,104.68,218.361048
2019-03-07 20:00:00,104.68,105.49,104.74,105.25,169.56903671
2019-03-07 21:00:00,104.9,105.47,105.39,105.37,334.43955729
2019-03-07 22:00:00,104.76,105.56,105.38,105.06,231.24556329
2019-03-07 23:00:00,104.07,105.19,104.89,104.51,155.11434426
2019-03-08 00:00:00,103.8,104.89,104.61,104.73,144.96701656
2019-03-08 01:00:00,103.67,104.5,104.5,103.92,34.7897691
2019-03-08 02:00:00,103.85,104.26,103.98,103.85,31.20535607
2019-03-08 03:00:00,103.4,104.0,103.98,103.47,47.78183742
2019-03-08 04:00:00,103.39,104.22,103.39,104.15,21.64555155
2019-03-08 05:00:00,104.15,104.61,104.15,104.61,22.79560973
2019-03-08 06:00:00,104.45,105.2,104.54,104.48,78.54001858
2019-03-08 07:00:00,103.71,104.48,104.48,103.79,86.9074084
2019-03-08 08:00:00,103.79,104.37,103.86,103.84,157.55571939
2019-03-08 09:00:00,103.22,103.93,103.84,103.65,230.70849066
2019-03-08 10:00:00,103.64,104.2,103.66,104.12,169.32569526
2019-03-08 11:00:00,103.88,104.24,104.24,104.0,60.8157026
2019-03-08 12:00:00,103.77,104.26,103.99,104.0,97.47719407
2019-03-08 13:00:00,103.83,104.3,104.06,104.09,128.98365089
2019-03-08 14:00:00,104.2,105.18,104.24,104.99,378.19394259
2019-03-08 15:00:00,104.5,105.09,104.96,104.8,204.42411038
2019-03-08 16:00:00,104.55,105.22,105.0,104.97,64.00852556
2019-03-08 17:00:00,104.75,105.1,104.84,105.0,94.98048852
2019-03-08 18:00:00,104.86,105.19,105.0,104.86,122.32460582
2019-03-08 19:00:00,104.86,105.8,105.04,105.8,222.10213701
2019-03-08 20:00:00,105.63,106.45,105.63,105.98,262.04292286
2019-03-08 21:00:00,104.74,106.01,106.01,104.74,107.8611809
2019-03-08 22:00:00,99.99,104.7,104.7,101.98,671.67397554
2019-03-08 23:00:00,101.87,102.75,101.88,102.05,298.09223936
2019-03-09 00:00:00,102.0,103.13,102.08,102.58,213.36869596
2019-03-09 01:00:00,102.72,103.72,102.72,102.88,54.17603446
2019-03-09 02:00:00,102.73,103.2,103.19,102.97,13.31962073
2019-03-09 03:00:00,102.9,103.32,103.32,102.95,11.04527613
2019-03-09 04:00:00,102.87,103.25,102.87,103.25,9.64149272
2019-03-09 05:00:00,103.44,103.66,103.44,103.64,8.01034226
2019-03-09 06:00:00,103.85,104.9,103.85,104.85,12.84441074
2019-03-09 07:00:00,104.74,105.5,104.85,104.74,131.44285626
2019-03-09 08:00:00,104.9,105.33,104.92,105.0,100.2878626
2019-03-09 09:00:00,104.99,105.89,105.0,105.5,340.49350696
2019-03-09 10:00:00,105.0,105.77,105.45,105.21,168.0780378
2019-03-09 11:00:00,105.16,105.34,105.2,105.23,77.34142242
2019-03-09 12:00:00,105.23,105.97,105.23,105.96,400.2601092
2019-03-09 13:00:00,104.5,106.0,105.96,105.23,431.90983694
2019-03-09 14:00:00,104.53,105.88,104.93,105.65,164.63403711
2019-03-09 15:00:00,105.17,105.91,105.86,105.65,248.44824348
2019-03-09 16:00:00,104.78,105.81,105.66,104.78,130.24756765
2019-03-09 17:00:00,104.49,104.94,104.74,104.54,98.4949682
2019-03-09 18:00:00,104.62,105.05,104.65,105.04,113.72142929
2019-03-09 19:00:00,105.02,105.49,105.04,105.49,111.69037241
2019-03-09 20:00:00,105.1,105.42,105.3,105.28,131.10200857
2019-03-09 21:00:00,105.03,105.38,105.2,105.03,43.99706225
2019-03-09 22:00:00,104.78,105.25,104.96,105.25,56.26741483
2019-03-09 23:00:00,105.21,105.66,105.21,105.66,90.29602616
2019-03-10 00:00:00,105.28,105.55,105.42,105.53,26.1966313
2019-03-10 01:00:00,105.44,105.64,105.54,105.44,20.32192982
2019-03-10 02:00:00,105.43,105.6,105.55,105.43,70.17949185
2019-03-10 03:00:00,105.25,105.43,105.43,105.26,80.87454342
2019-03-10 04:00:00,104.66,105.26,105.25,104.66,57.99477187
2019-03-10 05:00:00,104.6,104.84,104.84,104.72,5.8521431
2019-03-10 06:00:00,103.63,104.69,104.6,103.79,38.09924263
2019-03-10 07:00:00,103.6,103.96,103.93,103.8,11.85181011
2019-03-10 08:00:00,103.53,104.0,103.6,104.0,40.79948288
2019-03-10 09:00:00,103.81,104.12,103.99,103.83,166.60397911
2019-03-10 10:00:00,103.83,104.27,103.83,104.05,82.88762193
2019-03-10 11:00:00,103.9,104.3,104.02,104.16,72.21501912
2019-03-10 12:00:00,103.92,104.58,104.11,104.28,38.63168997
2019-03-10 13:00:00,103.78,104.27,104.09,103.78,162.19804988
2019-03-10 14:00:00,103.58,104.17,103.79,103.91,188.36725042
2019-03-10 15:00:00,103.84,104.3,104.04,103.97,83.26929857
2019-03-10 16:00:00,103.56,104.15,104.07,103.56,106.86255423
2019-03-10 17:00:00,103.59,104.03,103.59,103.8,102.43254781
2019-03-10 18:00:00,103.66,103.9,103.8,103.7,38.54484769
2019-03-10 19:00:00,103.13,103.62,103.62,103.39,66.66659853
2019-03-10 20:00:00,103.17,104.0,103.39,103.98,116.61086621
2019-03-10 21:00:00,103.98,104.99,104.0,104.34,80.09376697
2019-03-10 22:00:00,104.15,104.66,104.34,104.59,101.32154815
2019-03-10 23:00:00,103.95,104.62,104.58,104.0,101.45218806
2019-03-11 00:00:00,103.97,104.31,104.13,104.31,43.49721605
2019-03-11 01:00:00,104.22,104.31,104.31,104.29,2.25493581
2019-03-11 02:00:00,104.21,104.31,104.31,104.31,2.40136803
2019-03-11 03:00:00,104.24,104.41,104.31,104.41,10.976123
2019-03-11 04:00:00,103.94,104.41,104.41,104.11,31.01349487
2019-03-11 05:00:00,102.2,103.92,103.85,102.75,218.21559166
2019-03-11 06:00:00,102.46,102.76,102.76,102.76,75.31393788
2019-03-11 07:00:00,102.29,102.98,102.9,102.29,391.88246204
2019-03-11 08:00:00,102.37,102.98,102.4,102.5,77.76819223
2019-03-11 09:00:00,102.1,102.98,102.48,102.91,323.68990952
2019-03-11 10:00:00,102.0,102.93,102.87,102.0,135.13295793
2019-03-11 11:00:00,101.16,102.2,101.99,101.16,223.33036076
2019-03-11 12:00:00,100.66,101.73,101.43,100.78,178.49853779
2019-03-11 13:00:00,100.31,101.41,100.7,101.07,373.33112341
2019-03-11 14:00:00,100.39,101.26,101.26,100.64,160.74911584
2019-03-11 15:00:00,100.41,101.0,100.77,100.67,151.75683223
2019-03-11 16:00:00,100.46,101.0,100.46,100.57,94.46329575
2019-03-11 17:00:00,100.46,100.9,100.63,100.6,130.56596224
2019-03-11 18:00:00,100.16,100.91,100.6,100.82,302.29782787
2019-03-11 19:00:00,100.01,100.95,100.83,100.08,225.58992717
2019-03-11 20:00:00,100.16,100.9,100.16,100.88,277.80068339
2019-03-11 21:00:00,100.52,101.35,100.62,101.01,251.00121133
2019-03-11 22:00:00,100.27,101.24,101.08,100.67,170.59504638
2019-03-11 23:00:00,99.7,100.88,100.88,99.8,416.79378409
2019-03-12 00:00:00,99.72,100.35,99.8,99.76,55.94348022
2019-03-12 01:00:00,99.17,99.77,99.71,99.62,148.50948943
2019-03-12 02:00:00,98.22,99.35,99.32,98.72,253.78820064
2019-03-12 03:00:00,98.1,98.79,98.52,98.1,76.83794699
2019-03-12 04:00:00,96.73,98.2,98.1,98.09,75.97022693
2019-03-12 05:00:00,98.03,98.74,98.03,98.14,4.40048893
2019-03-12 06:00:00,97.91,98.54,98.13,98.25,48.96485701
2019-03-12 07:00:00,98.26,99.02,98.26,98.62,52.72090842
2019-03-12 08:00:00,98.59,101.3,98.59,100.94,224.4554334
2019-03-12 09:00:00,100.54,101.17,100.94,100.99,157.50529773
2019-03-12 10:00:00,100.98,101.58,101.0,101.43,177.15977546
2019-03-12 11:00:00,101.35,102.4,101.43,102.3,106.45268079
2019-03-12 12:00:00,101.77,102.4,102.3,102.19,243.31383389
2019-03-12 13:00:00,101.06,102.54,102.19,101.42,340.43860059
2019-03-12 14:00:00,100.86,101.61,101.42,101.35,123.41637538
2019-03-12 15:00:00,100.9,101.5,101.42,101.24,268.25319155
2019-03-12 16:00:00,100.72,101.66,101.0,101.59,319.98219648
2019-03-12 17:00:00,101.06,101.53,101.4,101.34,68.73431068
2019-03-12 18:00:00,100.69,101.34,101.25,100.9,90.82603791
2019-03-12 19:00:00,100.0,101.07,100.87,101.05,430.42459704
2019-03-12 20:00:00,100.66,101.91,100.92,101.91,188.41518966
2019-03-12 21:00:00,101.1,101.95,101.91,101.34,107.86028223
2019-03-12 22:00:00,101.23,101.88,101.37,101.85,154.61394358
2019-03-12 23:00:00,101.31,102.11,101.85,101.63,127.60076601
2019-03-13 00:00:00,101.3,101.88,101.88,101.37,29.01241816
2019-03-13 01:00:00,100.98,101.63,101.6,101.32,44.92828801
2019-03-13 02:00:00,100.7,101.18,101.18,100.73,16.15659093
2019-03-13 03:00:00,100.79,101.2,100.79,101.16,23.98210093
2019-03-13 04:00:00,100.69,101.17,101.17,100.69,459.43398257
2019-03-13 05:00:00,100.4,100.99,100.9,100.4,16.22292413
2019-03-13 06:00:00,100.14,100.75,100.55,100.45,53.99328126
2019-03-13 07:00:00,100.01,100.55,100.3,100.55,8.6395564
2019-03-13 08:00:00,100.01,100.67,100.56,100.29,170.7460037
2019-03-13 09:00:00,99.88,100.45,100.1,99.88,102.60266845
2019-03-13 10:00:00,99.14,99.99,99.82,99.67,239.65260074
2019-03-13 11:00:00,99.53,100.02,99.68,99.88,105.33435339
2019-03-13 12:00:00,99.72,100.2,99.78,100.16,74.08875597
2019-03-13 13:00:00,100.1,100.97,100.41,100.21,137.96337247
2019-03-13 14:00:00,99.53,100.5,100.27,99.72,109.87162393
2019-03-13 15:00:00,99.4,99.85,99.61,99.5,115.28809318
2019-03-13 16:00:00,99.24,99.78,99.68,99.47,56.38394225
2019-03-13 17:00:00,99.06,99.67,99.35,99.62,78.5980163
2019-03-13 18:00:00,99.23,99.74,99.62,99.37,640.13768108
2019-03-13 19:00:00,99.12,99.63,99.63,99.14,242.31576011
2019-03-13 20:00:00,98.24,99.39,99.39,98.6,401.82765044
2019-03-13 21:00:00,98.14,98.6,98.6,98.53,92.31968681
2019-03-13 22:00:00,98.32,99.02,98.38,99.02,171.01091674
2019-03-13 23:00:00,98.67,99.89,98.8,99.29,77.88397013
2019-03-14 00:00:00,98.8,99.74,99.12,99.27,204.37286164
2019-03-14 01:00:00,99.16,99.78,99.45,99.78,188.58412883
2019-03-14 02:00:00,99.39,99.7,99.66,99.42,7.43198038
2019-03-14 03:00:00,99.09,99.69,99.69,99.49,16.13492912
2019-03-14 04:00:00,99.67,99.69,99.67,99.69,1.95980775
2019-03-14 05:00:00,99.33,99.7,99.69,99.56,8.41260772
2019-03-14 06:00:00,99.0,99.45,99.33,99.02,53.19744088
2019-03-14 07:00:00,98.69,99.33,99.33,98.92,38.87289217
2019-03-14 08:00:00,98.46,98.97,98.92,98.93,67.03390661
2019-03-14 09:00:00,98.44,99.34,98.92,99.05,444.82629213
2019-03-14 10:00:00,99.04,99.46,99.05,99.27,40.1588554
2019-03-14 11:00:00,98.85,99.45,99.33,98.85,272.55386573
2019-03-14 12:00:00,98.52,99.41,99.09,98.77,153.58459912
2019-03-14 13:00:00,98.65,99.47,98.95,99.35,183.68493302
2019-03-14 14:00:00,97.9,101.55,99.33,99.46,301.00195368
2019-03-14 15:00:00,99.05,99.64,99.46,99.45,170.74533604
2019-03-14 16:00:00,99.11,99.79,99.44,99.26,204.07987481
2019-03-14 17:00:00,99.05,99.77,99.09,99.77,87.40838916
2019-03-14 18:00:00,99.23,99.77,99.77,99.46,36.47708435
2019-03-14 19:00:00,99.43,99.82,99.55,99.8,148.60900428
2019-03-14 20:00:00,99.38,99.92,99.8,99.39,77.82905104
2019-03-14 21:00:00,99.18,99.7,99.44,99.59,159.26627809
2019-03-14 22:00:00,99.41,99.6,99.59,99.54,57.1597877
2019-03-14 23:00:00,99.4,99.59,99.59,99.48,46.53206643
2019-03-15 00:00:00,99.4,100.49,99.41,100.24,271.03932907
2019-03-15 01:00:00,100.36,100.83,100.49,100.45,33.27270717
2019-03-15 02:00:00,100.22,100.51,100.45,100.35,88.51856433
2019-03-15 03:00:00,100.04,100.43,100.32,100.43,19.20673579
2019-03-15 04:00:00,100.2,100.58,100.43,100.55,6.72077885
2019-03-15 05:00:00,100.18,100.72,100.55,100.72,21.92121888
2019-03-15 06:00:00,100.53,100.92,100.7,100.72,26.69609707
2019-03-15 07:00:00,100.22,100.71,100.71,100.36,126.67272334
2019-03-15 08:00:00,100.24,100.37,100.37,100.32,43.13442711
2019-03-15 09:00:00,100.24,100.37,100.3,100.37,74.41802324
2019-03-15 10:00:00,100.32,101.15,100.36,100.82,206.12623868
2019-03-15 11:00:00,100.45,101.49,100.49,101.38,259.93069736
2019-03-15 12:00:00,100.91,101.48,101.25,101.4,278.14707744
2019-03-15 13:00:00,101.09,101.71,101.4,101.09,355.71969039
2019-03-15 14:00:00,101.05,101.6,101.05,101.44,150.23921637
2019-03-15 15:00:00,101.6,103.17,101.6,102.46,512.1410438
2019-03-15 16:00:00,102.29,103.17,103.09,102.31,187.38407776
2019-03-15 17:00:00,102.3,102.98,102.31,102.75,202.52668743
2019-03-15 18:00:00,102.4,102.82,102.61,102.7,48.67598958
2019-03-15 19:00:00,102.44,102.89,102.45,102.83,72.41132124
2019-03-15 20:00:00,102.54,102.95,102.84,102.7,99.1939825
2019-03-15 21:00:00,102.02,102.67,102.6,102.35,171.27820485
2019-03-15 22:00:00,102.02,102.59,102.35,102.15,156.64399302
2019-03-15 23:00:00,102.01,102.6,102.11,102.6,39.94850933
2019-03-16 00:00:00,102.31,102.77,102.58,102.77,10.8451863
2019-03-16 01:00:00,102.8,103.89,102.8,103.89,128.22410138
2019-03-16 02:00:00,103.56,103.88,103.59,103.88,18.10714738
2019-03-16 03:00:00,103.71,103.97,103.88,103.96,13.92850041
2019-03-16 04:00:00,103.96,106.0,103.97,106.0,164.04891738
2019-03-16 05:00:00,104.14,106.99,106.01,106.46,628.82420554
2019-03-16 06:00:00,105.5,106.45,106.45,106.23,83.28814993
2019-03-16 07:00:00,105.61,106.42,106.05,105.61,198.27918544
2019-03-16 08:00:00,104.95,105.99,105.62,105.3,365.01514076
2019-03-16 09:00:00,105.26,105.95,105.5,105.93,119.71912741
2019-03-16 10:00:00,105.94,106.5,105.95,106.5,233.43832692
2019-03-16 11:00:00,106.39,106.63,106.5,106.62,351.28501239
2019-03-16 12:00:00,104.2,106.63,106.62,104.59,592.97819652
2019-03-16 13:00:00,104.6,105.3,104.86,105.06,165.28657304
2019-03-16 14:00:00,105.05,105.5,105.2,105.27,80.68399278
2019-03-16 15:00:00,105.06,105.3,105.3,105.07,52.94747886
2019-03-16 16:00:00,104.92,105.5,105.07,105.24,278.28252247
2019-03-16 17:00:00,105.09,105.5,105.46,105.41,144.36263378
2019-03-16 18:00:00,105.14,105.46,105.3,105.34,52.25058981
2019-03-16 19:00:00,104.83,105.34,105.34,105.19,74.64460019
2019-03-16 20:00:00,104.99,105.34,105.19,105.12,127.79717006
2019-03-16 21:00:00,104.99,105.37,105.06,105.37,130.80827925
2019-03-16 22:00:00,105.36,105.49,105.39,105.48,73.41702354
2019-03-16 23:00:00,105.48,105.5,105.49,105.49,35.15635753
2019-03-17 00:00:00,103.39,105.5,105.5,103.97,271.89676377
2019-03-17 01:00:00,103.85,104.98,103.97,103.93,276.8058227
2019-03-17 02:00:00,103.65,104.46,104.4,103.67,15.36296454
2019-03-17 03:00:00,103.65,103.97,103.65,103.65,69.93888196
2019-03-17 04:00:00,103.27,103.66,103.66,103.31,162.33033141
2019-03-17 05:00:00,103.27,103.61,103.31,103.5,41.91007787
2019-03-17 06:00:00,103.5,103.66,103.5,103.66,53.05221106
2019-03-17 07:00:00,103.6,103.66,103.61,103.66,76.60670183
2019-03-17 08:00:00,103.66,104.25,103.66,104.07,220.60001473
2019-03-17 09:00:00,103.66,104.09,104.06,103.7,78.29536463
2019-03-17 10:00:00,103.7,104.5,103.7,104.48,90.36414172
2019-03-17 11:00:00,104.04,104.5,104.44,104.42,64.69333689
2019-03-17 12:00:00,104.01,104.46,104.18,104.08,363.63895985
2019-03-17 13:00:00,104.06,104.42,104.24,104.42,109.55349943
2019-03-17 14:00:00,104.19,104.97,104.49,104.7,170.2402145
2019-03-17 15:00:00,104.24,104.88,104.8,104.67,103.50828212
2019-03-17 16:00:00,104.01,105.15,104.69,104.3,181.69267082
2019-03-17 17:00:00,103.85,104.43,104.41,104.3,145.32560119
2019-03-17 18:00:00,103.87,104.62,104.34,104.45,124.932756
2019-03-17 19:00:00,104.26,104.49,104.46,104.28,43.42361755
2019-03-17 20:00:00,104.29,104.97,104.29,104.97,72.18266851
2019-03-17 21:00:00,104.46,105.0,104.96,104.8,202.58113756
2019-03-17 22:00:00,104.37,104.94,104.8,104.39,86.52601394
2019-03-17 23:00:00,104.0,104.78,104.47,104.03,141.21827692
2019-03-18 00:00:00,103.67,104.97,104.12,104.97,200.03958563
2019-03-18 01:00:00,104.96,106.23,104.96,105.25,673.87550555
2019-03-18 02:00:00,105.33,105.82,105.66,105.67,8.2090782
2019-03-18 03:00:00,105.25,105.64,105.35,105.31,12.70775574
2019-03-18 04:00:00,105.05,105.59,105.37,105.05,23.56973319
2019-03-18 05:00:00,102.75,105.05,105.01,102.77,357.39022913
2019-03-18 06:00:00,102.89,103.34,102.89,103.34,14.92914022
2019-03-18 07:00:00,102.72,103.34,103.28,103.1,51.33160788
2019-03-18 08:00:00,103.07,103.83,103.13,103.73,130.26661224
2019-03-18 09:00:00,103.57,103.97,103.88,103.66,213.19949254
2019-03-18 10:00:00,103.16,103.85,103.74,103.5,140.49764382
2019-03-18 11:00:00,102.73,103.65,103.4,103.45,188.52269715
2019-03-18 12:00:00,103.32,104.26,103.41,104.16,137.95484567
2019-03-18 13:00:00,103.59,104.18,104.12,103.8,129.31440979
2019-03-18 14:00:00,103.17,103.79,103.79,103.36,158.78302123
2019-03-18 15:00:00,103.31,104.49,103.31,104.17,433.71030593
2019-03-18 16:00:00,103.47,104.11,104.04,103.88,143.9014823
2019-03-18 17:00:00,103.55,104.0,103.96,103.59,141.55772848
2019-03-18 18:00:00,103.58,103.87,103.59,103.87,343.2869084
2019-03-18 19:00:00,103.24,103.86,103.76,103.5,229.30032298
2019-03-18 20:00:00,103.48,103.87,103.5,103.87,159.04930914
2019-03-18 21:00:00,103.77,104.45,103.87,104.02,88.11627224
2019-03-18 22:00:00,103.93,104.14,104.14,103.95,61.37572644
2019-03-18 23:00:00,103.82,104.11,104.0,103.82,79.50172213
2019-03-19 00:00:00,103.61,104.57,103.7,104.18,105.63173063
2019-03-19 01:00:00,103.91,104.7,104.31,104.14,132.78487745
2019-03-19 02:00:00,104.07,104.42,104.23,104.19,9.04153719
2019-03-19 03:00:00,103.64,104.14,104.08,103.64,23.19809499
2019-03-19 04:00:00,103.24,103.64,103.64,103.24,37.04466001
2019-03-19 05:00:00,103.41,103.62,103.41,103.43,5.39264994
2019-03-19 06:00:00,103.25,103.77,103.66,103.25,22.5574917
2019-03-19 07:00:00,103.11,103.63,103.46,103.29,45.67785745
2019-03-19 08:00:00,103.16,103.55,103.34,103.34,65.9926142
2019-03-19 09:00:00,103.31,104.0,103.34,104.0,56.35540384
2019-03-19 10:00:00,103.42,104.22,104.0,103.67,140.94457918
2019-03-19 11:00:00,103.44,103.89,103.85,103.71,121.91148644
2019-03-19 12:00:00,103.26,103.75,103.69,103.49,75.50110453
2019-03-19 13:00:00,103.29,103.95,103.52,103.91,93.91902948
2019-03-19 14:00:00,103.54,104.5,103.89,103.91,293.59393629
2019-03-19 15:00:00,103.55,103.99,103.82,103.99,77.9495822
2019-03-19 16:00:00,103.6,104.19,103.9,103.7,124.08602937
2019-03-19 17:00:00,103.75,104.25,103.98,104.21,105.11048122
2019-03-19 18:00:00,103.56,104.39,104.18,104.03,347.81980027
2019-03-19 19:00:00,103.49,104.23,104.1,103.96,230.69330435
2019-03-19 20:00:00,103.82,104.28,104.11,103.95,190.75346186
2019-03-19 21:00:00,103.61,104.16,103.95,104.0,80.52235855
2019-03-19 22:00:00,103.65,104.36,103.97,104.31,244.48124349
2019-03-19 23:00:00,104.04,104.29,104.26,104.28,64.94874188
2019-03-20 00:00:00,103.37,104.28,104.28,103.37,170.63488211
2019-03-20 01:00:00,103.33,103.52,103.4,103.5,16.34232575
2019-03-20 02:00:00,103.51,103.52,103.52,103.52,3.24889956
2019-03-20 03:00:00,103.51,103.53,103.52,103.51,22.48430924
2019-03-20 04:00:00,103.33,103.5,103.5,103.35,24.84134488
2019-03-20 05:00:00,103.35,103.61,103.35,103.4,19.00729483
2019-03-20 06:00:00,103.4,103.85,103.85,103.42,37.13341602
2019-03-20 07:00:00,103.49,103.83,103.57,103.56,86.27899002
2019-03-20 08:00:00,103.55,103.9,103.56,103.9,17.05655134
2019-03-20 09:00:00,103.31,103.9,103.87,103.31,204.69156122
2019-03-20 10:00:00,102.8,104.0,103.3,103.86,183.34123745
2019-03-20 11:00:00,103.86,104.37,103.86,104.3,379.83808205
2019-03-20 12:00:00,104.05,105.0,104.2,105.0,263.67149703
2019-03-20 13:00:00,104.52,105.2,105.0,104.52,107.6081199
2019-03-20 14:00:00,104.41,104.73,104.72,104.6,35.44166748
2019-03-20 15:00:00,104.2,104.6,104.6,104.26,180.34880244
2019-03-20 16:00:00,104.05,104.85,104.26,104.25,239.29694337
2019-03-20 17:00:00,104.26,104.7,104.26,104.47,113.18336209
2019-03-20 18:00:00,104.0,104.4,104.4,104.11,286.35756538
2019-03-20 19:00:00,104.04,104.36,104.08,104.1,86.3592444
2019-03-20 20:00:00,104.28,104.73,104.29,104.66,65.473532
2019-03-20 21:00:00,104.47,104.85,104.66,104.81,58.81174668
2019-03-20 22:00:00,104.6,105.5,104.84,105.5,243.04961057
2019-03-20 23:00:00,105.01,105.52,105.49,105.01,99.73428868
2019-03-21 00:00:00,104.9,105.4,105.1,105.39,176.40050786
2019-03-21 01:00:00,104.39,105.39,105.18,104.61,66.76780696
2019-03-21 02:00:00,104.58,104.92,104.58,104.9,12.29586754
2019-03-21 03:00:00,104.7,104.75,104.74,104.75,1.7730507
2019-03-21 04:00:00,104.74,104.74,104.74,104.74,0.4676554
2019-03-21 05:00:00,104.73,104.91,104.73,104.74,12.14373285
2019-03-21 06:00:00,104.58,104.94,104.89,104.93,183.86891482
2019-03-21 07:00:00,104.71,105.45,104.92,105.45,123.81325845
2019-03-21 08:00:00,105.07,105.5,105.27,105.25,20.12515737
2019-03-21 09:00:00,105.15,105.49,105.26,105.4,113.59272874
2019-03-21 10:00:00,105.07,106.0,105.21,105.48,268.43456738
2019-03-21 11:00:00,105.46,105.95,105.46,105.8,131.0993712
2019-03-21 12:00:00,105.21,105.82,105.8,105.49,122.49317763
2019-03-21 13:00:00,104.37,105.61,105.47,104.5,423.19542981
2019-03-21 14:00:00,101.76,104.64,104.51,101.76,425.76802681
2019-03-21 15:00:00,101.77,103.32,101.77,102.92,314.02327781
2019-03-21 16:00:00,102.46,103.21,102.92,102.7,206.20847103
2019-03-21 17:00:00,102.61,103.6,103.11,103.41,300.49655146
2019-03-21 18:00:00,102.57,103.56,103.49,103.34,345.86121893
2019-03-21 19:00:00,102.75,103.44,103.28,103.06,42.87162914
2019-03-21 20:00:00,102.87,103.64,103.09,103.64,87.09764651
2019-03-21 21:00:00,103.2,103.87,103.27,103.74,116.354896
2019-03-21 22:00:00,103.21,103.9,103.54,103.21,208.22419901
2019-03-21 23:00:00,102.91,103.56,103.21,102.91,129.0551156
2019-03-22 00:00:00,102.84,103.08,102.91,103.07,22.33854428
2019-03-22 01:00:00,102.84,103.17,103.01,102.89,6.38339895
2019-03-22 02:00:00,102.84,103.14,102.84,102.87,22.63724719
2019-03-22 03:00:00,102.84,103.11,102.85,102.89,7.4302859
2019-03-22 04:00:00,102.61,102.92,102.84,102.92,18.52631843
2019-03-22 05:00:00,102.86,103.12,102.99,102.86,12.92535252
2019-03-22 06:00:00,102.86,103.06,102.99,103.05,15.12519934
2019-03-22 07:00:00,102.95,103.74,103.05,103.7,51.3332618
2019-03-22 08:00:00,103.1,103.7,103.18,103.7,111.03657753
2019-03-22 09:00:00,103.34,104.37,103.7,103.66,239.66108032
2019-03-22 10:00:00,103.37,104.2,103.7,103.56,320.55229659
2019-03-22 11:00:00,103.26,103.67,103.56,103.49,167.15553777
2019-03-22 12:00:00,103.25,104.1,103.3,104.1,117.27750684
2019-03-22 13:00:00,103.81,104.32,104.09,103.81,112.25905431
2019-03-22 14:00:00,103.69,103.97,103.76,103.97,56.08473211
2019-03-22 15:00:00,103.61,104.17,103.91,103.61,124.74038968
2019-03-22 16:00:00,103.05,103.61,103.55,103.54,104.11008043
2019-03-22 17:00:00,103.3,104.0,103.3,103.9,62.82045915
2019-03-22 18:00:00,103.54,104.0,103.9,103.85,42.58794712
2019-03-22 19:00:00,103.75,103.99,103.76,103.98,46.68687841
2019-03-22 20:00:00,103.54,104.14,104.0,103.54,108.7516176
2019-03-22 21:00:00,103.4,103.73,103.64,103.4,18.9395873
2019-03-22 22:00:00,103.4,103.5,103.41,103.4,35.42996897
2019-03-22 23:00:00,103.18,103.83,103.48,103.26,102.61773243
2019-03-23 00:00:00,102.89,103.26,103.25,103.17,77.76835791
2019-03-23 01:00:00,103.17,103.17,103.17,103.17,0.38597359
2019-03-23 02:00:00,102.85,103.26,102.86,103.26,12.57435562
2019-03-23 03:00:00,103.26,103.75,103.26,103.75,11.64176415
2019-03-23 04:00:00,103.06,103.75,103.75,103.1,53.07229501
2019-03-23 05:00:00,103.1,103.52,103.44,103.52,32.52091687
2019-03-23 06:00:00,103.52,104.12,103.52,103.66,46.0854409
2019-03-23 07:00:00,103.69,104.16,104.08,104.16,22.90280076
2019-03-23 08:00:00,103.85,104.52,104.01,104.52,163.64305959
2019-03-23 09:00:00,103.77,104.76,104.52,104.76,154.4027031
2019-03-23 10:00:00,103.56,104.74,104.04,104.24,116.13390436
2019-03-23 11:00:00,103.56,104.52,104.29,103.57,104.06724619
2019-03-23 12:00:00,103.46,104.1,104.09,103.74,47.68814529
2019-03-23 13:00:00,102.91,103.78,103.74,103.0,171.33419501
2019-03-23 14:00:00,102.9,103.72,102.99,103.41,80.97093283
2019-03-23 15:00:00,103.05,103.41,103.38,103.41,88.56666865
2019-03-23 16:00:00,103.03,103.49,103.33,103.49,180.66649615
2019-03-23 17:00:00,103.05,103.5,103.49,103.48,31.90458805
2019-03-23 18:00:00,103.09,103.52,103.48,103.31,48.69474263
2019-03-23 19:00:00,103.03,103.72,103.18,103.36,76.30832317
2019-03-23 20:00:00,102.63,103.36,103.28,103.28,152.68218071
2019-03-23 21:00:00,102.79,103.65,102.8,103.65,74.66095949
2019-03-23 22:00:00,102.89,103.62,103.34,103.51,85.57474048
2019-03-23 23:00:00,103.08,103.9,103.5,103.61,91.40502528
2019-03-24 00:00:00,103.6,104.0,103.9,103.64,31.04238355
2019-03-24 01:00:00,103.29,103.95,103.65,103.63,30.76606506
2019-03-24 02:00:00,102.92,103.5,103.5,103.41,3.69144182
2019-03-24 03:00:00,102.97,103.15,103.15,102.97,5.03543997
2019-03-24 04:00:00,102.98,103.41,103.16,103.41,5.07866355
2019-03-24 05:00:00,102.92,103.19,103.19,103.01,0.93710453
2019-03-24 06:00:00,102.76,103.16,102.93,102.85,44.1514227
2019-03-24 07:00:00,102.78,103.13,103.11,102.78,15.68488286
2019-03-24 08:00:00,102.78,103.64,102.79,103.48,151.83739755
2019-03-24 09:00:00,103.2,103.87,103.5,103.82,35.25234474
2019-03-24 10:00:00,103.25,103.75,103.75,103.27,15.0524183
2019-03-24 11:00:00,103.01,103.67,103.27,103.27,78.58919119
2019-03-24 12:00:00,102.84,103.5,103.27,103.3,89.34679101
2019-03-24 13:00:00,102.81,103.48,103.46,103.33,33.20347433
2019-03-24 14:00:00,102.91,103.41,103.36,102.93,36.56800408
2019-03-24 15:00:00,102.86,103.38,102.92,103.38,31.54017799
2019-03-24 16:00:00,102.68,103.39,103.27,102.8,43.81493888
2019-03-24 17:00:00,102.32,103.32,102.81,102.35,323.88663838
2019-03-24 18:00:00,102.32,102.85,102.56,102.59,67.50243267
2019-03-24 19:00:00,102.02,102.88,102.8,102.38,425.33099096
2019-03-24 20:00:00,102.16,102.67,102.38,102.16,68.58936315
2019-03-24 21:00:00,102.06,102.83,102.29,102.72,196.22261212
2019-03-24 22:00:00,102.42,102.99,102.8,102.97,94.09637381
2019-03-24 23:00:00,102.69,103.0,102.8,102.69,91.96792372
2019-03-25 00:00:00,102.51,103.0,102.97,102.84,26.66241508
2019-03-25 01:00:00,102.57,102.85,102.61,102.85,10.6337148
2019-03-25 02:00:00,102.85,103.39,102.85,102.91,117.17287949
2019-03-25 03:00:00,103.01,103.37,103.07,103.01,44.27194005
2019-03-25 04:00:00,103.0,103.34,103.17,103.28,45.24713452
2019-03-25 05:00:00,102.65,103.3,103.0,102.73,97.00397917
2019-03-25 06:00:00,102.74,103.28,103.13,102.83,62.22959236
2019-03-25 07:00:00,102.77,103.3,103.17,102.96,23.62537439
2019-03-25 08:00:00,102.44,102.86,102.83,102.64,80.7308005
2019-03-25 09:00:00,102.39,103.0,102.56,102.65,43.68594793
2019-03-25 10:00:00,102.7,103.09,103.0,102.85,274.01836916
2019-03-25 11:00:00,102.58,103.35,102.85,102.78,276.04001944
2019-03-25 12:00:00,101.85,102.9,102.78,102.23,161.50418244
2019-03-25 13:00:00,101.82,102.48,102.22,102.2,136.57533251
2019-03-25 14:00:00,101.81,102.3,101.93,101.85,132.00511355
2019-03-25 15:00:00,100.59,102.45,102.12,101.0,578.76215653
2019-03-25 16:00:00,100.81,101.92,100.87,101.46,79.80961504
2019-03-25 17:00:00,101.17,101.91,101.7,101.44,146.48067406
2019-03-25 18:00:00,100.39,101.65,101.65,100.39,143.03640591
2019-03-25 19:00:00,99.88,100.74,100.6,100.64,368.4730704
2019-03-25 20:00:00,99.9,100.67,100.67,100.37,157.74511691
2019-03-25 21:00:00,100.06,100.72,100.42,100.32,260.12051005
2019-03-25 22:00:00,100.19,101.5,100.32,101.13,185.84842636
2019-03-25 23:00:00,100.72,101.31,100.85,101.28,110.53440288
2019-03-26 00:00:00,100.88,101.31,101.3,100.93,24.18992135
2019-03-26 01:00:00,100.92,101.31,101.0,101.31,8.83228103
2019-03-26 02:00:00,101.31,101.31,101.31,101.31,2.85147456
2019-03-26 03:00:00,101.41,101.48,101.48,101.41,6.29284776
2019-03-26 04:00:00,101.07,101.59,101.5,101.59,21.0059828
2019-03-26 05:00:00,101.13,101.83,101.6,101.61,189.00618303
2019-03-26 06:00:00,100.67,101.55,101.23,100.99,70.29166605
2019-03-26 07:00:00,100.45,101.19,101.19,100.94,123.11324613
2019-03-26 08:00:00,100.61,101.6,100.61,101.0,104.93687075
2019-03-26 09:00:00,100.82,101.66,101.5,100.82,429.91440297
2019-03-26 10:00:00,100.39,101.38,101.25,100.73,549.5405359
2019-03-26 11:00:00,100.14,100.85,100.62,100.14,140.75778173
2019-03-26 12:00:00,99.96,100.73,100.15,100.07,85.34963201
2019-03-26 13:00:00,99.56,100.45,100.07,99.6,188.87435718
2019-03-26 14:00:00,99.62,100.9,99.77,100.26,148.20947385
2019-03-26 15:00:00,100.15,101.03,100.74,100.84,55.58616591
2019-03-26 16:00:00,100.44,101.07,100.57,100.64,151.41213454
2019-03-26 17:00:00,100.42,100.91,100.67,100.5,88.25275132
2019-03-26 18:00:00,100.36,100.83,100.5,100.65,69.7119251
2019-03-26 19:00:00,100.69,101.42,100.83,101.28,276.25578421
2019-03-26 20:00:00,100.92,101.49,100.93,101.22,98.60293883
2019-03-26 21:00:00,100.79,101.28,101.07,100.92,139.69466486
2019-03-26 22:00:00,100.42,101.28,100.66,101.17,328.68897989
2019-03-26 23:00:00,100.7,101.22,101.2,100.79,132.54893488
2019-03-27 00:00:00,100.72,101.96,101.09,101.96,88.52521347
2019-03-27 01:00:00,101.99,103.8,101.99,103.3,113.39800664
2019-03-27 02:00:00,103.12,103.64,103.3,103.31,19.51538611
2019-03-27 03:00:00,103.23,103.35,103.35,103.34,5.15551852
2019-03-27 04:00:00,103.35,103.95,103.49,103.35,88.20877554
2019-03-27 05:00:00,103.53,104.25,103.81,104.25,26.31738128
2019-03-27 06:00:00,103.44,104.25,104.23,103.77,62.23615135
2019-03-27 07:00:00,103.5,104.0,103.78,103.75,36.41260572
2019-03-27 08:00:00,103.22,103.96,103.6,103.65,108.72093701
2019-03-27 09:00:00,103.5,103.97,103.69,103.93,99.56372014
2019-03-27 10:00:00,103.66,104.47,103.9,104.38,333.64793662
2019-03-27 11:00:00,104.4,104.94,104.4,104.67,226.51264634
2019-03-27 12:00:00,103.99,104.91,104.91,104.0,167.90414709
2019-03-27 13:00:00,103.86,104.42,104.0,104.42,407.13686949
2019-03-27 14:00:00,104.13,104.6,104.42,104.49,296.18558808
2019-03-27 15:00:00,103.8,104.66,104.22,104.66,258.7443035
2019-03-27 16:00:00,103.73,104.5,104.34,103.73,168.66841305
2019-03-27 17:00:00,103.72,104.3,103.76,103.92,353.04570945
2019-03-27 18:00:00,103.73,104.31,104.2,103.92,124.71797576
2019-03-27 19:00:00,103.7,104.29,103.96,104.0,158.51395316
2019-03-27 20:00:00,103.55,104.47,104.2,104.47,214.42917944
2019-03-27 21:00:00,104.1,104.75,104.28,104.75,260.85758834
2019-03-27 22:00:00,104.37,104.87,104.75,104.71,110.97343417
2019-03-27 23:00:00,104.8,106.02,104.86,105.86,677.18195502
2019-03-28 00:00:00,104.78,105.81,105.73,105.0,49.20137497
2019-03-28 01:00:00,104.5,105.28,105.17,104.74,125.28194153
2019-03-28 02:00:00,104.61,105.25,105.12,105.25,41.0421473
2019-03-28 03:00:00,104.46,105.28,105.28,104.89,182.54758764
2019-03-28 04:00:00,104.12,104.78,104.69,104.65,14.65390909
2019-03-28 05:00:00,104.09,104.81,104.46,104.78,98.46345355
2019-03-28 06:00:00,104.13,104.86,104.82,104.65,24.92577815
2019-03-28 07:00:00,104.42,104.88,104.72,104.57,58.26259309
2019-03-28 08:00:00,104.44,104.77,104.77,104.77,97.36418463
2019-03-28 09:00:00,104.32,104.77,104.77,104.61,95.02210804
2019-03-28 10:00:00,104.41,105.05,105.0,104.74,93.45224208
2019-03-28 11:00:00,104.39,105.24,104.68,104.83,74.15867677
2019-03-28 12:00:00,104.17,104.77,104.72,104.72,143.24891608
2019-03-28 13:00:00,104.5,105.5,104.5,105.08,327.88164299
2019-03-28 14:00:00,104.88,105.5,105.47,105.5,163.11418973
2019-03-28 15:00:00,105.07,105.69,105.47,105.52,219.23180532
2019-03-28 16:00:00,105.23,105.68,105.4,105.29,58.21414623
2019-03-28 17:00:00,104.87,105.29,105.29,105.27,153.49283615
2019-03-28 18:00:00,104.94,105.68,105.27,105.19,146.95597612
2019-03-28 19:00:00,104.78,105.56,105.55,105.3,215.62577368
2019-03-28 20:00:00,104.85,105.35,105.21,104.94,55.75173097
2019-03-28 21:00:00,105.03,105.58,105.34,105.18,61.85951621
2019-03-28 22:00:00,104.93,105.53,105.5,104.93,55.44752915
2019-03-28 23:00:00,104.93,105.56,105.3,105.56,97.21979363
2019-03-29 00:00:00,105.13,105.9,105.14,105.69,16.45504261
2019-03-29 01:00:00,105.1,105.73,105.13,105.1,427.34400876
2019-03-29 02:00:00,105.4,105.78,105.68,105.78,47.82797996
2019-03-29 03:00:00,105.51,105.93,105.88,105.93,41.89456077
2019-03-29 04:00:00,105.4,105.99,105.86,105.99,21.49484695
2019-03-29 05:00:00,105.1,105.4,105.34,105.28,23.96947989
2019-03-29 06:00:00,104.73,105.55,105.28,105.13,97.52132937
2019-03-29 07:00:00,104.83,106.1,104.83,106.1,125.28704438
2019-03-29 08:00:00,105.68,106.4,106.01,106.38,130.27824044
2019-03-29 09:00:00,106.2,108.88,106.31,107.98,1563.45503951
2019-03-29 10:00:00,107.37,108.69,107.99,107.8,522.59726872
2019-03-29 11:00:00,107.01,107.86,107.79,107.41,91.38523195
2019-03-29 12:00:00,106.51,107.53,107.5,107.03,163.77208626
2019-03-29 13:00:00,106.82,107.7,107.03,107.63,209.34214156
2019-03-29 14:00:00,107.29,108.04,107.45,107.74,125.19567677
2019-03-29 15:00:00,107.64,108.19,107.81,108.08,117.4942843
2019-03-29 16:00:00,107.7,108.25,108.08,108.23,241.00201436
2019-03-29 17:00:00,107.78,108.5,108.2,107.99,224.73668971
2019-03-29 18:00:00,107.86,108.49,108.2,108.44,102.18153184
2019-03-29 19:00:00,107.85,108.5,108.48,108.25,246.84292547
2019-03-29 20:00:00,107.72,108.53,108.19,108.26,231.03737652
2019-03-29 21:00:00,108.1,108.55,108.25,108.47,203.53531597
2019-03-29 22:00:00,108.38,108.99,108.47,108.76,89.20069429
2019-03-29 23:00:00,108.81,110.0,108.81,110.0,294.96075701
2019-03-30 00:00:00,109.99,112.19,110.0,111.65,159.46956944
2019-03-30 01:00:00,110.92,112.02,111.84,111.4,136.45668957
2019-03-30 02:00:00,110.66,111.39,111.18,110.78,402.38607026
2019-03-30 03:00:00,110.29,111.91,110.77,110.29,473.10081109
2019-03-30 04:00:00,108.8,110.04,110.04,109.39,90.29220745
2019-03-30 05:00:00,109.22,109.88,109.72,109.31,28.02286223
2019-03-30 06:00:00,108.99,109.8,109.8,109.3,115.60515386
2019-03-30 07:00:00,108.88,109.26,109.26,108.88,92.22622829
2019-03-30 08:00:00,108.75,108.95,108.95,108.95,158.74043763
2019-03-30 09:00:00,108.91,110.88,108.94,109.44,256.24599158
2019-03-30 10:00:00,108.67,109.45,109.19,108.67,98.88432293
2019-03-30 11:00:00,108.67,109.27,109.2,109.25,83.86850487
2019-03-30 12:00:00,108.97,109.69,108.97,109.61,147.00966842
2019-03-30 13:00:00,108.91,109.65,109.61,109.31,130.68043167
2019-03-30 14:00:00,109.0,109.51,109.38,109.04,24.89334409
2019-03-30 15:00:00,109.0,109.45,109.36,109.0,62.03834339
2019-03-30 16:00:00,107.84,109.27,109.01,108.87,223.10469886
2019-03-30 17:00:00,108.38,108.9,108.87,108.5,126.14545884
2019-03-30 18:00:00,108.62,109.44,108.79,108.91,301.20498767
2019-03-30 19:00:00,108.51,109.46,109.31,108.93,502.15093207
2019-03-30 20:00:00,108.64,109.04,108.9,108.98,73.33171801
2019-03-30 21:00:00,108.7,109.04,108.98,109.03,116.06063005
2019-03-30 22:00:00,109.0,109.67,109.03,109.25,58.32308891
2019-03-30 23:00:00,108.82,109.66,109.0,108.86,96.23438395
2019-03-31 00:00:00,108.72,109.64,109.32,108.96,146.24999433
2019-03-31 01:00:00,108.6,109.11,108.71,108.76,57.54647977
2019-03-31 02:00:00,108.36,108.92,108.6,108.36,89.6647207
2019-03-31 03:00:00,108.37,108.86,108.37,108.86,3.08094005
2019-03-31 04:00:00,108.56,109.09,109.07,108.94,17.6399132
2019-03-31 05:00:00,108.31,108.4,108.4,108.31,7.08122499
2019-03-31 06:00:00,108.01,108.32,108.31,108.01,14.01713029
2019-03-31 07:00:00,107.88,108.61,108.0,107.88,57.33668575
2019-03-31 08:00:00,108.03,109.0,108.27,108.52,153.12083064
2019-03-31 09:00:00,108.38,109.0,108.55,108.92,62.0450114
2019-03-31 10:00:00,108.72,109.42,109.0,109.05,62.47284074
2019-03-31 11:00:00,109.05,109.58,109.2,109.05,64.35801423
2019-03-31 12:00:00,108.63,109.26,109.26,109.1,84.14363638
2019-03-31 13:00:00,108.71,109.25,108.73,108.8,44.26480127
2019-03-31 14:00:00,108.8,108.96,108.96,108.96,86.5950916
2019-03-31 15:00:00,108.6,108.96,108.96,108.61,255.22257087
2019-03-31 16:00:00,107.93,108.82,108.6,108.03,161.20080232
2019-03-31 17:00:00,108.0,108.44,108.4,108.31,115.58438689
2019-03-31 18:00:00,107.55,108.31,108.21,107.7,205.43417506
2019-03-31 19:00:00,107.73,108.64,108.11,108.59,149.5195367
2019-03-31 20:00:00,107.76,108.64,108.38,108.21,523.59936488
2019-03-31 21:00:00,107.77,108.25,108.21,108.1,80.69116167
2019-03-31 22:00:00,107.58,108.4,108.1,108.32,176.04312264
2019-03-31 23:00:00,108.23,108.64,108.64,108.39,42.28819082
2019-04-01 00:00:00,107.0,108.96,108.24,108.96,536.62853517
2019-04-01 01:00:00,108.92,109.75,108.92,109.08,242.74733932
2019-04-01 02:00:00,108.93,109.65,108.93,109.52,43.94640836
2019-04-01 03:00:00,109.13,109.71,109.2,109.67,37.91457356
2019-04-01 04:00:00,109.35,109.69,109.35,109.46,3.91368815
2019-04-01 05:00:00,108.78,109.28,109.28,109.15,23.62341401
2019-04-01 06:00:00,108.96,109.39,109.28,109.15,107.59797812
2019-04-01 07:00:00,108.6,109.23,108.95,108.91,108.80297459
2019-04-01 08:00:00,108.62,109.19,108.91,109.12,126.84228843
2019-04-01 09:00:00,107.83,109.23,109.17,108.32,1616.25578729
2019-04-01 10:00:00,107.9,108.64,108.4,108.0,138.52120243
2019-04-01 11:00:00,107.74,108.11,108.0,107.99,167.72532805
2019-04-01 12:00:00,107.75,108.67,107.99,108.15,352.05782959
2019-04-01 13:00:00,107.92,108.56,108.4,108.21,57.64025102
2019-04-01 14:00:00,107.89,108.77,108.36,108.09,275.35029757
2019-04-01 15:00:00,107.3,108.16,107.78,107.5,120.7642924
2019-04-01 16:00:00,107.5,108.13,107.71,107.72,115.21682938
2019-04-01 17:00:00,107.5,108.0,107.82,107.5,112.48921664
2019-04-01 18:00:00,107.05,107.78,107.65,107.12,303.4122298
2019-04-01 19:00:00,107.11,107.53,107.37,107.12,147.05629908
2019-04-01 20:00:00,106.76,107.58,107.31,107.58,162.51435222
2019-04-01 21:00:00,107.58,108.77,107.58,108.3,263.00559121
2019-04-01 22:00:00,107.87,108.6,108.39,108.2,97.73513917
2019-04-01 23:00:00,108.07,108.5,108.49,108.39,71.14086912
2019-04-02 00:00:00,107.98,108.33,108.24,107.98,57.93139367
2019-04-02 01:00:00,107.92,108.31,108.21,108.05,11.98707997
2019-04-02 02:00:00,108.25,108.77,108.25,108.77,36.80473999
2019-04-02 03:00:00,108.22,108.75,108.75,108.22,5.13706489
2019-04-02 04:00:00,108.1,116.69,108.13,114.49,415.30058082
2019-04-02 05:00:00,112.94,116.79,114.5,114.61,387.04593391
2019-04-02 06:00:00,112.96,116.78,114.59,116.24,860.52206618
2019-04-02 07:00:00,115.0,117.5,115.77,116.25,1305.90009239
2019-04-02 08:00:00,115.8,117.91,116.28,117.09,448.77183021
2019-04-02 09:00:00,115.7,117.69,117.17,117.68,497.24750542
2019-04-02 10:00:00,116.61,117.55,116.84,117.24,560.72256471
2019-04-02 11:00:00,116.88,118.16,117.5,117.64,1202.91873926
2019-04-02 12:00:00,117.21,121.79,117.46,121.4,966.82810556
2019-04-02 13:00:00,120.04,123.85,121.34,122.88,1205.95705125
2019-04-02 14:00:00,117.51,122.89,122.89,119.83,902.83772156
2019-04-02 15:00:00,118.77,119.96,119.8,119.08,251.09238012
2019-04-02 16:00:00,118.64,119.67,119.63,119.67,390.92316566
2019-04-02 17:00:00,118.61,119.86,119.72,119.19,207.34700712
2019-04-02 18:00:00,118.61,121.08,119.18,121.07,453.92816144
2019-04-02 19:00:00,120.13,123.47,120.98,123.23,707.30367897
2019-04-02 20:00:00,121.11,123.85,122.71,121.3,595.31645216
2019-04-02 21:00:00,121.25,123.13,122.0,122.74,386.02195335
2019-04-02 22:00:00,122.44,124.31,122.45,124.26,337.29535071
2019-04-02 23:00:00,123.38,127.22,124.26,125.52,533.12207724
2019-04-03 00:00:00,125.51,129.99,125.83,128.93,831.92627694
2019-04-03 01:00:00,127.18,129.39,129.39,128.39,206.09303362
2019-04-03 02:00:00,128.4,134.87,128.71,134.18,806.60840766
2019-04-03 03:00:00,131.25,134.18,134.18,131.69,285.33027968
2019-04-03 04:00:00,124.21,132.23,131.49,126.86,553.45509954
2019-04-03 05:00:00,126.63,128.4,127.19,127.63,197.53092096
2019-04-03 06:00:00,125.88,127.9,127.25,127.21,604.54217801
2019-04-03 07:00:00,126.84,129.74,127.21,126.92,1010.39161603
2019-04-03 08:00:00,125.16,127.74,127.45,126.71,1075.50235567
2019-04-03 09:00:00,125.7,127.77,126.94,127.77,520.93443188
2019-04-03 10:00:00,126.69,128.07,127.26,126.96,377.55300835
2019-04-03 11:00:00,126.5,127.76,127.0,127.02,785.78728775
2019-04-03 12:00:00,127.08,130.54,127.6,128.97,372.72802226
2019-04-03 13:00:00,128.75,130.85,129.28,130.21,804.6917823
2019-04-03 14:00:00,127.6,130.94,130.84,128.72,495.30161469
2019-04-03 15:00:00,128.02,130.08,128.09,128.63,747.94399506
2019-04-03 16:00:00,129.02,133.5,129.02,133.5,1385.16688372
2019-04-03 17:00:00,130.0,134.44,133.5,131.55,967.64893802
2019-04-03 18:00:00,131.0,133.14,131.18,132.62,567.36909784
2019-04-03 19:00:00,131.8,133.15,131.95,132.59,1124.14222089
2019-04-03 20:00:00,132.2,136.43,132.6,136.11,1792.13674669
2019-04-03 21:00:00,132.51,136.68,135.65,132.51,668.22952342
2019-04-03 22:00:00,123.65,134.21,132.5,125.16,1772.43394458
2019-04-03 23:00:00,115.0,125.6,124.8,122.5,1147.96771201
2019-04-04 00:00:00,120.4,124.27,122.5,124.05,201.89534607
2019-04-04 01:00:00,122.87,124.93,123.98,123.36,202.06541654
2019-04-04 02:00:00,122.39,124.0,123.36,123.16,116.63319376
2019-04-04 03:00:00,120.79,122.78,122.53,121.86,124.92451514
2019-04-04 04:00:00,121.13,123.69,121.85,123.0,122.74578375
2019-04-04 05:00:00,123.05,124.45,123.05,123.77,66.68187171
2019-04-04 06:00:00,123.2,125.43,123.77,123.7,277.73252115
2019-04-04 07:00:00,122.57,124.23,123.51,123.07,340.61660771
2019-04-04 08:00:00,123.06,124.59,123.62,124.04,259.00370422
2019-04-04 09:00:00,122.62,124.37,123.96,123.64,248.25588773
2019-04-04 10:00:00,121.64,123.68,123.68,121.65,259.23645002
2019-04-04 11:00:00,121.0,123.64,121.53,122.85,293.56689923
2019-04-04 12:00:00,122.56,124.02,123.41,123.52,200.22709266
2019-04-04 13:00:00,122.65,123.81,123.5,123.21,158.73900773
2019-04-04 14:00:00,123.2,124.3,123.63,123.5,150.30104401
2019-04-04 15:00:00,122.11,123.51,123.5,123.51,274.74377838
2019-04-04 16:00:00,119.08,123.49,123.49,119.17,709.00157028
2019-04-04 17:00:00,118.06,120.9,119.06,118.06,565.39244902
2019-04-04 18:00:00,117.17,120.27,118.04,119.53,1176.83468667
2019-04-04 19:00:00,118.2,120.0,119.55,119.0,283.96030755
2019-04-04 20:00:00,117.97,119.85,118.99,119.68,405.80497244
2019-04-04 21:00:00,119.01,122.0,119.86,121.77,201.96454075
2019-04-04 22:00:00,120.12,122.0,121.9,120.31,255.75639503
2019-04-04 23:00:00,120.21,121.36,120.3,120.41,113.68365623
2019-04-05 00:00:00,120.55,121.99,120.96,121.76,174.28702119
2019-04-05 01:00:00,121.02,121.8,121.45,121.02,63.72912381
2019-04-05 02:00:00,120.55,121.28,120.99,121.17,38.43441825
2019-04-05 03:00:00,119.82,121.21,121.16,119.82,16.80047289
2019-04-05 04:00:00,120.79,125.7,120.79,125.7,80.81381598
2019-04-05 05:00:00,124.24,126.47,124.4,125.05,144.96494544
2019-04-05 06:00:00,124.26,125.74,125.0,124.71,181.04137835
2019-04-05 07:00:00,124.02,124.84,124.6,124.58,124.86420065
2019-04-05 08:00:00,124.3,126.06,124.55,125.39,316.03361937
2019-04-05 09:00:00,124.63,125.98,125.79,125.3,476.22071452
2019-04-05 10:00:00,125.1,126.06,125.3,125.34,311.80992788
2019-04-05 11:00:00,125.37,127.49,125.85,126.37,415.38911373
2019-04-05 12:00:00,125.79,127.78,126.52,127.03,680.68102799
2019-04-05 13:00:00,126.2,129.49,127.55,126.94,301.84611031
2019-04-05 14:00:00,125.06,127.1,126.93,125.1,621.12228254
2019-04-05 15:00:00,125.1,126.68,125.12,126.67,152.00347856
2019-04-05 16:00:00,125.71,127.58,126.37,126.21,129.42386037
2019-04-05 17:00:00,126.01,127.22,126.77,126.71,352.60309469
2019-04-05 18:00:00,126.1,127.07,127.07,126.15,136.16164072
2019-04-05 19:00:00,126.1,126.47,126.1,126.34,66.37345911
2019-04-05 20:00:00,125.84,126.48,126.1,125.87,164.67706908
2019-04-05 21:00:00,125.56,126.44,126.17,126.31,171.83446871
2019-04-05 22:00:00,125.55,126.88,126.3,126.88,243.882364
2019-04-05 23:00:00,126.49,128.42,126.88,126.83,117.75054024
2019-04-06 00:00:00,125.84,127.08,127.05,126.5,87.21135165
2019-04-06 01:00:00,125.74,126.51,126.41,125.95,16.56564161
2019-04-06 02:00:00,125.59,126.33,125.59,126.02,5.66725416
2019-04-06 03:00:00,125.62,126.55,125.8,126.28,68.63021771
2019-04-06 04:00:00,125.92,126.53,126.38,126.47,24.6293915
2019-04-06 05:00:00,126.03,127.26,126.03,126.53,17.54958336
2019-04-06 06:00:00,125.85,126.76,126.76,126.53,58.63812859
2019-04-06 07:00:00,125.86,126.55,126.53,125.86,41.95628357
2019-04-06 08:00:00,123.29,126.04,125.85,124.58,529.17160546
2019-04-06 09:00:00,124.1,125.0,124.57,124.77,183.80713859
2019-04-06 10:00:00,124.77,125.75,125.0,125.29,165.58498679
2019-04-06 11:00:00,124.92,125.98,125.29,125.23,155.70739681
2019-04-06 12:00:00,125.05,126.72,125.22,125.72,127.73692155
2019-04-06 13:00:00,125.65,126.76,126.22,125.65,72.89426501
2019-04-06 14:00:00,125.89,126.88,126.19,126.88,78.93854237
2019-04-06 15:00:00,126.09,128.58,126.88,128.48,477.88242806
2019-04-06 16:00:00,128.0,130.99,128.6,130.05,689.52236004
2019-04-06 17:00:00,128.07,130.02,130.02,128.1,297.38201703
2019-04-06 18:00:00,128.08,130.28,128.11,130.28,238.38792725
2019-04-06 19:00:00,129.92,132.95,130.27,131.34,337.35807486
2019-04-06 20:00:00,128.49,131.96,131.15,128.49,156.38193378
2019-04-06 21:00:00,125.4,128.49,128.48,127.64,135.69978195
2019-04-06 22:00:00,127.43,128.76,127.43,128.22,142.77300294
2019-04-06 23:00:00,127.43,128.62,128.03,128.0,16.71466666
2019-04-07 00:00:00,127.43,128.72,128.41,127.44,166.22514901
2019-04-07 01:00:00,127.43,128.67,127.44,127.86,121.3210925
2019-04-07 02:00:00,127.84,128.71,127.84,128.71,2.48071914
2019-04-07 03:00:00,128.7,129.67,128.7,129.67,7.19560561
2019-04-07 04:00:00,129.86,130.49,130.0,130.28,29.64613832
2019-04-07 05:00:00,129.0,130.34,129.43,129.0,214.79461276
2019-04-07 06:00:00,129.0,130.14,129.01,129.74,66.97956136
2019-04-07 07:00:00,129.44,130.49,129.79,130.1,105.26419043
2019-04-07 08:00:00,130.0,130.5,130.1,130.5,92.39092353
2019-04-07 09:00:00,129.73,131.33,130.5,129.8,190.05693596
2019-04-07 10:00:00,129.19,130.87,129.88,129.42,181.63874495
2019-04-07 11:00:00,129.06,130.26,130.0,129.2,156.46753348
2019-04-07 12:00:00,129.22,130.3,129.29,129.97,234.72290023
2019-04-07 13:00:00,129.51,130.5,129.97,129.89,198.41938887
2019-04-07 14:00:00,129.5,130.66,130.49,130.24,327.56880427
2019-04-07 15:00:00,129.14,130.8,130.25,130.04,214.23230107
2019-04-07 16:00:00,128.22,130.02,130.02,128.26,256.37320609
2019-04-07 17:00:00,128.15,129.38,128.37,128.63,465.68685944
2019-04-07 18:00:00,128.65,129.8,128.85,129.8,141.17952249
2019-04-07 19:00:00,129.15,130.7,129.8,130.33,367.94094131
2019-04-07 20:00:00,130.33,134.66,130.33,133.37,1087.70538477
2019-04-07 21:00:00,132.45,134.2,133.37,133.53,563.94234319
2019-04-07 22:00:00,133.02,135.0,133.77,133.73,484.28460352
2019-04-07 23:00:00,132.5,135.0,133.4,134.19,244.41693201
2019-04-08 00:00:00,133.79,142.96,134.02,141.15,811.29160893
2019-04-08 01:00:00,140.1,142.24,141.44,141.05,155.70209636
2019-04-08 02:00:00,139.9,143.77,141.22,140.75,209.42862393
2019-04-08 03:00:00,139.06,140.76,139.78,139.41,77.06552632
2019-04-08 04:00:00,139.23,142.22,139.46,142.22,127.99599487
2019-04-08 05:00:00,139.51,142.23,142.22,140.4,200.75403524
2019-04-08 06:00:00,138.57,143.09,140.66,139.94,839.34379889
2019-04-08 07:00:00,137.0,139.95,139.95,138.9,873.21314935
2019-04-08 08:00:00,136.51,139.06,138.76,138.59,507.48490896
2019-04-08 09:00:00,138.16,139.98,138.67,139.9,131.81178956
2019-04-08 10:00:00,136.58,139.98,139.98,136.58,577.30215691
2019-04-08 11:00:00,133.99,136.88,136.6,134.35,381.9813402
2019-04-08 12:00:00,133.98,136.73,133.98,136.73,281.84994693
2019-04-08 13:00:00,135.07,137.77,136.88,135.07,374.13154006
2019-04-08 14:00:00,135.13,137.77,135.13,137.72,270.36254526
2019-04-08 15:00:00,136.74,139.2,137.42,139.17,186.75691072
2019-04-08 16:00:00,136.58,140.76,139.03,137.82,469.31221511
2019-04-08 17:00:00,135.75,137.96,137.47,136.72,303.89038116
2019-04-08 18:00:00,135.54,137.74,136.83,136.46,506.16920482
2019-04-08 19:00:00,135.07,137.48,135.81,136.04,307.32703463
2019-04-08 20:00:00,135.82,139.63,136.48,138.97,152.84261577
2019-04-08 21:00:00,138.32,140.13,139.46,140.04,248.86726045
2019-04-08 22:00:00,138.25,140.15,140.05,138.93,213.04924929
2019-04-08 23:00:00,137.39,139.3,138.62,138.47,139.3647456
2019-04-09 00:00:00,137.28,138.91,138.43,137.28,132.87822954
2019-04-09 01:00:00,135.45,137.44,137.25,136.93,225.02793826
2019-04-09 02:00:00,136.6,137.84,137.31,136.6,37.05228085
2019-04-09 03:00:00,135.28,136.96,136.5,135.84,41.30648102
2019-04-09 04:00:00,135.25,136.51,136.1,135.85,129.65920007
2019-04-09 05:00:00,134.15,135.45,135.45,135.37,229.18805891
2019-04-09 06:00:00,134.76,136.27,134.81,135.93,246.65947054
2019-04-09 07:00:00,135.33,136.48,135.97,135.7,79.79924935
2019-04-09 08:00:00,134.44,135.95,135.89,135.94,369.32392787
2019-04-09 09:00:00,134.76,136.34,135.94,134.76,133.71826388
2019-04-09 10:00:00,134.03,136.51,135.06,136.01,150.06587698
2019-04-09 11:00:00,135.45,137.2,135.78,136.64,142.22338915
2019-04-09 12:00:00,136.77,138.28,136.98,136.8,206.76607315
2019-04-09 13:00:00,136.04,137.63,136.8,136.48,229.95719309
2019-04-09 14:00:00,135.44,136.84,136.38,135.53,145.63625268
2019-04-09 15:00:00,135.41,136.74,135.77,135.74,315.85923185
2019-04-09 16:00:00,135.42,136.24,135.75,135.7,64.03738847
2019-04-09 17:00:00,135.5,136.51,135.98,135.89,134.29368697
2019-04-09 18:00:00,135.43,136.33,135.85,135.85,122.59327596
2019-04-09 19:00:00,134.9,136.25,136.25,135.46,188.79668264
2019-04-09 20:00:00,135.44,136.94,135.55,135.96,80.83062725
2019-04-09 21:00:00,135.54,136.92,135.96,135.99,83.17300258
2019-04-09 22:00:00,134.05,136.0,135.46,134.31,297.9714651
2019-04-09 23:00:00,134.12,135.23,134.56,135.05,83.02387511
2019-04-10 00:00:00,134.0,136.0,134.9,135.99,111.57748654
2019-04-10 01:00:00,134.59,137.75,135.46,137.2,204.07040931
2019-04-10 02:00:00,137.22,138.0,137.22,137.99,86.11795728
2019-04-10 03:00:00,136.97,138.34,138.0,137.52,20.12831542
2019-04-10 04:00:00,137.17,138.44,137.53,137.89,69.2881668
2019-04-10 05:00:00,137.41,138.74,137.41,138.74,78.17482067
2019-04-10 06:00:00,138.31,139.99,138.73,139.13,193.69838691
2019-04-10 07:00:00,137.47,139.2,139.13,137.47,195.75020874
2019-04-10 08:00:00,137.5,138.79,138.11,138.4,248.40278515
2019-04-10 09:00:00,137.61,138.98,138.42,137.9,152.33457787
2019-04-10 10:00:00,137.35,138.06,137.9,137.98,200.96498497
2019-04-10 11:00:00,137.45,138.44,137.97,138.0,255.71938591
2019-04-10 12:00:00,137.51,139.25,138.0,138.66,84.1080219
2019-04-10 13:00:00,136.84,139.24,139.24,137.83,182.47503193
2019-04-10 14:00:00,137.8,138.51,138.49,137.81,431.42626057
2019-04-10 15:00:00,136.98,138.15,138.1,137.9,341.509892
2019-04-10 16:00:00,137.02,138.22,138.19,137.35,87.16486493
2019-04-10 17:00:00,137.14,138.59,137.51,137.18,161.70290867
2019-04-10 18:00:00,137.18,142.19,137.18,140.0,861.16000939
2019-04-10 19:00:00,138.5,140.37,140.0,138.8,461.53929895
2019-04-10 20:00:00,130.34,139.6,138.69,134.99,1358.55230804
2019-04-10 21:00:00,133.58,135.42,134.26,134.87,360.27717529
2019-04-10 22:00:00,133.94,135.0,134.88,135.0,99.63795249
2019-04-10 23:00:00,135.03,136.34,135.09,135.44,204.66041249
2019-04-11 00:00:00,134.0,136.27,135.45,134.04,42.15044102
2019-04-11 00:00:00,134.0,136.27,135.45,134.04,42.15044102
2019-04-11 01:00:00,133.88,135.46,134.99,134.95,26.20186345
2019-04-11 02:00:00,133.56,134.77,134.61,133.87,83.24542162
2019-04-11 03:00:00,129.51,133.88,133.55,131.18,351.84588233
2019-04-11 04:00:00,129.11,131.82,129.99,131.11,78.21162672
2019-04-11 05:00:00,130.08,131.62,130.67,131.62,122.10025161
2019-04-11 06:00:00,130.76,131.73,131.66,131.5,238.38191488
2019-04-11 07:00:00,130.5,131.46,130.95,130.7,186.08206705
2019-04-11 08:00:00,127.9,130.61,130.49,129.8,340.40444222
2019-04-11 09:00:00,124.3,130.0,129.8,126.7,1024.46718209
2019-04-11 10:00:00,126.33,127.95,126.71,126.5,484.41621989
2019-04-11 11:00:00,123.0,126.69,126.5,125.6,818.2405787
2019-04-11 12:00:00,124.65,126.47,125.06,125.9,318.82415302
2019-04-11 13:00:00,124.9,126.7,126.31,124.9,360.51268302
2019-04-11 14:00:00,124.15,126.29,125.3,125.47,343.24641376
2019-04-11 15:00:00,125.25,126.68,125.47,125.36,299.51122257
2019-04-11 16:00:00,125.0,127.0,125.74,126.84,292.06480127
2019-04-11 17:00:00,125.6,127.41,126.84,127.22,330.90746269
2019-04-11 18:00:00,126.59,127.93,126.6,127.73,254.04940305
2019-04-11 19:00:00,126.45,127.84,127.75,127.13,267.47645043
2019-04-11 20:00:00,126.09,127.49,127.2,126.49,172.25533942
2019-04-11 21:00:00,126.03,126.88,126.49,126.03,119.79187324
2019-04-11 22:00:00,125.0,127.12,126.03,126.64,130.99708703
2019-04-11 23:00:00,126.58,127.3,126.95,126.89,42.76150459
2019-04-12 00:00:00,126.4,127.22,126.85,126.42,276.81308357
2019-04-12 01:00:00,122.17,126.25,126.0,123.47,285.59874322
2019-04-12 02:00:00,123.07,124.64,123.84,124.35,21.0652396
2019-04-12 03:00:00,123.94,125.48,124.45,125.48,11.76967817
2019-04-12 04:00:00,125.43,126.8,126.8,126.28,21.19104157
2019-04-12 05:00:00,124.54,126.55,126.55,125.68,49.28630616
2019-04-12 06:00:00,125.78,126.5,125.8,125.78,101.20485766
2019-04-12 07:00:00,125.32,126.27,125.67,125.79,109.42260263
2019-04-12 08:00:00,123.05,126.25,125.79,124.7,103.72263001
2019-04-12 09:00:00,124.03,125.36,124.59,125.36,163.85830019
2019-04-12 10:00:00,125.01,127.92,125.37,126.78,1081.93328408
2019-04-12 11:00:00,126.1,128.06,126.79,126.97,674.07109166
2019-04-12 12:00:00,126.35,127.61,126.97,127.47,136.97389907
2019-04-12 13:00:00,126.0,127.37,127.28,126.44,289.61651629
2019-04-12 14:00:00,125.86,126.99,126.14,126.96,131.09031097
2019-04-12 15:00:00,125.51,127.02,126.89,126.27,164.76878365
2019-04-12 16:00:00,126.06,127.23,126.23,127.06,131.0659093
2019-04-12 17:00:00,126.3,126.79,126.32,126.3,117.28822331
2019-04-12 18:00:00,125.57,126.74,126.31,126.13,78.05369563
2019-04-12 19:00:00,125.68,126.55,126.13,126.39,63.4722567
2019-04-12 20:00:00,125.21,126.21,125.76,125.85,246.46799642
2019-04-12 21:00:00,125.41,126.6,126.25,126.48,85.62676323
2019-04-12 22:00:00,125.68,126.59,125.68,126.59,12.66476548
2019-04-12 23:00:00,126.2,127.34,126.59,126.59,20.10184613
2019-04-13 00:00:00,125.27,126.5,126.5,126.03,90.03008658
2019-04-13 01:00:00,125.29,126.4,125.31,125.92,9.78504321
2019-04-13 02:00:00,126.46,126.86,126.85,126.46,3.49048753
2019-04-13 03:00:00,126.47,127.33,126.47,127.33,4.2184503
2019-04-13 04:00:00,127.1,127.26,127.13,127.25,3.59850881
2019-04-13 05:00:00,126.68,127.36,127.36,126.85,21.29012177
2019-04-13 06:00:00,126.57,127.22,127.22,127.07,35.5265394
2019-04-13 07:00:00,126.45,127.59,127.32,126.73,70.45976194
2019-04-13 08:00:00,126.07,126.84,126.72,126.1,93.27766814
2019-04-13 09:00:00,125.64,126.71,126.06,125.64,103.14895599
2019-04-13 10:00:00,124.76,126.5,126.0,125.13,75.52014787
2019-04-13 11:00:00,124.71,125.71,125.13,125.0,148.55918921
2019-04-13 12:00:00,124.72,125.98,125.98,125.98,97.91498236
2019-04-13 13:00:00,125.12,125.98,125.92,125.22,247.73563391
2019-04-13 14:00:00,125.0,126.0,125.0,126.0,80.24142637
2019-04-13 15:00:00,125.66,126.78,125.92,126.42,77.44786433
2019-04-13 16:00:00,125.51,126.23,125.79,126.11,71.15108825
2019-04-13 17:00:00,125.51,126.5,126.16,125.52,298.21458268
2019-04-13 18:00:00,125.51,125.82,125.82,125.7,71.74321403
2019-04-13 19:00:00,125.51,126.0,125.52,125.63,121.82757202
2019-04-13 20:00:00,125.05,125.97,125.66,125.05,136.75862885
2019-04-13 21:00:00,124.8,125.95,125.67,125.69,118.63961428
2019-04-13 22:00:00,125.25,125.69,125.25,125.68,29.60666076
2019-04-13 23:00:00,125.44,126.2,125.44,126.1,103.11413611
2019-04-14 00:00:00,125.52,126.27,126.17,125.57,125.26567492
2019-04-14 01:00:00,125.45,126.36,126.27,126.19,9.72755161
2019-04-14 02:00:00,125.02,126.24,125.45,125.42,20.85730343
2019-04-14 03:00:00,124.84,125.92,125.21,124.98,12.2381488
2019-04-14 04:00:00,124.81,125.63,125.63,124.81,77.39465948
2019-04-14 05:00:00,124.41,125.55,124.86,124.41,74.09346874
2019-04-14 06:00:00,124.36,125.09,124.58,124.83,12.12146401
2019-04-14 07:00:00,124.26,124.9,124.36,124.89,50.394732
2019-04-14 08:00:00,124.33,125.26,124.7,124.95,261.80482416
2019-04-14 09:00:00,124.54,125.78,124.99,125.72,101.8400573
2019-04-14 10:00:00,125.03,126.18,125.79,125.33,156.48034515
2019-04-14 11:00:00,125.14,126.14,125.87,125.75,141.94470808
2019-04-14 12:00:00,125.01,126.16,126.0,125.47,56.13135657
2019-04-14 13:00:00,125.43,126.48,125.99,126.33,146.54134623
2019-04-14 14:00:00,125.28,126.34,125.86,126.34,218.35227361
2019-04-14 15:00:00,125.53,126.46,126.33,125.89,42.25339855
2019-04-14 16:00:00,125.49,126.48,125.98,125.88,63.82175715
2019-04-14 17:00:00,125.5,126.2,125.71,125.65,127.99426194
2019-04-14 18:00:00,125.59,126.74,125.98,126.74,85.7889033
2019-04-14 19:00:00,126.2,126.86,126.78,126.25,98.46810214
2019-04-14 20:00:00,126.0,126.6,126.25,126.48,108.49540944
2019-04-14 21:00:00,126.13,126.9,126.48,126.55,66.04594874
2019-04-14 22:00:00,126.34,129.67,126.9,129.11,585.67876588
2019-04-14 23:00:00,128.5,129.7,129.11,129.0,271.01717135
2019-04-15 00:00:00,128.28,129.43,129.0,128.68,61.78639267
2019-04-15 01:00:00,128.69,129.99,128.89,129.55,9.85149038
2019-04-15 02:00:00,128.89,129.69,129.55,129.12,11.38767616
2019-04-15 03:00:00,128.36,129.1,129.1,128.36,16.544446
2019-04-15 04:00:00,129.24,129.3,129.24,129.3,1.6246844
2019-04-15 05:00:00,128.2,129.44,129.4,128.5,360.74914023
2019-04-15 06:00:00,128.56,129.33,128.95,129.33,44.47477796
2019-04-15 07:00:00,127.72,129.11,129.11,128.17,125.74933141
2019-04-15 08:00:00,127.53,128.43,128.32,127.97,98.77003513
2019-04-15 09:00:00,127.37,128.3,128.12,127.67,154.67258032
2019-04-15 10:00:00,126.61,128.17,128.05,127.03,70.6119744
2019-04-15 11:00:00,126.4,127.55,126.86,126.4,98.9709839
2019-04-15 12:00:00,125.91,128.15,126.89,126.48,146.46068131
2019-04-15 13:00:00,124.3,127.27,127.2,125.89,839.2571139
2019-04-15 14:00:00,125.6,127.58,126.63,127.19,88.8417489
2019-04-15 15:00:00,126.03,127.73,126.5,126.74,237.15226115
2019-04-15 16:00:00,125.9,127.55,127.55,125.9,71.9174587
2019-04-15 17:00:00,119.31,126.39,125.91,122.02,489.73101322
2019-04-15 18:00:00,121.75,123.84,122.03,123.08,205.52480115
2019-04-15 19:00:00,120.78,123.08,123.06,121.3,103.77463884
2019-04-15 20:00:00,120.5,123.06,121.29,122.12,134.8738807
2019-04-15 21:00:00,121.85,122.91,122.83,122.42,100.27617138
2019-04-15 22:00:00,121.91,123.41,122.46,122.91,164.91238679
2019-04-15 23:00:00,122.27,123.47,122.51,122.83,127.43043893
2019-04-16 00:00:00,121.82,123.77,121.85,123.36,65.51958092
2019-04-16 01:00:00,123.17,124.14,123.51,124.14,32.7118862
2019-04-16 02:00:00,122.91,124.0,124.0,123.26,23.25516229
2019-04-16 03:00:00,122.8,123.33,123.15,123.33,14.26820012
2019-04-16 04:00:00,122.9,123.33,122.9,122.97,15.56702193
2019-04-16 05:00:00,122.91,124.72,123.38,123.43,21.5935215
2019-04-16 06:00:00,123.42,124.44,123.89,123.66,29.48853187
2019-04-16 07:00:00,123.76,124.99,124.12,124.03,226.51953259
2019-04-16 08:00:00,124.07,125.0,124.92,124.97,60.9262234
2019-04-16 09:00:00,124.5,125.8,125.0,125.69,180.56234753
2019-04-16 10:00:00,124.07,125.54,125.54,124.63,97.89517739
2019-04-16 11:00:00,123.88,124.92,123.98,124.89,46.14847871
2019-04-16 12:00:00,123.33,124.96,124.36,124.19,103.49455778
2019-04-16 13:00:00,123.46,124.55,123.7,123.5,105.42388705
2019-04-16 14:00:00,123.04,124.75,123.57,124.64,295.17100104
2019-04-16 15:00:00,123.78,126.0,124.12,125.37,115.46629721
2019-04-16 16:00:00,125.07,126.36,125.99,125.98,136.34125197
2019-04-16 17:00:00,125.46,128.66,125.84,127.8,231.1526912
2019-04-16 18:00:00,126.69,128.19,128.19,127.22,77.5391768
2019-04-16 19:00:00,126.73,127.97,127.05,126.85,79.19285144
2019-04-16 20:00:00,126.05,127.45,127.0,127.45,89.43646939
2019-04-16 21:00:00,126.58,127.68,127.45,127.66,240.33837634
2019-04-16 22:00:00,126.12,127.71,126.85,127.16,77.77055918
2019-04-16 23:00:00,126.77,128.0,126.78,127.29,327.09768005
2019-04-17 00:00:00,127.18,128.5,127.59,128.27,217.72633004
2019-04-17 01:00:00,126.93,128.36,128.0,127.38,75.47390894
2019-04-17 02:00:00,127.39,128.48,127.69,128.17,90.92980247
2019-04-17 03:00:00,127.38,128.17,128.17,127.88,8.65939642
2019-04-17 04:00:00,127.4,128.5,127.84,128.48,70.83463033
2019-04-17 05:00:00,127.38,128.47,127.71,128.03,59.19444438
2019-04-17 06:00:00,127.38,128.34,127.73,127.67,151.4968343
2019-04-17 07:00:00,127.38,128.36,127.69,128.22,81.67667131
2019-04-17 08:00:00,126.82,128.25,128.2,126.95,305.71022979
2019-04-17 09:00:00,126.5,127.58,127.11,127.58,215.98145165
2019-04-17 10:00:00,126.21,127.92,127.58,127.8,115.12235164
2019-04-17 11:00:00,127.06,128.19,127.85,128.19,118.29085009
2019-04-17 12:00:00,126.5,128.31,128.19,127.2,115.7593235
2019-04-17 13:00:00,126.5,127.94,126.58,127.1,80.1746917
2019-04-17 14:00:00,126.5,127.56,127.32,127.17,85.17528867
2019-04-17 15:00:00,126.68,127.97,127.46,126.68,107.19187831
2019-04-17 16:00:00,126.5,127.91,127.6,127.67,129.13877258
2019-04-17 17:00:00,126.82,127.77,126.95,126.88,78.1772077
2019-04-17 18:00:00,125.73,127.8,127.32,127.77,262.15216548
2019-04-17 19:00:00,127.01,127.99,127.2,127.81,112.8397648
2019-04-17 20:00:00,127.31,128.4,127.33,127.34,104.05038924
2019-04-17 21:00:00,127.15,128.37,127.42,128.37,49.01914022
2019-04-17 22:00:00,126.86,128.5,128.41,127.69,119.45141515
2019-04-17 23:00:00,127.23,127.99,127.61,127.9,29.92866422
2019-04-18 00:00:00,127.66,128.35,127.86,127.96,50.34029986
2019-04-18 01:00:00,127.75,133.73,127.85,131.72,690.26470962
2019-04-18 02:00:00,130.84,133.26,132.42,132.32,44.69979815
2019-04-18 03:00:00,131.77,132.99,132.47,131.77,112.21605831
2019-04-18 04:00:00,131.91,133.13,132.54,132.71,19.66916356
2019-04-18 05:00:00,131.41,132.47,132.2,132.16,67.7815301
2019-04-18 06:00:00,131.4,132.21,132.09,132.21,225.04666479
2019-04-18 07:00:00,131.72,132.48,132.19,132.18,174.83130691
2019-04-18 08:00:00,131.42,132.33,131.91,131.45,281.53814893
2019-04-18 09:00:00,131.4,132.27,131.53,132.1,162.62737469
2019-04-18 10:00:00,131.71,132.45,132.1,132.31,218.10347635
2019-04-18 11:00:00,131.04,132.31,132.31,131.74,86.10237025
2019-04-18 12:00:00,131.16,132.51,131.17,132.51,177.33528824
2019-04-18 13:00:00,131.71,132.76,132.35,132.69,261.64604775
2019-04-18 14:00:00,132.0,132.79,132.34,132.79,247.77185136
2019-04-18 15:00:00,132.23,133.31,132.5,133.04,152.13193012
2019-04-18 16:00:00,132.0,133.72,132.51,133.72,78.73168531
2019-04-18 17:00:00,133.53,135.72,133.99,134.14,491.95229475
2019-04-18 18:00:00,134.44,135.54,134.94,134.84,221.70340007
2019-04-18 19:00:00,134.25,135.33,134.3,134.98,110.10585439
2019-04-18 20:00:00,133.67,134.92,134.9,134.8,195.07038557
2019-04-18 21:00:00,134.39,135.83,134.8,135.06,144.83541103
2019-04-18 22:00:00,133.41,135.81,134.72,133.41,403.07909731
2019-04-18 23:00:00,132.79,134.18,133.41,133.84,58.48528173
2019-04-19 00:00:00,133.15,133.96,133.83,133.69,23.94076694
2019-04-19 01:00:00,130.73,133.32,133.32,131.46,120.60542388
2019-04-19 02:00:00,131.04,132.26,131.22,131.62,19.10871214
2019-04-19 03:00:00,131.21,132.44,131.25,132.21,72.40447375
2019-04-19 04:00:00,132.14,132.8,132.5,132.8,34.14835001
2019-04-19 05:00:00,132.12,132.64,132.44,132.12,24.03591553
2019-04-19 06:00:00,132.31,133.23,132.31,133.23,83.16606443
2019-04-19 07:00:00,132.71,133.41,133.0,133.27,90.8468006
2019-04-19 08:00:00,131.86,134.0,133.27,133.7,177.62586596
2019-04-19 09:00:00,133.23,134.24,133.79,133.93,131.49825228
2019-04-19 10:00:00,132.62,133.99,133.39,133.45,209.88003224
2019-04-19 11:00:00,133.17,133.78,133.45,133.5,76.30545709
2019-04-19 12:00:00,132.37,133.85,133.56,132.63,98.98722537
2019-04-19 13:00:00,132.66,133.28,133.11,133.22,52.65383884
2019-04-19 14:00:00,132.33,133.41,133.23,133.2,198.4201333
2019-04-19 15:00:00,132.61,133.79,132.61,132.9,64.15017384
2019-04-19 16:00:00,132.53,134.04,132.88,133.3,320.58663445
2019-04-19 17:00:00,132.77,133.66,133.29,133.31,164.96649682
2019-04-19 18:00:00,132.51,134.06,133.33,133.65,337.2688199
2019-04-19 19:00:00,132.76,133.84,133.82,133.79,139.51937386
2019-04-19 20:00:00,133.3,134.23,133.75,134.14,81.23490122
2019-04-19 21:00:00,133.32,134.5,133.9,133.51,82.83335871
2019-04-19 22:00:00,133.52,134.5,133.96,134.5,35.20027261
2019-04-19 23:00:00,133.95,134.99,134.01,134.3,77.58635405
2019-04-20 00:00:00,134.29,134.97,134.46,134.9,41.91519603
2019-04-20 01:00:00,134.14,134.94,134.14,134.7,28.4570048
2019-04-20 02:00:00,134.64,134.7,134.7,134.7,0.93315766
2019-04-20 03:00:00,134.6,134.6,134.6,134.6,0.02609538
2019-04-20 04:00:00,134.6,135.0,134.6,135.0,42.64744475
2019-04-20 05:00:00,134.63,135.09,135.0,135.09,36.12959067
2019-04-20 06:00:00,134.63,135.5,135.06,134.97,177.9686625
2019-04-20 07:00:00,135.0,136.28,135.07,136.16,162.58725104
2019-04-20 08:00:00,135.29,137.15,135.93,135.8,157.81599834
2019-04-20 09:00:00,135.1,135.82,135.82,135.1,80.59773
2019-04-20 10:00:00,133.26,135.0,135.0,133.93,275.60826286
2019-04-20 11:00:00,133.47,134.27,133.59,133.91,224.78816227
2019-04-20 12:00:00,133.55,134.32,133.89,133.95,74.37429343
2019-04-20 13:00:00,133.71,134.33,134.18,134.06,70.96461103
2019-04-20 14:00:00,133.0,134.23,134.07,133.56,140.60762051
2019-04-20 15:00:00,132.78,134.03,132.86,133.33,76.81564888
2019-04-20 16:00:00,133.29,134.71,133.62,134.71,93.07247862
2019-04-20 17:00:00,133.64,134.77,133.91,133.75,72.81108766
2019-04-20 18:00:00,133.63,134.61,133.73,134.61,73.64650029
2019-04-20 19:00:00,133.69,135.0,133.99,134.09,188.03386701
2019-04-20 20:00:00,133.41,134.42,134.09,133.41,113.29298062
2019-04-20 21:00:00,132.51,134.57,133.85,132.52,105.52381226
2019-04-20 22:00:00,132.56,134.49,133.6,133.29,121.067612
2019-04-20 23:00:00,133.21,134.65,133.23,133.98,77.35227751
2019-04-21 00:00:00,133.75,134.78,133.79,134.54,11.11559463
2019-04-21 01:00:00,134.12,134.79,134.56,134.12,54.53590664
2019-04-21 02:00:00,133.88,134.11,134.11,133.91,7.20375276
2019-04-21 03:00:00,133.86,134.29,134.24,134.27,5.94420163
2019-04-21 05:00:00,133.21,134.2,133.88,134.03,25.24825015
2019-04-21 06:00:00,133.7,134.76,134.12,134.73,69.19699407
2019-04-21 07:00:00,132.91,134.7,133.77,133.04,282.45370998
2019-04-21 08:00:00,130.25,134.49,132.92,132.7,508.61779577
2019-04-21 09:00:00,130.0,132.39,132.29,130.96,506.25301136
2019-04-21 10:00:00,129.57,131.83,130.36,130.76,293.54856042
2019-04-21 11:00:00,130.21,131.47,130.77,130.21,29.50594086
2019-04-21 12:00:00,128.76,130.61,130.21,130.39,235.83591538
2019-04-21 13:00:00,130.32,131.31,130.4,130.96,30.43517361
2019-04-21 14:00:00,130.3,130.9,130.89,130.9,126.4299865
2019-04-21 15:00:00,130.32,131.47,130.9,130.94,22.09177068
2019-04-21 16:00:00,130.57,131.7,131.5,131.36,51.33959638
2019-04-21 17:00:00,130.3,131.45,130.57,131.1,162.28119763
2019-04-21 18:00:00,130.3,131.19,130.49,130.83,45.2362641
2019-04-21 19:00:00,130.3,130.85,130.74,130.85,29.19905032
2019-04-21 20:00:00,130.32,131.47,130.85,130.32,76.02365528
2019-04-21 21:00:00,130.33,131.8,130.74,131.65,67.67323639
2019-04-21 22:00:00,130.91,131.71,131.65,131.26,85.85387984
2019-04-21 23:00:00,130.53,132.45,131.12,131.09,209.1548322
2019-04-22 00:00:00,131.07,131.99,131.07,131.92,19.19676207
2019-04-22 01:00:00,130.56,131.51,131.51,130.56,4.85608
2019-04-22 02:00:00,130.52,131.13,130.74,130.52,16.04973235
2019-04-22 03:00:00,130.19,130.68,130.4,130.19,43.51458688
2019-04-22 04:00:00,130.0,130.88,130.0,130.88,13.87271629
2019-04-22 05:00:00,131.03,131.51,131.37,131.03,33.5736363
2019-04-22 06:00:00,130.8,131.99,131.26,131.35,40.43530651
2019-04-22 07:00:00,131.29,132.0,131.36,131.56,43.87311395
2019-04-22 08:00:00,131.0,131.78,131.32,131.49,60.95543977
2019-04-22 09:00:00,130.9,132.49,131.31,132.14,168.57737622
2019-04-22 10:00:00,131.79,133.0,132.47,133.0,230.6022697
2019-04-22 11:00:00,132.28,133.01,132.65,132.93,179.83413946
2019-04-22 12:00:00,132.19,133.1,132.27,132.62,65.91408644
2019-04-22 13:00:00,131.87,132.64,132.19,132.3,59.1832606
2019-04-22 14:00:00,131.86,132.87,131.86,132.22,64.21894812
2019-04-22 15:00:00,131.85,133.39,132.28,132.16,324.79462772
2019-04-22 16:00:00,130.28,132.16,132.16,130.7,226.95139148
2019-04-22 17:00:00,130.81,132.96,131.2,132.96,381.6902252
2019-04-22 18:00:00,132.04,133.62,132.98,133.55,210.10535263
2019-04-22 19:00:00,132.26,133.63,133.55,133.29,170.46371051
2019-04-22 20:00:00,132.42,133.58,133.36,132.42,263.60432652
2019-04-22 21:00:00,132.21,133.43,133.42,133.05,63.86940487
2019-04-22 22:00:00,132.7,133.52,133.05,133.34,107.65212492
2019-04-22 23:00:00,132.15,133.36,133.36,132.46,61.15714805
2019-04-23 00:00:00,131.8,132.65,132.65,132.01,75.689544
2019-04-23 01:00:00,131.81,132.48,131.81,132.41,24.62890012
2019-04-23 02:00:00,132.03,132.76,132.03,132.76,97.96803514
2019-04-23 03:00:00,133.24,133.29,133.24,133.29,1.53746337
2019-04-23 04:00:00,132.69,134.79,133.15,134.06,332.75457152
2019-04-23 05:00:00,134.0,134.93,134.55,134.91,27.76639534
2019-04-23 06:00:00,134.0,135.0,134.93,135.0,354.88459446
2019-04-23 07:00:00,134.96,135.97,135.0,135.46,166.14441512
2019-04-23 08:00:00,135.25,136.45,135.71,135.71,156.83493294
2019-04-23 09:00:00,134.23,135.27,135.24,135.02,258.10625791
2019-04-23 10:00:00,134.37,135.21,134.97,134.7,108.23300033
2019-04-23 11:00:00,134.32,135.24,135.18,134.33,152.92913359
2019-04-23 12:00:00,134.06,135.13,134.35,134.57,391.60229568
2019-04-23 13:00:00,134.54,135.57,134.64,135.13,138.29867552
2019-04-23 14:00:00,135.0,135.75,135.25,135.4,114.0456641
2019-04-23 15:00:00,134.1,135.53,135.12,134.6,193.31792384
2019-04-23 16:00:00,134.01,135.0,134.8,134.77,181.67056451
2019-04-23 17:00:00,134.19,135.25,134.37,134.72,256.74649439
2019-04-23 18:00:00,133.97,135.01,134.79,134.79,133.83903951
2019-04-23 19:00:00,133.21,134.75,134.14,134.06,141.53416229
2019-04-23 20:00:00,132.84,134.01,133.61,133.66,552.74415392
2019-04-23 21:00:00,132.91,134.28,133.82,134.16,200.60368927
2019-04-23 22:00:00,131.12,134.3,134.3,132.9,239.09758178
2019-04-23 23:00:00,131.8,133.03,132.55,132.23,164.82094393
2019-04-24 00:00:00,131.63,132.61,131.63,132.26,46.73451735
2019-04-24 01:00:00,129.62,131.62,131.62,131.03,64.9238938
2019-04-24 02:00:00,130.25,130.84,130.25,130.56,84.85904842
2019-04-24 03:00:00,130.83,131.59,131.04,131.59,4.5910825
2019-04-24 04:00:00,130.76,132.02,131.26,131.89,9.08027773
2019-04-24 05:00:00,131.01,131.82,131.52,131.5,57.41003745
2019-04-24 06:00:00,130.87,131.99,131.99,131.29,30.20044055
2019-04-24 07:00:00,126.51,131.29,131.29,127.95,280.82009294
2019-04-24 08:00:00,127.11,128.55,127.66,128.23,399.4820161
2019-04-24 09:00:00,127.03,128.12,127.77,127.03,246.44044192
2019-04-24 10:00:00,126.68,128.32,127.51,127.31,193.1310958
2019-04-24 11:00:00,126.8,127.92,127.55,127.4,176.2455848
2019-04-24 12:00:00,127.47,128.39,127.82,128.05,126.89711325
2019-04-24 13:00:00,126.96,128.31,128.05,127.11,96.4183498
2019-04-24 14:00:00,126.9,127.82,126.9,127.66,102.66100472
2019-04-24 15:00:00,127.1,128.42,127.1,127.5,121.86411867
2019-04-24 16:00:00,125.22,127.78,127.51,126.0,322.24156948
2019-04-24 17:00:00,125.5,126.64,126.0,125.8,386.4323564
2019-04-24 18:00:00,124.08,126.12,125.54,126.12,363.93309487
2019-04-24 19:00:00,126.1,127.24,126.1,126.81,194.37674189
2019-04-24 20:00:00,126.62,127.92,126.89,127.89,87.50266309
2019-04-24 21:00:00,127.51,128.06,127.93,127.57,99.09752015
2019-04-24 22:00:00,127.55,128.49,127.57,128.49,129.28327392
2019-04-24 23:00:00,127.75,129.08,128.5,128.32,81.26999128
2019-04-25 00:00:00,128.44,129.13,128.91,128.97,22.49393671
2019-04-25 01:00:00,128.16,128.96,128.4,128.16,25.95469235
2019-04-25 02:00:00,127.24,128.59,128.59,127.24,122.20858566
2019-04-25 03:00:00,126.81,127.39,127.37,127.38,36.08678467
2019-04-25 04:00:00,127.22,128.29,127.39,127.23,59.30492332
2019-04-25 05:00:00,127.21,127.68,127.68,127.62,40.25825086
2019-04-25 06:00:00,125.85,128.5,127.63,126.39,144.20106762
2019-04-25 07:00:00,125.62,127.22,126.51,127.08,130.35680273
2019-04-25 08:00:00,126.15,128.28,127.06,126.86,530.48582384
2019-04-25 09:00:00,126.19,127.19,127.03,127.06,97.33842696
2019-04-25 10:00:00,127.0,128.12,127.0,128.05,98.26278795
2019-04-25 11:00:00,127.4,128.08,128.03,128.05,84.96627402
2019-04-25 12:00:00,127.64,128.4,128.16,127.97,155.29458217
2019-04-25 13:00:00,127.43,127.96,127.96,127.44,232.95370065
2019-04-25 14:00:00,127.29,127.6,127.59,127.29,165.32301352
2019-04-25 15:00:00,127.29,127.97,127.3,127.81,93.09064505
2019-04-25 16:00:00,127.5,128.45,127.5,128.25,70.81782361
2019-04-25 17:00:00,127.71,128.4,128.32,128.29,122.22333461
2019-04-25 18:00:00,127.96,128.62,128.29,128.46,113.31936423
2019-04-25 19:00:00,127.71,128.78,128.01,128.18,142.86168032
2019-04-25 20:00:00,127.61,128.57,128.18,128.17,98.6060656
2019-04-25 21:00:00,125.25,128.7,128.17,125.25,341.04715739
2019-04-25 22:00:00,114.54,125.1,125.1,119.72,1119.576283
2019-04-25 23:00:00,118.0,119.06,118.95,118.44,767.4594537
2019-04-26 00:00:00,115.5,118.44,118.44,117.61,203.32566043
2019-04-26 01:00:00,116.89,118.38,117.4,118.24,58.0568545
2019-04-26 02:00:00,117.31,120.34,118.13,118.39,186.06145815
2019-04-26 03:00:00,118.04,120.13,118.43,119.0,170.58123709
2019-04-26 04:00:00,119.09,120.35,120.24,119.09,48.66591146
2019-04-26 05:00:00,118.63,119.68,119.1,119.09,121.60456793
2019-04-26 06:00:00,117.62,119.16,119.0,118.57,213.80295852
2019-04-26 07:00:00,117.76,118.91,118.62,118.5,383.73907472
2019-04-26 08:00:00,118.04,119.09,118.5,118.54,348.40265409
2019-04-26 09:00:00,117.71,118.79,118.31,118.22,721.78943108
2019-04-26 10:00:00,117.8,119.05,118.2,118.07,196.20597144
2019-04-26 11:00:00,117.21,118.62,118.07,117.8,643.60069437
2019-04-26 12:00:00,117.03,118.68,117.79,118.68,424.84858061
2019-04-26 13:00:00,117.85,118.99,118.15,118.12,217.26159603
2019-04-26 14:00:00,117.58,118.45,118.32,118.17,222.56451333
2019-04-26 15:00:00,117.0,118.17,118.17,117.35,192.93705369
2019-04-26 16:00:00,115.64,117.53,117.01,116.92,627.49297549
2019-04-26 17:00:00,116.72,118.15,117.41,117.73,322.45265182
2019-04-26 18:00:00,116.71,117.88,117.67,116.71,108.80229866
2019-04-26 19:00:00,116.46,117.25,116.71,116.88,109.25401822
2019-04-26 20:00:00,116.47,117.69,116.74,116.94,142.47772854
2019-04-26 21:00:00,116.97,118.53,116.97,118.52,243.81135445
2019-04-26 22:00:00,118.04,119.65,118.7,118.72,183.29959425
2019-04-26 23:00:00,118.48,119.29,118.77,119.21,33.25563651
2019-04-27 00:00:00,119.19,119.92,119.77,119.3,37.55411467
2019-04-27 01:00:00,118.69,119.74,119.31,119.41,110.19499766
2019-04-27 02:00:00,118.58,119.98,119.4,119.12,184.52848415
2019-04-27 03:00:00,118.46,119.98,119.14,119.98,21.36983975
2019-04-27 04:00:00,118.79,119.75,119.75,119.71,14.63613618
2019-04-27 05:00:00,119.25,119.98,119.97,119.92,16.60960899
2019-04-27 06:00:00,119.76,120.0,119.97,120.0,44.18581772
2019-04-27 07:00:00,118.9,120.04,120.03,119.95,69.28442315
2019-04-27 08:00:00,118.88,119.94,119.44,119.3,97.31377134
2019-04-27 09:00:00,118.76,119.99,119.0,119.9,112.74053678
2019-04-27 10:00:00,119.5,120.19,119.59,119.93,62.11614809
2019-04-27 11:00:00,119.35,120.17,119.99,119.71,203.33819717
2019-04-27 12:00:00,118.79,119.64,119.58,119.35,109.74560558
2019-04-27 13:00:00,119.04,119.72,119.36,119.72,94.03337368
2019-04-27 14:00:00,119.27,120.19,119.8,120.05,80.22663087
2019-04-27 15:00:00,119.53,120.41,120.08,119.6,99.26674213
2019-04-27 16:00:00,119.55,120.97,119.6,120.93,70.97964641
2019-04-27 17:00:00,120.05,122.94,120.55,122.55,256.66407443
2019-04-27 18:00:00,121.5,123.04,122.54,122.92,291.95326448
2019-04-27 19:00:00,121.91,124.86,123.09,122.76,227.01049295
2019-04-27 20:00:00,122.74,124.58,122.99,124.58,187.18692691
2019-04-27 21:00:00,122.75,124.55,123.74,122.9,251.56567818
2019-04-27 22:00:00,122.0,123.44,122.76,122.25,108.29715749
2019-04-27 23:00:00,120.99,122.78,122.25,122.13,118.0762957
2019-04-28 00:00:00,121.41,121.98,121.94,121.75,23.16363435
2019-04-28 01:00:00,121.11,121.94,121.75,121.29,37.16804849
2019-04-28 02:00:00,120.63,121.31,121.31,120.86,46.20684091
2019-04-28 03:00:00,120.63,120.96,120.96,120.63,0.1645213
2019-04-28 04:00:00,120.26,121.5,121.01,120.38,320.74382236
2019-04-28 05:00:00,119.91,120.4,120.4,119.98,15.30155045
2019-04-28 06:00:00,119.97,121.46,119.98,120.49,127.60256656
2019-04-28 07:00:00,119.99,120.97,120.3,120.81,110.21107146
2019-04-28 08:00:00,120.02,120.94,120.81,120.76,185.27175309
2019-04-28 09:00:00,120.13,122.12,120.77,120.51,134.34948962
2019-04-28 10:00:00,120.5,121.63,120.98,121.62,136.63279469
2019-04-28 11:00:00,120.67,122.15,121.26,121.25,134.30133557
2019-04-28 12:00:00,121.0,122.06,122.05,121.28,115.85165698
2019-04-28 13:00:00,120.5,121.79,120.97,120.51,59.20077609
2019-04-28 14:00:00,120.24,121.58,120.51,120.71,81.48955708
2019-04-28 15:00:00,120.04,121.22,120.43,120.61,131.81765286
2019-04-28 16:00:00,120.03,120.68,120.61,120.03,190.44752505
2019-04-28 17:00:00,119.78,120.23,120.0,119.97,45.66553189
2019-04-28 18:00:00,119.11,120.21,119.8,119.29,362.72614474
2019-04-28 19:00:00,118.43,120.08,119.82,119.55,135.04214272
2019-04-28 20:00:00,118.79,119.78,119.44,119.67,65.13257001
2019-04-28 21:00:00,118.79,119.55,118.99,119.32,110.89634988
2019-04-28 22:00:00,118.46,119.28,119.28,119.0,76.90790161
2019-04-28 23:00:00,118.9,119.0,119.0,119.0,36.38022709
2019-04-29 00:00:00,118.76,119.78,119.0,119.37,47.18481995
2019-04-29 01:00:00,118.81,119.34,119.32,119.34,7.54792141
2019-04-29 02:00:00,119.35,119.6,119.35,119.6,1.23443445
2019-04-29 03:00:00,119.21,119.72,119.33,119.22,20.90840444
2019-04-29 04:00:00,119.42,119.96,119.64,119.93,20.14981324
2019-04-29 05:00:00,119.16,119.71,119.57,119.64,28.43713899
2019-04-29 06:00:00,119.16,119.63,119.55,119.59,40.57894194
2019-04-29 07:00:00,118.7,119.62,119.56,118.7,118.30828235
2019-04-29 08:00:00,118.44,119.2,119.14,118.88,131.82886221
2019-04-29 09:00:00,117.74,119.11,118.88,118.13,148.08365132
2019-04-29 10:00:00,116.8,118.61,118.17,117.46,104.79041716
2019-04-29 11:00:00,116.84,117.83,117.41,117.74,145.54392521
2019-04-29 12:00:00,116.1,117.94,117.31,117.29,144.86634706
2019-04-29 13:00:00,115.71,117.41,117.03,116.88,143.36427161
2019-04-29 14:00:00,116.84,117.96,116.84,117.58,146.2451869
2019-04-29 15:00:00,116.67,117.86,117.11,116.98,165.89158721
2019-04-29 16:00:00,117.23,119.16,117.23,119.16,111.21423948
2019-04-29 17:00:00,118.62,119.89,118.62,119.21,94.03188195
2019-04-29 18:00:00,118.05,119.19,119.19,118.76,146.15521178
2019-04-29 19:00:00,118.14,118.77,118.75,118.36,221.7467523
2019-04-29 20:00:00,117.45,118.66,118.28,118.1,127.3062222
2019-04-29 21:00:00,117.35,118.29,117.85,117.54,113.27001114
2019-04-29 22:00:00,117.16,118.15,117.57,117.55,74.93374344
2019-04-29 23:00:00,117.35,118.51,117.6,118.08,67.67191907
2019-04-30 00:00:00,117.89,118.57,118.39,118.38,60.09944931
2019-04-30 01:00:00,118.06,119.44,118.06,119.44,35.80744227
2019-04-30 02:00:00,119.44,120.2,119.5,120.2,30.62506104
2019-04-30 03:00:00,119.34,120.02,120.02,119.41,94.28318731
2019-04-30 04:00:00,118.81,119.76,119.61,118.81,19.3729972
2019-04-30 05:00:00,118.89,119.67,119.3,119.65,49.45599767
2019-04-30 06:00:00,119.13,119.76,119.69,119.62,110.98897186
2019-04-30 07:00:00,119.19,120.67,119.58,120.09,65.98678348
2019-04-30 08:00:00,119.64,120.41,119.99,119.67,138.00504037
2019-04-30 09:00:00,119.11,120.32,120.05,120.01,194.74850214
2019-04-30 10:00:00,119.99,121.17,120.19,120.54,183.46978103
2019-04-30 11:00:00,120.1,120.91,120.57,120.91,119.66930877
2019-04-30 12:00:00,120.33,121.0,120.73,120.94,465.30653592
2019-04-30 13:00:00,120.24,121.09,120.94,120.74,140.12817636
2019-04-30 14:00:00,120.26,121.48,121.12,120.63,252.08778298
2019-04-30 15:00:00,119.77,120.84,120.18,120.84,126.49961303
2019-04-30 16:00:00,119.98,120.93,120.84,120.54,454.39680843
2019-04-30 17:00:00,120.02,120.74,120.57,120.62,96.1372722
2019-04-30 18:00:00,119.99,120.77,120.59,120.4,261.6530263
2019-04-30 19:00:00,119.79,120.52,120.4,120.08,129.7630959
2019-04-30 20:00:00,119.54,120.56,119.69,120.26,149.75177813
2019-04-30 21:00:00,120.17,121.35,120.32,120.78,147.67945117
2019-04-30 22:00:00,120.85,123.74,121.29,123.36,213.15013918
2019-04-30 23:00:00,122.49,123.42,123.42,122.91,82.63015573
2019-05-01 00:00:00,122.94,125.25,123.09,123.8,163.15008549
2019-05-01 01:00:00,123.75,124.24,124.21,123.76,52.71724243
2019-05-01 02:00:00,123.52,123.96,123.76,123.87,45.60602501
2019-05-01 03:00:00,123.17,123.86,123.86,123.23,24.09884648
2019-05-01 04:00:00,122.39,123.36,123.29,122.8,25.12272455
2019-05-01 05:00:00,122.31,123.05,122.81,122.77,64.99230783
2019-05-01 06:00:00,122.37,123.48,122.81,123.48,89.43861655
2019-05-01 07:00:00,122.63,123.5,123.48,123.11,130.40999337
2019-05-01 08:00:00,121.31,123.19,123.1,121.92,118.5697981
2019-05-01 09:00:00,121.32,122.08,121.99,121.62,104.05859508
2019-05-01 10:00:00,121.34,121.86,121.62,121.7,77.88403328
2019-05-01 11:00:00,121.73,122.61,121.73,122.42,88.79150207
2019-05-01 12:00:00,121.31,122.44,122.09,121.6,116.96204808
2019-05-01 13:00:00,121.1,121.9,121.6,121.32,75.74929571
2019-05-01 14:00:00,121.03,121.88,121.77,121.46,86.70068282
2019-05-01 15:00:00,120.93,121.62,121.09,121.07,80.8522791
2019-05-01 16:00:00,121.04,122.1,121.49,121.7,121.75193992
2019-05-01 17:00:00,121.31,122.97,121.7,122.41,289.16668123
2019-05-01 18:00:00,121.23,123.36,122.39,121.98,534.89699277
2019-05-01 19:00:00,120.35,121.92,121.72,120.61,1236.74985043
2019-05-01 20:00:00,120.48,121.28,121.09,121.19,155.23086886
2019-05-01 21:00:00,120.23,120.98,120.64,120.87,127.88275533
2019-05-01 22:00:00,120.2,120.91,120.3,120.91,43.44588473
2019-05-01 23:00:00,120.53,121.73,120.53,121.03,42.5182484
2019-05-02 00:00:00,120.79,121.72,121.15,121.72,7.10634864
2019-05-02 01:00:00,120.89,121.72,121.72,121.3,18.03282454
2019-05-02 02:00:00,121.2,121.6,121.2,121.41,6.15185737
2019-05-02 03:00:00,121.15,121.73,121.4,121.15,14.08256258
2019-05-02 04:00:00,121.04,121.68,121.56,121.68,22.56850499
2019-05-02 05:00:00,121.16,121.73,121.7,121.73,63.66245409
2019-05-02 06:00:00,121.36,122.0,121.39,121.99,158.85519855
2019-05-02 07:00:00,121.43,122.67,121.99,121.47,75.79485568
2019-05-02 08:00:00,121.51,122.47,121.51,121.89,109.16633702
2019-05-02 09:00:00,121.19,122.39,122.38,121.19,106.56618462
2019-05-02 10:00:00,121.01,122.03,121.27,121.41,75.10013117
2019-05-02 11:00:00,121.18,121.85,121.59,121.84,36.34408804
2019-05-02 12:00:00,121.17,121.99,121.29,121.58,58.4414145
2019-05-02 13:00:00,120.0,121.29,121.29,120.77,207.38633616
2019-05-02 14:00:00,120.73,121.61,121.13,121.6,59.92474231
2019-05-02 15:00:00,121.01,121.85,121.04,121.8,59.51126781
2019-05-02 16:00:00,120.64,122.19,121.7,121.43,180.81216648
2019-05-02 17:00:00,120.87,121.43,121.4,120.98,44.42693123
2019-05-02 18:00:00,120.9,121.5,121.31,120.98,46.49014193
2019-05-02 19:00:00,120.86,121.19,120.86,121.1,129.40705184
2019-05-02 20:00:00,120.87,122.82,121.4,122.6,230.36038447
2019-05-02 21:00:00,122.0,123.49,122.6,122.05,107.96656724
2019-05-02 22:00:00,122.23,123.04,122.55,122.87,83.95898435
2019-05-02 23:00:00,122.0,122.95,122.87,122.0,104.689605
2019-05-03 00:00:00,121.5,122.45,122.24,121.52,24.75046332
2019-05-03 01:00:00,121.6,122.95,122.39,122.83,21.27249409
2019-05-03 02:00:00,122.36,123.04,123.04,122.36,7.94707602
2019-05-03 03:00:00,122.5,122.81,122.5,122.51,4.1705475
2019-05-03 04:00:00,121.96,123.23,121.99,122.79,79.29098145
2019-05-03 05:00:00,122.21,123.09,122.43,122.46,29.92447028
2019-05-03 06:00:00,122.57,124.15,123.06,124.15,194.60865043
2019-05-03 07:00:00,123.04,124.14,124.12,123.77,102.51842231
2019-05-03 08:00:00,123.05,124.0,123.77,123.8,140.43009236
2019-05-03 09:00:00,123.24,130.0,123.37,128.74,409.72665281
2019-05-03 10:00:00,126.88,128.74,128.74,126.92,467.74792089
2019-05-03 11:00:00,126.96,128.3,126.96,127.49,244.13532447
2019-05-03 12:00:00,127.63,128.75,127.91,128.04,143.32818703
2019-05-03 13:00:00,127.74,128.52,128.33,128.2,156.25742507
2019-05-03 14:00:00,126.61,128.17,127.82,127.15,306.51048926
2019-05-03 15:00:00,126.02,127.27,127.27,126.25,290.09216788
2019-05-03 16:00:00,126.2,126.96,126.25,126.59,183.69099263
2019-05-03 17:00:00,125.02,126.75,126.15,125.59,139.09919141
2019-05-03 18:00:00,124.64,126.0,125.4,125.72,153.98069701
2019-05-03 19:00:00,124.85,125.9,125.72,125.71,99.65350685
2019-05-03 20:00:00,125.37,126.55,125.73,126.13,47.67608951
2019-05-03 21:00:00,125.2,126.41,126.05,125.9,89.32471656
2019-05-03 22:00:00,125.03,126.0,126.0,125.78,136.34775372
2019-05-03 23:00:00,125.0,125.8,125.76,125.64,45.10174157
2019-05-04 00:00:00,125.03,126.88,125.23,125.62,329.99302236
2019-05-04 01:00:00,125.51,127.94,126.82,127.37,125.66570576
2019-05-04 02:00:00,125.78,126.6,126.18,125.78,22.99120559
2019-05-04 03:00:00,124.94,126.2,126.2,124.94,93.57628113
2019-05-04 04:00:00,122.5,124.75,124.75,123.81,16.14852619
2019-05-04 05:00:00,123.0,123.72,123.07,123.33,49.62642237
2019-05-04 06:00:00,122.86,123.99,123.28,123.99,193.84660519
2019-05-04 07:00:00,123.84,125.91,123.99,124.21,154.43575654
2019-05-04 08:00:00,123.67,125.63,124.69,124.62,204.99301305
2019-05-04 09:00:00,123.27,124.99,124.66,123.69,109.70896899
2019-05-04 10:00:00,122.69,123.49,123.43,123.37,158.37644512
2019-05-04 11:00:00,122.99,123.52,123.37,123.33,107.15305242
2019-05-04 12:00:00,122.31,123.44,123.39,123.23,133.29395233
2019-05-04 13:00:00,120.45,123.3,123.17,121.47,161.98590035
2019-05-04 14:00:00,121.03,122.12,121.89,121.26,292.41771635
2019-05-04 15:00:00,121.21,121.99,121.73,121.52,155.19390041
2019-05-04 16:00:00,120.77,122.05,120.94,120.86,277.06444148
2019-05-04 17:00:00,120.81,121.95,121.49,121.83,85.38394788
2019-05-04 18:00:00,121.04,122.45,121.85,122.31,94.47216223
2019-05-04 19:00:00,122.11,122.99,122.26,122.68,70.08316557
2019-05-04 20:00:00,122.26,123.36,122.84,123.35,121.34614269
2019-05-04 21:00:00,123.35,124.94,123.35,124.58,111.83957983
2019-05-04 22:00:00,123.57,124.89,124.04,124.36,181.31909342
2019-05-04 23:00:00,123.36,125.0,124.0,124.81,32.81494208
2019-05-05 00:00:00,122.6,124.36,123.36,122.69,137.21541333
2019-05-05 01:00:00,122.75,123.61,123.15,122.75,14.03565676
2019-05-05 02:00:00,122.87,123.6,123.01,122.87,5.50294914
2019-05-05 03:00:00,123.46,123.77,123.53,123.77,2.16852355
2019-05-05 04:00:00,122.73,123.65,123.35,123.65,1.26844604
2019-05-05 05:00:00,123.25,124.59,123.25,124.15,237.26304717
2019-05-05 06:00:00,123.23,123.94,123.84,123.94,14.32354191
2019-05-05 07:00:00,122.52,123.57,123.57,122.74,28.92880537
2019-05-05 08:00:00,122.27,123.0,122.58,122.71,31.57831525
2019-05-05 09:00:00,122.42,123.1,122.93,122.63,20.08371296
2019-05-05 10:00:00,121.89,123.07,122.86,123.07,61.43019979
2019-05-05 11:00:00,122.16,123.05,123.03,122.24,85.73776462
2019-05-05 12:00:00,122.28,123.34,122.64,122.78,78.43992784
2019-05-05 13:00:00,122.89,123.54,123.29,123.54,24.78588963
2019-05-05 14:00:00,122.26,123.52,123.01,122.47,34.37006885
2019-05-05 15:00:00,122.4,123.25,123.13,122.49,29.90607371
2019-05-05 16:00:00,122.0,123.17,122.89,122.36,84.51892874
2019-05-05 17:00:00,120.87,122.34,122.34,120.87,117.46951927
2019-05-05 18:00:00,120.1,122.19,120.83,122.01,317.09195651
2019-05-05 19:00:00,121.25,122.83,122.08,122.83,111.61701096
2019-05-05 20:00:00,122.45,124.89,122.52,123.43,265.27233057
2019-05-05 21:00:00,123.4,124.71,123.79,123.76,84.95833491
2019-05-05 22:00:00,122.58,123.92,123.8,123.24,171.97233252
2019-05-05 23:00:00,122.35,123.05,122.76,122.35,58.43012098
2019-05-06 00:00:00,121.85,123.04,122.4,122.1,194.41252736
2019-05-06 01:00:00,121.0,122.22,122.22,121.06,26.43689731
2019-05-06 02:00:00,121.18,121.85,121.61,121.71,7.86084169
2019-05-06 03:00:00,121.04,121.82,121.67,121.35,6.96145882
2019-05-06 04:00:00,120.98,121.67,121.13,121.67,7.39485031
2019-05-06 05:00:00,121.22,121.97,121.3,121.64,38.13302777
2019-05-06 06:00:00,120.5,121.66,121.66,121.07,41.49697839
2019-05-06 07:00:00,120.57,121.74,120.66,121.06,282.4119494
2019-05-06 08:00:00,120.52,121.36,121.2,120.88,286.16163629
2019-05-06 09:00:00,120.52,124.12,120.52,123.57,308.98999584
2019-05-06 10:00:00,123.51,124.61,124.03,123.98,56.87419863
2019-05-06 11:00:00,123.61,125.21,124.13,125.09,92.96769572
2019-05-06 12:00:00,123.9,124.78,124.64,124.02,61.23566149
2019-05-06 13:00:00,124.2,124.94,124.45,124.78,117.68139386
2019-05-06 14:00:00,124.82,127.3,124.82,126.6,119.27434345
2019-05-06 15:00:00,126.34,129.5,126.62,129.5,361.45073776
2019-05-06 16:00:00,129.53,134.05,129.57,132.32,1512.5795976
2019-05-06 17:00:00,131.72,133.46,132.96,132.44,582.58243561
2019-05-06 18:00:00,131.87,133.14,132.82,132.99,227.38547767
2019-05-06 19:00:00,131.96,133.26,132.56,132.1,178.83958879
2019-05-06 20:00:00,131.57,132.5,132.5,131.99,165.50865846
2019-05-06 21:00:00,131.78,132.51,132.0,132.03,197.80610011
2019-05-06 22:00:00,131.8,132.52,132.2,132.11,156.04685759
2019-05-06 23:00:00,130.44,132.38,132.01,131.1,158.32271798
2019-05-07 00:00:00,131.62,137.48,131.62,136.89,432.13602394
2019-05-07 01:00:00,134.45,137.0,136.44,135.62,318.82955722
2019-05-07 02:00:00,134.97,136.15,136.02,135.95,48.47499799
2019-05-07 03:00:00,134.93,136.2,135.95,134.93,24.96792298
2019-05-07 04:00:00,134.04,134.93,134.57,134.22,42.63322581
2019-05-07 05:00:00,132.35,134.54,134.39,133.92,231.32198249
2019-05-07 06:00:00,133.1,135.18,133.1,134.04,128.16971139
2019-05-07 07:00:00,132.76,134.42,134.04,134.23,114.44230939
2019-05-07 08:00:00,133.19,134.61,134.42,133.92,61.882713
2019-05-07 09:00:00,133.04,135.77,133.92,135.0,248.38059261
2019-05-07 10:00:00,133.87,135.56,134.61,134.07,200.84828206
2019-05-07 11:00:00,133.21,135.37,134.5,135.19,314.16167847
2019-05-07 12:00:00,133.55,135.42,135.42,135.01,234.04019968
2019-05-07 13:00:00,134.3,135.6,135.01,135.39,204.56931517
2019-05-07 14:00:00,128.93,135.6,135.43,131.47,492.5609816
2019-05-07 15:00:00,130.57,131.87,131.01,131.22,143.40317858
2019-05-07 16:00:00,131.22,133.0,131.31,132.81,162.45238406
2019-05-07 17:00:00,131.46,132.67,132.43,131.63,51.6030455
2019-05-07 18:00:00,130.17,131.7,131.66,130.42,356.54476348
2019-05-07 19:00:00,129.16,130.81,130.8,129.81,139.88490529
2019-05-07 20:00:00,129.8,131.0,129.81,130.55,187.08239331
2019-05-07 21:00:00,130.53,132.24,130.53,132.0,395.38251887
2019-05-07 22:00:00,131.03,133.61,132.01,132.44,174.59340251
2019-05-07 23:00:00,126.99,133.05,132.01,127.65,601.5204287
2019-05-08 00:00:00,124.5,127.99,127.68,126.72,776.61274506
2019-05-08 01:00:00,126.39,128.0,126.59,128.0,72.44823661
2019-05-08 02:00:00,127.56,128.5,128.13,127.56,9.21373549
2019-05-08 03:00:00,127.3,128.18,127.3,128.18,4.46067782
2019-05-08 04:00:00,128.18,129.32,128.18,128.56,31.324908
2019-05-08 05:00:00,127.74,129.78,128.93,129.44,45.22332649
2019-05-08 06:00:00,129.5,130.26,129.78,130.14,39.82393625
2019-05-08 07:00:00,128.95,130.18,129.63,129.0,67.94840444
2019-05-08 08:00:00,128.67,129.78,128.9,129.0,68.27248723
2019-05-08 09:00:00,128.62,129.65,129.14,129.42,137.76543425
2019-05-08 10:00:00,128.81,129.98,129.76,129.6,194.6978756
2019-05-08 11:00:00,129.07,130.4,129.69,130.26,182.27453654
2019-05-08 12:00:00,129.2,130.45,130.3,129.96,1198.14677718
2019-05-08 13:00:00,129.05,130.13,129.54,129.73,251.93956536
2019-05-08 14:00:00,128.24,129.76,129.73,128.97,149.84724565
2019-05-08 15:00:00,128.94,130.05,129.41,129.81,195.58517914
2019-05-08 16:00:00,128.47,130.2,129.54,128.47,137.41820175
2019-05-08 17:00:00,128.14,129.51,128.62,128.44,180.03103669
2019-05-08 18:00:00,128.14,129.12,128.72,129.09,39.13670927
2019-05-08 19:00:00,128.51,129.71,128.51,128.94,81.21705617
2019-05-08 20:00:00,128.68,129.86,128.69,129.86,178.61449884
2019-05-08 21:00:00,128.99,130.36,129.9,129.86,178.83897063
2019-05-08 22:00:00,129.42,131.61,129.86,131.27,252.22094065
2019-05-08 23:00:00,128.99,132.0,131.63,130.65,178.11848461
2019-05-09 00:00:00,129.96,132.36,130.44,132.36,34.24259317
2019-05-09 01:00:00,131.31,133.3,132.99,131.56,163.49681186
2019-05-09 02:00:00,131.32,132.18,131.56,131.32,126.28088928
2019-05-09 03:00:00,131.1,131.87,131.87,131.51,65.1506852
2019-05-09 04:00:00,130.94,131.75,131.3,131.58,36.10958697
2019-05-09 05:00:00,129.67,131.83,131.58,129.72,59.73526806
2019-05-09 06:00:00,129.03,131.51,129.96,130.52,82.83810398
2019-05-09 07:00:00,129.95,130.73,130.69,130.47,129.80058563
2019-05-09 08:00:00,130.03,131.65,130.03,130.9,288.59638692
2019-05-09 09:00:00,130.37,131.24,131.23,131.02,183.10579021
2019-05-09 10:00:00,130.57,131.16,131.0,130.77,339.8336457
2019-05-09 11:00:00,129.95,131.1,131.1,130.49,202.52388701
2019-05-09 12:00:00,128.91,130.12,129.9,129.3,111.73779544
2019-05-09 13:00:00,128.46,129.72,129.17,129.28,134.91455381
2019-05-09 14:00:00,128.77,129.67,129.67,128.97,136.47285616
2019-05-09 15:00:00,128.03,129.22,129.02,128.39,330.49057358
2019-05-09 16:00:00,128.34,129.16,128.77,128.85,72.20760497
2019-05-09 17:00:00,128.0,128.94,128.85,128.24,107.68850476
2019-05-09 18:00:00,127.15,128.79,128.13,127.8,645.58023699
2019-05-09 19:00:00,127.67,128.98,128.08,128.39,848.88356521
2019-05-09 20:00:00,128.06,129.6,128.32,129.59,99.8383968
2019-05-09 21:00:00,129.35,130.48,129.59,129.6,512.58235372
2019-05-09 22:00:00,125.48,130.64,129.5,130.64,1767.50798382
2019-05-09 23:00:00,130.37,131.94,131.0,130.49,92.18860987
2019-05-10 00:00:00,129.41,131.2,131.14,129.41,288.99752115
2019-05-10 01:00:00,129.18,130.42,129.64,130.42,23.65915414
2019-05-10 02:00:00,129.67,131.72,130.5,131.01,187.25146064
2019-05-10 03:00:00,130.18,131.99,131.38,131.23,42.30962129
2019-05-10 04:00:00,130.87,134.77,131.21,134.47,388.87102761
2019-05-10 05:00:00,133.48,134.45,134.34,133.7,227.84072805
2019-05-10 06:00:00,133.37,134.67,134.21,134.38,362.42162792
2019-05-10 07:00:00,133.5,135.09,133.97,134.3,1187.08564143
2019-05-10 08:00:00,132.2,135.07,134.3,132.69,968.28630322
2019-05-10 09:00:00,132.2,133.0,132.66,133.0,165.35969948
2019-05-10 10:00:00,132.32,133.51,133.0,132.45,143.34849697
2019-05-10 11:00:00,131.92,132.78,132.35,132.09,164.94284961
2019-05-10 12:00:00,131.06,132.3,132.0,131.9,187.04546129
2019-05-10 13:00:00,131.14,132.39,131.71,131.39,374.17584932
2019-05-10 14:00:00,130.67,132.11,131.93,130.98,417.80737389
2019-05-10 15:00:00,130.95,132.03,131.51,131.93,102.81891517
2019-05-10 16:00:00,131.61,133.58,132.48,133.04,366.79287638
2019-05-10 17:00:00,132.4,134.94,132.82,134.73,290.38697659
2019-05-10 18:00:00,133.47,135.0,134.94,134.14,206.52340506
2019-05-10 19:00:00,133.45,134.75,134.14,134.73,53.83060397
2019-05-10 20:00:00,130.98,134.75,134.7,132.0,168.65989279
2019-05-10 21:00:00,130.99,132.86,131.82,132.84,137.15077397
2019-05-10 22:00:00,132.07,133.68,132.53,132.97,114.54914764
2019-05-10 23:00:00,132.09,133.91,133.68,133.45,416.05643822
2019-05-11 00:00:00,132.85,134.28,132.85,134.27,22.61634671
2019-05-11 01:00:00,133.22,134.47,134.22,134.35,59.55733336
2019-05-11 02:00:00,134.29,135.5,134.5,135.5,88.20782473
2019-05-11 03:00:00,134.87,135.91,135.49,135.29,52.98605857
2019-05-11 04:00:00,132.38,135.87,135.25,135.48,99.38814141
2019-05-11 05:00:00,134.09,135.98,135.18,135.96,162.62491264
2019-05-11 06:00:00,135.07,137.8,135.96,135.75,391.99258142
2019-05-11 07:00:00,135.82,137.54,136.5,137.0,266.8081001
2019-05-11 08:00:00,136.63,143.0,137.0,141.13,1410.17932837
2019-05-11 09:00:00,141.21,142.91,141.68,142.58,671.10723818
2019-05-11 10:00:00,142.97,149.55,142.97,148.08,2032.76743108
2019-05-11 11:00:00,144.47,148.06,148.05,145.23,1043.9186124
2019-05-11 12:00:00,143.68,146.27,145.27,145.31,793.5417419
2019-05-11 13:00:00,144.49,146.5,145.0,146.42,341.12142411
2019-05-11 14:00:00,144.54,146.5,146.04,146.38,289.95173795
2019-05-11 15:00:00,145.23,148.0,146.17,147.49,826.63054964
2019-05-11 16:00:00,146.27,148.0,148.0,146.82,543.4004494
2019-05-11 17:00:00,146.0,153.87,147.06,153.87,1295.04204664
2019-05-11 18:00:00,151.5,153.94,153.86,152.28,1227.44678173
2019-05-11 19:00:00,150.0,152.97,152.58,152.04,622.36950966
2019-05-11 20:00:00,151.4,153.99,151.42,152.95,384.27530828
2019-05-11 21:00:00,150.04,154.2,153.08,154.0,373.69047474
2019-05-11 22:00:00,153.01,158.0,154.19,154.42,1167.0563387
2019-05-11 23:00:00,148.51,160.0,154.43,148.56,1268.1289534
2019-05-12 00:00:00,144.0,152.82,150.75,146.95,843.68900909
2019-05-12 01:00:00,146.75,152.0,146.83,150.85,236.02161636
2019-05-12 02:00:00,149.2,152.71,150.91,150.05,110.0596767
2019-05-12 03:00:00,148.76,151.0,149.17,149.04,36.00207479
2019-05-12 04:00:00,149.04,152.59,149.79,150.01,34.10766731
2019-05-12 05:00:00,150.01,153.25,150.98,152.07,178.04653379
2019-05-12 06:00:00,151.54,155.37,153.25,153.9,288.88167532
2019-05-12 07:00:00,152.64,157.33,154.19,155.76,525.79107671
2019-05-12 08:00:00,147.09,157.33,156.98,151.86,863.57404093
2019-05-12 09:00:00,148.8,153.69,152.14,152.11,433.7990138
2019-05-12 10:00:00,147.0,151.73,150.59,147.93,529.59856092
2019-05-12 11:00:00,144.2,149.72,147.58,146.0,929.87497746
2019-05-12 12:00:00,145.58,147.67,145.81,147.47,451.78544492
2019-05-12 13:00:00,145.69,149.0,147.34,145.82,584.30951588
2019-05-12 14:00:00,140.75,146.99,146.38,141.48,768.43467832
2019-05-12 15:00:00,140.5,143.94,141.64,142.94,355.82424259
2019-05-12 16:00:00,141.12,143.45,142.75,141.9,503.21416806
2019-05-12 17:00:00,141.22,143.83,142.02,143.83,324.70142038
2019-05-12 18:00:00,142.79,145.86,142.87,145.25,311.11735236
2019-05-12 19:00:00,143.63,145.93,145.21,144.81,446.31784622
2019-05-12 20:00:00,143.79,147.08,144.45,147.0,398.3458368
2019-05-12 21:00:00,145.65,147.51,147.19,147.5,146.73823126
2019-05-12 22:00:00,142.76,147.0,147.0,142.76,259.74289399
2019-05-12 23:00:00,142.64,144.85,143.1,144.85,280.29753404
2019-05-13 00:00:00,143.5,146.69,144.68,145.72,50.54882712
2019-05-13 01:00:00,145.74,147.18,146.33,146.22,64.2082479
2019-05-13 02:00:00,145.5,146.66,146.66,145.51,31.1948747
2019-05-13 03:00:00,144.82,145.9,145.6,145.9,70.52742768
2019-05-13 04:00:00,145.63,147.73,145.63,147.35,29.67709978
2019-05-13 05:00:00,145.98,148.01,147.76,146.54,152.77150582
2019-05-13 06:00:00,145.81,146.98,146.51,146.3,210.0886012
2019-05-13 07:00:00,143.8,146.35,146.3,144.7,276.68133438
2019-05-13 08:00:00,143.53,145.13,144.7,144.17,286.30112712
2019-05-13 09:00:00,144.89,146.5,144.89,146.29,340.22366496
2019-05-13 10:00:00,145.19,147.15,146.33,146.39,416.14241105
2019-05-13 11:00:00,145.42,149.49,146.65,147.47,452.50598804
2019-05-13 12:00:00,147.44,149.84,148.52,149.84,262.98833759
2019-05-13 13:00:00,148.24,149.98,149.19,149.64,313.48357196
2019-05-13 14:00:00,148.45,152.93,149.56,151.48,605.28964981
2019-05-13 15:00:00,150.89,157.98,151.57,156.3,1714.20409486
2019-05-13 16:00:00,155.85,161.85,155.89,158.33,2073.36439117
2019-05-13 17:00:00,153.53,158.04,157.35,154.23,897.96761065
2019-05-13 18:00:00,154.09,156.67,154.95,156.4,445.36591485
2019-05-13 19:00:00,155.2,156.92,155.81,156.63,339.11882179
2019-05-13 20:00:00,154.03,156.53,155.82,154.9,401.72105763
2019-05-13 21:00:00,154.81,158.79,155.04,158.1,739.87953497
2019-05-13 22:00:00,150.56,158.98,158.1,152.12,1465.99945211
2019-05-13 23:00:00,148.51,153.01,151.88,151.1,689.73464105
2019-05-14 00:00:00,150.82,154.03,151.25,153.24,658.84379241
2019-05-14 01:00:00,152.36,155.8,153.2,155.07,305.84245162
2019-05-14 02:00:00,152.88,159.4,154.22,158.84,694.23374481
2019-05-14 03:00:00,158.85,162.99,158.85,162.0,556.5810176
2019-05-14 04:00:00,160.79,164.2,162.0,162.22,371.09456441
2019-05-14 05:00:00,160.59,165.98,163.26,161.97,488.05448308
2019-05-14 06:00:00,160.86,164.01,162.03,163.62,569.48690001
2019-05-14 07:00:00,162.71,167.21,163.75,167.21,777.71696651
2019-05-14 08:00:00,158.0,168.14,167.22,159.26,1356.12222459
2019-05-14 09:00:00,158.47,163.05,159.28,161.3,931.40857448
2019-05-14 10:00:00,157.5,161.96,160.69,159.31,905.23370913
2019-05-14 11:00:00,158.99,161.51,159.84,160.27,262.95566352
2019-05-14 12:00:00,160.27,163.93,160.27,161.61,672.05933601
2019-05-14 13:00:00,159.79,162.98,161.99,161.34,432.81475939
2019-05-14 14:00:00,157.99,163.94,161.37,160.49,778.23266452
2019-05-14 15:00:00,158.0,162.11,160.22,158.0,463.59539448
2019-05-14 16:00:00,155.0,161.69,158.31,160.85,958.63012437
2019-05-14 17:00:00,160.0,162.3,161.6,161.94,423.11169524
2019-05-14 18:00:00,158.83,162.26,161.92,159.42,642.70648298
2019-05-14 19:00:00,156.44,160.23,159.41,158.97,1171.34180781
2019-05-14 20:00:00,157.2,160.37,159.85,159.31,313.08184019
2019-05-14 21:00:00,157.59,162.77,159.58,161.68,538.84248516
2019-05-14 22:00:00,161.76,168.0,162.24,167.99,1037.72217883
2019-05-14 23:00:00,167.31,171.67,168.0,168.91,949.36090131
2019-05-15 00:00:00,168.63,173.02,169.38,171.35,497.37150239
2019-05-15 01:00:00,171.01,173.88,171.54,171.83,508.63651376
2019-05-15 02:00:00,170.02,173.61,171.39,173.31,549.17616241
2019-05-15 03:00:00,172.82,179.0,173.5,177.45,599.54507684
2019-05-15 04:00:00,174.69,177.78,177.71,175.57,279.78120499
2019-05-15 05:00:00,174.41,178.18,175.8,178.18,941.24525045
2019-05-15 06:00:00,178.18,182.99,178.18,179.81,1282.08386719
2019-05-15 07:00:00,174.4,180.57,179.95,176.69,1232.68617474
2019-05-15 08:00:00,175.0,179.56,176.96,177.23,509.12633618
2019-05-15 09:00:00,176.31,182.9,177.42,181.79,591.21602735
2019-05-15 10:00:00,180.51,183.98,181.24,181.41,988.50085833
2019-05-15 11:00:00,179.3,182.3,181.39,181.06,739.0246087
2019-05-15 12:00:00,177.95,182.24,181.0,179.91,1018.09983993
2019-05-15 13:00:00,177.77,182.89,180.66,181.75,847.94665308
2019-05-15 14:00:00,179.87,182.65,181.75,180.49,814.19777811
2019-05-15 15:00:00,179.87,186.3,179.88,186.0,471.47055742
2019-05-15 16:00:00,184.32,189.89,186.3,186.61,1338.33638514
2019-05-15 17:00:00,186.38,191.2,187.29,189.51,1530.52582336
2019-05-15 18:00:00,186.75,190.74,189.49,187.97,1137.7262689
2019-05-15 19:00:00,186.57,189.6,187.97,189.6,681.59383975
2019-05-15 20:00:00,185.01,190.28,188.89,187.13,705.1217574
2019-05-15 21:00:00,184.24,189.51,187.14,188.59,721.80013803
2019-05-15 22:00:00,187.75,192.91,188.0,192.87,743.15064235
2019-05-15 23:00:00,192.0,195.89,192.98,193.76,1191.88575611
2019-05-16 00:00:00,193.13,208.89,194.23,205.47,1973.25704519
2019-05-16 01:00:00,204.66,209.98,206.98,207.23,522.27036327
2019-05-16 02:00:00,206.3,213.99,208.15,212.79,640.26124661
2019-05-16 03:00:00,209.53,213.5,213.19,210.21,380.22168515
2019-05-16 04:00:00,196.92,210.23,210.01,204.47,2178.72989118
2019-05-16 05:00:00,200.59,204.8,204.07,202.67,707.41326361
2019-05-16 06:00:00,201.0,213.18,202.0,209.9,1749.28364422
2019-05-16 07:00:00,203.54,209.41,209.01,203.72,721.63300087
2019-05-16 08:00:00,202.63,207.43,204.0,203.01,740.42564411
2019-05-16 09:00:00,200.0,207.34,203.01,201.15,1131.98803539
2019-05-16 10:00:00,190.15,203.48,200.01,194.32,2760.1593387
2019-05-16 11:00:00,192.45,199.11,193.19,196.12,920.01033884
2019-05-16 12:00:00,189.0,197.96,195.28,190.68,907.86456637
2019-05-16 13:00:00,190.01,197.18,190.7,197.0,1381.36860042
2019-05-16 14:00:00,196.99,206.05,196.99,205.14,1491.90592381
2019-05-16 15:00:00,204.33,218.53,204.33,218.5,2028.55965078
2019-05-16 16:00:00,205.9,218.38,218.38,207.43,1190.37507968
2019-05-16 17:00:00,199.94,209.32,208.41,205.02,1110.74432015
2019-05-16 18:00:00,201.6,210.0,205.0,205.3,362.85073998
2019-05-16 19:00:00,200.0,206.59,205.3,203.56,672.43374825
2019-05-16 20:00:00,196.67,205.92,203.6,199.89,752.59055166
2019-05-16 21:00:00,196.57,210.52,196.59,209.55,922.06113377
2019-05-16 22:00:00,203.0,212.0,209.36,203.0,653.84404104
2019-05-16 23:00:00,201.48,207.67,203.0,206.35,342.47046068
2019-05-17 00:00:00,205.0,209.92,206.35,205.88,138.80880076
2019-05-17 01:00:00,197.0,205.39,204.2,199.77,231.67560518
2019-05-17 02:00:00,190.5,201.03,199.92,191.75,658.52941921
2019-05-17 03:00:00,176.76,190.61,190.51,187.43,1109.53877735
2019-05-17 04:00:00,185.32,195.45,186.46,188.94,423.37792815
2019-05-17 05:00:00,184.15,190.65,189.05,184.76,462.82386709
2019-05-17 06:00:00,183.38,188.56,184.17,183.73,1330.94873925
2019-05-17 07:00:00,183.46,189.68,185.07,187.04,504.90243572
2019-05-17 08:00:00,184.76,189.48,188.22,186.69,502.59477785
2019-05-17 09:00:00,184.77,188.75,186.29,186.82,872.26146165
2019-05-17 10:00:00,180.79,187.11,186.82,183.35,689.14474974
2019-05-17 11:00:00,175.57,183.41,183.35,179.32,1136.38435546
2019-05-17 12:00:00,175.19,187.98,179.65,185.07,1645.66597211
2019-05-17 13:00:00,180.21,188.13,185.27,187.38,1010.81593361
2019-05-17 14:00:00,184.0,191.12,187.98,184.0,1285.53158414
2019-05-17 15:00:00,180.0,185.4,184.0,180.0,542.8214928
2019-05-17 16:00:00,176.02,185.0,180.0,180.17,541.33943362
2019-05-17 17:00:00,178.03,181.82,181.31,180.56,208.64600669
2019-05-17 18:00:00,178.13,183.07,179.4,182.18,250.48818389
2019-05-17 19:00:00,179.07,183.91,182.18,182.6,273.53147785
2019-05-17 20:00:00,180.58,184.35,182.15,183.74,156.34340736
2019-05-17 21:00:00,183.29,189.0,183.95,188.98,640.3264638
2019-05-17 22:00:00,186.49,191.14,188.83,186.72,206.15201967
2019-05-17 23:00:00,186.86,193.89,187.0,193.24,500.96991641
2019-05-18 00:00:00,187.5,195.84,193.2,189.1,515.89967956
2019-05-18 01:00:00,187.81,192.93,189.1,189.21,69.33402046
2019-05-18 02:00:00,187.69,190.6,189.2,189.7,270.67398804
2019-05-18 03:00:00,187.96,192.99,189.77,192.28,638.92187539
2019-05-18 04:00:00,189.83,193.72,192.28,192.25,130.26688107
2019-05-18 05:00:00,190.83,194.76,192.25,191.68,191.39083445
2019-05-18 06:00:00,188.9,193.42,191.68,188.91,947.86447686
2019-05-18 07:00:00,185.51,190.7,190.66,186.0,228.85706813
2019-05-18 08:00:00,183.11,190.38,187.3,186.54,956.06468334
2019-05-18 09:00:00,182.01,186.34,186.27,185.99,453.89075896
2019-05-18 10:00:00,184.0,187.36,185.34,185.94,110.26031491
2019-05-18 11:00:00,185.5,188.37,186.14,185.5,172.13075788
2019-05-18 12:00:00,183.75,187.49,185.51,186.47,143.33089197
2019-05-18 13:00:00,185.21,188.46,186.53,187.13,146.86189722
2019-05-18 14:00:00,186.91,192.37,186.91,189.33,612.18398729
2019-05-18 15:00:00,188.87,191.48,189.9,190.26,355.00076532
2019-05-18 16:00:00,187.32,192.38,190.0,189.35,761.108851
2019-05-18 17:00:00,186.91,189.6,189.48,187.19,123.24126663
2019-05-18 18:00:00,186.0,187.8,187.67,186.32,176.04094975
2019-05-18 19:00:00,186.34,188.86,186.35,187.41,65.7474814
2019-05-18 20:00:00,186.4,188.59,187.92,186.9,127.17569493
2019-05-18 21:00:00,186.66,189.99,186.87,189.39,153.57059344
2019-05-18 22:00:00,187.12,189.52,188.83,187.12,139.32957978
2019-05-18 23:00:00,184.38,188.42,187.65,185.7,455.85896328
2019-05-19 00:00:00,184.42,186.86,185.43,186.86,142.15926752
2019-05-19 01:00:00,186.07,194.98,186.89,193.85,1108.82255413
2019-05-19 02:00:00,192.34,196.0,194.98,192.49,256.54616026
2019-05-19 03:00:00,192.85,200.41,192.85,200.09,234.13218986
2019-05-19 04:00:00,197.01,200.3,199.82,199.36,194.96654051
2019-05-19 05:00:00,198.16,200.24,199.3,199.88,173.78813839
2019-05-19 06:00:00,198.16,199.98,199.65,198.19,1504.45727352
2019-05-19 07:00:00,197.66,204.59,198.16,202.76,487.36674327
2019-05-19 08:00:00,200.06,203.4,203.22,201.55,276.11279314
2019-05-19 09:00:00,200.81,204.44,202.0,204.0,217.58656086
2019-05-19 10:00:00,201.54,206.0,204.69,203.5,473.25022471
2019-05-19 11:00:00,200.05,204.89,203.27,200.18,295.66904191
2019-05-19 12:00:00,197.04,201.89,200.5,200.96,299.6516555
2019-05-19 13:00:00,198.04,202.0,200.37,199.95,393.42898036
2019-05-19 14:00:00,198.96,202.5,200.07,200.97,254.66471823
2019-05-19 15:00:00,200.5,202.77,201.5,202.51,319.84649212
2019-05-19 16:00:00,200.0,202.74,201.91,200.13,131.10388082
2019-05-19 17:00:00,198.26,203.1,200.96,202.79,366.87093468
2019-05-19 18:00:00,200.94,202.9,201.8,202.0,201.21077479
2019-05-19 19:00:00,200.95,203.3,202.05,200.95,173.35374579
2019-05-19 20:00:00,200.0,201.8,200.95,201.73,178.51056966
2019-05-19 21:00:00,201.68,205.25,201.8,204.82,372.80240793
2019-05-19 22:00:00,200.01,207.26,203.75,206.77,1091.31556189
2019-05-19 23:00:00,205.16,208.08,206.97,205.5,629.99467249
2019-05-20 00:00:00,193.03,205.45,205.45,197.14,813.70444074
2019-05-20 01:00:00,194.64,197.34,197.13,196.08,199.66751457
2019-05-20 02:00:00,194.03,196.53,196.28,194.93,38.55459816
2019-05-20 03:00:00,194.99,200.87,195.0,200.74,48.55139557
2019-05-20 04:00:00,198.32,201.78,199.91,198.62,72.82385643
2019-05-20 05:00:00,197.65,198.93,198.62,198.77,83.77439208
2019-05-20 06:00:00,195.28,199.15,198.34,195.28,238.1244804
2019-05-20 07:00:00,195.39,198.88,195.6,195.81,515.6043099
2019-05-20 08:00:00,194.04,196.43,195.73,195.68,223.75448245
2019-05-20 09:00:00,195.0,197.89,196.01,197.49,226.22206025
2019-05-20 10:00:00,196.12,198.95,197.62,196.51,126.25761952
2019-05-20 11:00:00,195.0,197.44,196.75,195.37,315.91160388
2019-05-20 12:00:00,190.06,196.69,195.0,190.79,413.96660476
2019-05-20 13:00:00,187.01,193.76,190.92,193.75,823.6692769
2019-05-20 14:00:00,191.65,194.38,192.54,194.0,155.06767972
2019-05-20 15:00:00,192.85,195.55,194.12,195.55,118.33114916
2019-05-20 16:00:00,194.35,196.63,195.55,194.86,230.27535552
2019-05-20 17:00:00,193.0,195.55,194.35,193.0,160.21544255
2019-05-20 18:00:00,191.68,194.11,192.32,193.7,229.26131377
2019-05-20 19:00:00,193.26,195.78,193.88,195.46,124.30124121
2019-05-20 20:00:00,195.14,200.58,195.7,199.85,1179.36350816
2019-05-20 21:00:00,197.01,202.7,200.58,199.76,961.81188591
2019-05-20 22:00:00,196.22,200.0,198.97,197.05,298.27678262
2019-05-20 23:00:00,196.49,199.6,196.49,199.13,212.2429697
2019-05-21 00:00:00,198.79,201.99,200.0,198.79,112.47438416
2019-05-21 01:00:00,198.0,200.4,198.76,198.0,55.20946034
2019-05-21 02:00:00,196.63,198.53,197.92,198.53,52.74227652
2019-05-21 03:00:00,197.18,199.51,197.82,197.18,133.60325964
2019-05-21 04:00:00,196.0,197.66,197.18,196.0,93.79269702
2019-05-21 05:00:00,194.87,197.42,195.55,196.98,72.29673847
2019-05-21 06:00:00,196.7,198.94,196.98,198.94,198.10035545
2019-05-21 07:00:00,197.97,200.23,198.35,198.41,249.53889984
2019-05-21 08:00:00,198.15,201.5,198.99,199.05,339.65265145
2019-05-21 09:00:00,199.38,202.54,199.74,201.24,889.54234366
2019-05-21 10:00:00,198.0,201.07,200.6,199.6,159.34331516
2019-05-21 11:00:00,197.0,199.93,199.63,197.77,96.07784063
2019-05-21 12:00:00,196.1,198.61,197.77,197.56,161.87009249
2019-05-21 13:00:00,197.41,202.55,197.5,198.17,277.90461599
2019-05-21 14:00:00,196.79,199.25,197.99,198.25,244.19539303
2019-05-21 15:00:00,197.37,198.82,198.38,198.06,187.96734002
2019-05-21 16:00:00,197.37,199.69,197.37,199.57,228.53207678
2019-05-21 17:00:00,199.39,202.0,199.74,202.0,310.67923586
2019-05-21 18:00:00,201.43,203.6,202.42,202.66,149.26613691
2019-05-21 19:00:00,201.2,203.47,203.33,202.99,285.27795833
2019-05-21 20:00:00,202.44,207.8,202.44,206.96,640.4290821
2019-05-21 21:00:00,203.1,208.0,206.98,204.02,803.47103059
2019-05-21 22:00:00,199.5,204.29,204.0,202.82,967.61974172
2019-05-21 23:00:00,200.82,204.0,202.0,201.34,201.7401504
2019-05-22 00:00:00,200.53,204.0,201.23,204.0,79.02003984
2019-05-22 01:00:00,201.42,204.91,204.3,202.23,36.52193249
2019-05-22 02:00:00,201.42,203.46,202.34,202.6,24.78481773
2019-05-22 03:00:00,201.51,203.17,202.85,201.51,14.65005658
2019-05-22 04:00:00,200.45,203.46,201.21,203.46,189.65703916
2019-05-22 05:00:00,202.09,204.52,203.45,204.35,41.68484714
2019-05-22 06:00:00,203.09,204.92,204.42,204.11,146.24605397
2019-05-22 07:00:00,202.41,204.2,203.93,203.35,120.26843287
2019-05-22 08:00:00,202.78,204.5,203.47,202.8,356.76624407
2019-05-22 09:00:00,201.85,204.2,203.54,201.85,714.51730314
2019-05-22 10:00:00,200.47,202.68,201.85,201.31,213.3601052
2019-05-22 11:00:00,198.8,201.3,201.0,200.16,531.29973459
2019-05-22 12:00:00,197.87,201.3,200.75,198.63,412.81941537
2019-05-22 13:00:00,197.9,200.99,198.43,200.67,223.06272301
2019-05-22 14:00:00,199.63,201.49,200.81,200.71,120.72381193
2019-05-22 15:00:00,200.0,203.78,200.03,202.94,592.60216733
2019-05-22 16:00:00,200.29,203.1,202.48,200.29,242.24817436
2019-05-22 17:00:00,198.0,201.22,201.16,198.97,388.60680393
2019-05-22 18:00:00,198.82,200.85,199.4,200.84,539.76016952
2019-05-22 19:00:00,199.79,201.23,201.01,201.22,233.89970139
2019-05-22 20:00:00,191.5,201.34,201.23,196.02,801.46703587
2019-05-22 21:00:00,191.16,196.5,196.02,191.85,828.40550218
2019-05-22 22:00:00,190.31,195.13,191.32,194.97,358.76547379
2019-05-22 23:00:00,192.07,194.97,194.34,192.07,204.16725816
2019-05-23 00:00:00,190.51,193.6,192.32,192.63,169.40284798
2019-05-23 01:00:00,191.85,193.86,191.88,192.98,176.30996554
2019-05-23 02:00:00,192.2,194.0,193.02,193.58,48.7128511
2019-05-23 03:00:00,191.68,193.69,193.64,192.92,171.15597536
2019-05-23 04:00:00,192.26,193.52,193.52,192.79,50.3641361
2019-05-23 05:00:00,188.05,192.64,192.64,189.36,237.15240738
2019-05-23 06:00:00,185.23,189.96,189.36,189.96,907.37333617
2019-05-23 07:00:00,186.19,189.96,189.96,186.32,226.39135616
2019-05-23 08:00:00,184.7,186.73,186.27,186.39,379.51300948
2019-05-23 09:00:00,183.03,187.18,186.2,187.18,372.52939386
2019-05-23 10:00:00,186.62,190.27,187.18,189.12,510.42662173
2019-05-23 11:00:00,187.65,190.29,189.0,187.77,230.5773164
2019-05-23 12:00:00,186.6,188.82,187.65,188.53,178.41740569
2019-05-23 13:00:00,188.48,191.55,188.88,190.92,469.44105133
2019-05-23 14:00:00,190.25,193.32,190.92,192.17,535.81549274
2019-05-23 15:00:00,191.34,193.97,191.82,191.71,239.22408484
2019-05-23 16:00:00,191.54,193.76,192.26,193.29,232.00513155
2019-05-23 17:00:00,190.12,193.68,192.79,191.08,532.17318507
2019-05-23 18:00:00,189.0,191.27,190.83,190.77,111.08192111
2019-05-23 19:00:00,189.0,191.57,191.02,191.57,106.92933263
2019-05-23 20:00:00,190.99,193.57,190.99,193.08,172.66456757
2019-05-23 21:00:00,192.31,195.6,193.76,194.97,601.80036107
2019-05-23 22:00:00,194.25,196.43,194.26,195.05,299.62328091
2019-05-23 23:00:00,193.09,195.93,195.3,194.48,118.03216493
2019-05-24 00:00:00,193.0,194.75,194.5,194.71,18.08465812
2019-05-24 01:00:00,193.54,195.39,194.99,193.95,99.83799158
2019-05-24 02:00:00,192.21,194.18,193.44,193.45,29.99880482
2019-05-24 03:00:00,192.22,194.68,192.44,194.68,9.9131971
2019-05-24 04:00:00,192.62,194.25,193.95,193.24,42.26879921
2019-05-24 05:00:00,191.21,193.57,193.43,192.86,201.59344569
2019-05-24 06:00:00,191.84,195.29,192.82,195.29,106.79347093
2019-05-24 07:00:00,194.41,197.26,195.31,195.9,381.703517
2019-05-24 08:00:00,194.88,199.6,195.88,197.84,481.79946601
2019-05-24 09:00:00,196.59,199.06,198.19,197.68,427.00559432
2019-05-24 10:00:00,197.3,199.26,197.99,198.52,254.36662914
2019-05-24 11:00:00,197.41,200.73,197.98,200.23,385.2214738
2019-05-24 12:00:00,198.03,200.38,199.37,199.51,182.14056427
2019-05-24 13:00:00,197.69,200.27,200.12,198.61,194.43860313
2019-05-24 14:00:00,198.3,200.0,198.3,200.0,426.77369323
2019-05-24 15:00:00,198.82,200.95,200.0,198.89,233.75278732
2019-05-24 16:00:00,198.87,201.98,199.17,200.14,822.63922991
2019-05-24 17:00:00,198.16,200.24,199.51,199.3,202.9163947
2019-05-24 18:00:00,198.5,199.86,199.4,198.5,78.69304648
2019-05-24 19:00:00,196.5,199.0,199.0,198.37,213.32724788
2019-05-24 20:00:00,198.03,199.94,198.29,199.31,94.4768112
2019-05-24 21:00:00,197.0,199.93,199.41,197.0,291.46799487
2019-05-24 22:00:00,197.26,198.98,197.85,198.13,57.16317498
2019-05-24 23:00:00,194.59,198.17,198.17,196.0,212.01474449
2019-05-25 00:00:00,196.01,197.37,196.49,196.59,19.94673005
2019-05-25 01:00:00,196.07,198.4,196.07,198.33,107.1661337
2019-05-25 02:00:00,196.34,198.95,197.71,198.53,24.69717226
2019-05-25 03:00:00,197.44,198.89,198.16,198.67,41.84901321
2019-05-25 04:00:00,197.43,198.95,198.57,198.4,34.01745182
2019-05-25 05:00:00,196.9,198.61,198.33,196.9,67.57076963
2019-05-25 06:00:00,196.9,198.71,197.94,197.74,39.58223933
2019-05-25 07:00:00,196.48,198.52,196.9,198.29,122.47286262
2019-05-25 08:00:00,196.77,198.64,197.82,198.14,80.19730056
2019-05-25 09:00:00,198.13,201.7,198.65,201.44,306.00209826
2019-05-25 10:00:00,200.01,202.5,201.48,201.36,531.5935492
2019-05-25 11:00:00,200.12,202.98,201.32,200.41,270.83246859
2019-05-25 12:00:00,200.12,202.17,200.93,201.49,313.36591975
2019-05-25 13:00:00,197.0,201.02,201.02,197.76,221.03561448
2019-05-25 14:00:00,197.23,199.17,197.23,198.99,166.33104631
2019-05-25 15:00:00,197.69,199.81,199.15,199.09,127.90737776
2019-05-25 16:00:00,197.4,199.55,198.54,198.0,151.21022517
2019-05-25 17:00:00,197.28,199.1,197.9,199.1,84.72406427
2019-05-25 18:00:00,198.05,199.65,199.26,198.97,48.57752303
2019-05-25 19:00:00,197.26,198.88,198.18,197.49,79.66633165
2019-05-25 20:00:00,197.27,198.58,197.51,197.8,158.1390339
2019-05-25 21:00:00,197.29,199.99,197.81,198.99,149.93680378
2019-05-25 22:00:00,198.05,200.0,198.05,199.93,91.57611584
2019-05-25 23:00:00,197.28,199.97,199.25,197.63,164.43450058
2019-05-26 00:00:00,197.59,198.5,197.93,198.47,47.35414559
2019-05-26 01:00:00,197.58,198.49,198.49,197.77,26.30821076
2019-05-26 02:00:00,196.42,198.49,197.77,198.1,322.47370314
2019-05-26 03:00:00,194.5,198.23,197.24,194.52,109.42423776
2019-05-26 04:00:00,194.51,196.26,194.81,195.4,54.04963859
2019-05-26 05:00:00,194.06,196.31,195.39,195.24,108.04211323
2019-05-26 06:00:00,194.34,196.34,194.81,195.13,87.19298984
2019-05-26 07:00:00,194.52,197.37,194.88,196.32,93.87981563
2019-05-26 08:00:00,195.48,197.08,196.35,195.99,142.4301839
2019-05-26 09:00:00,195.03,197.42,196.0,195.87,165.43617342
2019-05-26 10:00:00,195.0,196.76,196.0,195.69,83.28887067
2019-05-26 11:00:00,193.61,195.88,195.29,194.21,279.31419595
2019-05-26 12:00:00,194.0,195.7,194.13,195.07,100.89316234
2019-05-26 13:00:00,194.31,196.79,195.8,196.5,85.51692275
2019-05-26 14:00:00,195.59,197.32,196.5,197.32,62.22510047
2019-05-26 15:00:00,195.81,197.67,196.08,197.19,259.97798633
2019-05-26 16:00:00,196.0,197.77,196.38,196.99,156.32598381
2019-05-26 17:00:00,196.1,198.0,196.44,196.29,203.90159609
2019-05-26 18:00:00,196.58,198.87,197.56,198.56,67.65038631
2019-05-26 19:00:00,197.23,205.31,198.26,205.3,854.34029624
2019-05-26 20:00:00,205.3,209.98,205.3,207.5,1587.40046171
2019-05-26 21:00:00,205.74,209.99,207.96,208.49,522.40499979
2019-05-26 22:00:00,206.81,210.0,209.98,207.47,582.5532102
2019-05-26 23:00:00,207.04,211.11,207.45,210.39,879.73990014
2019-05-27 00:00:00,210.4,214.49,210.4,211.99,629.68225663
2019-05-27 01:00:00,210.9,213.53,213.31,211.46,144.4988328
2019-05-27 02:00:00,208.5,212.1,211.46,211.39,78.57089424
2019-05-27 03:00:00,209.97,212.69,209.97,211.41,55.32441434
2019-05-27 04:00:00,209.59,211.35,210.76,209.88,51.29238835
2019-05-27 05:00:00,208.37,211.11,210.64,209.9,381.86735695
2019-05-27 06:00:00,208.82,211.62,210.24,210.79,208.80134151
2019-05-27 07:00:00,210.61,212.1,211.42,210.94,173.06342452
2019-05-27 08:00:00,209.79,211.59,211.31,211.27,178.60151442
2019-05-27 09:00:00,210.31,212.1,210.41,212.0,173.91966068
2019-05-27 10:00:00,210.7,212.02,211.96,211.5,194.02657449
2019-05-27 11:00:00,208.4,211.5,211.5,209.85,176.54335469
2019-05-27 12:00:00,210.02,213.0,210.32,213.0,749.49658564
2019-05-27 13:00:00,212.56,215.0,213.5,213.5,476.7361262
2019-05-27 14:00:00,211.43,213.99,212.86,212.91,364.40464202
2019-05-27 15:00:00,212.35,215.73,212.35,213.52,659.88392713
2019-05-27 16:00:00,210.0,221.4,213.68,211.48,2186.34476874
2019-05-27 17:00:00,209.16,213.1,211.42,210.19,1682.12417096
2019-05-27 18:00:00,209.76,213.0,210.19,211.88,422.01938417
2019-05-27 19:00:00,211.7,213.82,212.2,212.74,372.04780297
2019-05-27 20:00:00,210.15,213.39,212.7,210.67,437.64707235
2019-05-27 21:00:00,210.18,212.72,211.02,211.9,230.96976614
2019-05-27 22:00:00,210.01,212.6,212.04,211.98,504.92077453
2019-05-27 23:00:00,212.06,216.76,212.28,213.93,586.81930937
2019-05-28 00:00:00,212.72,215.72,213.87,213.07,164.83369761
2019-05-28 01:00:00,212.65,215.51,212.71,214.26,69.80233768
2019-05-28 02:00:00,214.38,217.08,214.38,216.04,84.55353004
2019-05-28 03:00:00,213.8,215.42,215.13,215.0,28.28519373
2019-05-28 04:00:00,213.87,215.37,214.9,214.58,13.02772833
2019-05-28 05:00:00,211.69,214.61,214.5,212.91,61.51076196
2019-05-28 06:00:00,210.8,212.87,212.74,212.1,121.14383335
2019-05-28 07:00:00,210.93,214.73,211.54,213.43,290.08431945
2019-05-28 08:00:00,212.03,214.39,214.31,214.33,137.91880006
2019-05-28 09:00:00,213.01,214.49,213.7,213.99,145.90958303
2019-05-28 10:00:00,212.0,214.24,213.99,213.0,140.63473924
2019-05-28 11:00:00,211.68,214.48,212.35,214.48,233.53321775
2019-05-28 12:00:00,212.22,214.49,214.01,212.45,253.92278992
2019-05-28 13:00:00,209.2,213.99,212.86,210.95,651.71627148
2019-05-28 14:00:00,210.8,213.35,211.65,212.48,186.36589013
2019-05-28 15:00:00,211.53,214.59,212.39,214.33,548.17756387
2019-05-28 16:00:00,212.33,214.39,213.93,213.01,363.45394674
2019-05-28 17:00:00,213.01,218.98,213.54,216.59,978.84254581
2019-05-28 18:00:00,214.91,217.1,216.01,215.44,251.78795377
2019-05-28 19:00:00,213.28,216.88,216.0,214.18,282.69489461
2019-05-28 20:00:00,213.97,215.94,214.46,215.94,174.62816867
2019-05-28 21:00:00,214.63,216.9,215.01,216.44,205.99386488
2019-05-28 22:00:00,214.6,216.5,216.34,214.85,336.93015559
2019-05-28 23:00:00,214.0,215.49,215.42,214.15,126.66385479
2019-05-29 00:00:00,212.5,214.7,214.67,213.65,120.72973852
2019-05-29 01:00:00,213.06,214.25,213.72,213.06,14.79399593
2019-05-29 02:00:00,211.5,213.77,213.11,212.1,142.91091879
2019-05-29 03:00:00,211.62,213.22,212.09,212.84,39.49900542
2019-05-29 04:00:00,210.7,212.83,212.83,211.62,89.55268875
2019-05-29 05:00:00,205.52,212.18,211.66,207.07,278.93094624
2019-05-29 06:00:00,207.03,209.0,207.5,208.57,296.17233921
2019-05-29 07:00:00,208.28,211.1,208.44,210.0,419.45213648
2019-05-29 08:00:00,209.1,212.98,210.0,212.1,533.80455855
2019-05-29 09:00:00,210.42,212.73,211.51,212.63,231.71469636
2019-05-29 10:00:00,211.48,214.96,211.48,213.41,788.02648345
2019-05-29 11:00:00,211.99,214.21,213.61,212.04,669.21648013
2019-05-29 12:00:00,211.89,213.89,212.67,213.28,314.14317003
2019-05-29 13:00:00,212.94,217.0,213.85,216.15,669.62989326
2019-05-29 14:00:00,214.66,217.11,216.01,216.09,325.43768552
2019-05-29 15:00:00,214.83,217.37,215.43,216.04,881.44711554
2019-05-29 16:00:00,214.3,216.94,216.04,216.8,335.15417994
2019-05-29 17:00:00,215.24,217.2,216.63,215.48,483.11463266
2019-05-29 18:00:00,214.38,216.43,216.23,215.31,404.19981733
2019-05-29 19:00:00,214.62,216.59,214.66,216.3,354.45389147
2019-05-29 20:00:00,213.7,216.7,215.6,214.49,729.22401281
2019-05-29 21:00:00,213.5,214.83,213.71,214.56,109.13340719
2019-05-29 22:00:00,213.97,216.67,214.74,215.01,388.70351786
2019-05-29 23:00:00,212.73,215.76,215.14,214.12,50.23677583
2019-05-30 00:00:00,212.63,216.15,213.0,216.15,71.81821783
2019-05-30 01:00:00,213.09,217.22,216.17,214.82,459.30835469
2019-05-30 02:00:00,213.6,216.0,214.48,215.64,22.36048242
2019-05-30 03:00:00,215.07,227.35,215.64,225.0,1309.75913539
2019-05-30 04:00:00,224.41,227.81,226.48,225.77,646.89646221
2019-05-30 05:00:00,223.31,227.67,225.45,224.78,179.70115115
2019-05-30 06:00:00,223.75,225.11,224.23,224.49,189.58980736
2019-05-30 07:00:00,224.09,226.58,224.09,225.08,444.1445692
2019-05-30 08:00:00,222.59,225.81,225.23,223.64,427.80684844
2019-05-30 09:00:00,223.51,225.34,223.7,224.6,463.78610559
2019-05-30 10:00:00,224.46,226.96,224.59,225.44,691.86672941
2019-05-30 11:00:00,224.8,226.25,224.81,225.17,167.80650846
2019-05-30 12:00:00,224.07,225.9,225.17,225.44,581.2083856
2019-05-30 13:00:00,224.76,226.91,224.99,225.27,647.60338851
2019-05-30 14:00:00,224.64,226.72,225.26,226.25,254.54156923
2019-05-30 15:00:00,225.67,228.75,225.73,228.34,786.75578575
2019-05-30 16:00:00,217.5,229.0,228.43,218.08,1189.86695139
2019-05-30 17:00:00,210.51,217.51,217.51,214.33,2865.29301478
2019-05-30 18:00:00,213.44,216.09,214.0,216.03,370.86449052
2019-05-30 19:00:00,213.07,216.7,216.03,213.76,354.0284561
2019-05-30 20:00:00,208.0,214.12,213.76,209.75,2166.89910826
2019-05-30 21:00:00,188.94,211.07,209.3,198.48,2077.85326053
2019-05-30 22:00:00,197.0,204.49,197.06,200.39,1225.92037539
2019-05-30 23:00:00,200.39,203.67,200.45,202.17,539.60818273
2019-05-31 00:00:00,196.97,204.97,203.94,203.0,2261.85067657
2019-05-31 01:00:00,202.66,204.66,203.0,203.49,20.94825055
2019-05-31 02:00:00,201.6,204.3,203.49,202.28,396.4574497
2019-05-31 03:00:00,199.73,201.59,200.23,201.46,81.50822642
2019-05-31 04:00:00,196.19,201.54,201.34,196.21,324.92411019
2019-05-31 05:00:00,195.0,201.55,196.21,200.5,254.80774211
2019-05-31 06:00:00,200.75,203.53,201.23,202.67,294.37080355
2019-05-31 07:00:00,200.0,203.02,202.96,202.95,265.16636125
2019-05-31 08:00:00,201.33,203.94,202.51,202.22,181.86299137
2019-05-31 09:00:00,201.8,203.74,202.13,203.0,241.88672485
2019-05-31 10:00:00,202.34,204.88,202.34,203.13,427.79027062
2019-05-31 11:00:00,202.7,204.08,203.86,203.93,324.04016492
2019-05-31 12:00:00,202.91,206.53,203.93,206.04,208.36502797
2019-05-31 13:00:00,206.02,209.98,206.02,208.79,433.06517662
2019-05-31 14:00:00,206.23,209.85,208.96,207.76,354.72366217
2019-05-31 15:00:00,203.48,208.34,207.74,204.2,299.639541
2019-05-31 16:00:00,202.01,208.0,204.38,206.51,282.80484027
2019-05-31 17:00:00,205.41,207.5,206.46,206.47,390.62356653
2019-05-31 18:00:00,205.53,209.19,205.54,207.51,112.56245248
2019-05-31 19:00:00,206.63,208.94,207.51,207.6,68.08422855
2019-05-31 20:00:00,205.79,208.68,207.54,207.48,361.70764814
2019-05-31 21:00:00,205.84,211.06,207.6,209.34,507.39485251
2019-05-31 22:00:00,207.51,210.89,208.69,209.97,188.37153127
2019-05-31 23:00:00,210.0,213.77,210.0,213.76,141.60483805
2019-06-01 00:00:00,210.78,217.0,213.76,217.0,239.50437938
2019-06-01 01:00:00,213.87,217.0,216.3,216.35,97.88135153
2019-06-01 02:00:00,214.16,215.89,215.88,215.38,49.52510731
2019-06-01 03:00:00,214.29,218.58,215.57,214.29,179.47326021
2019-06-01 04:00:00,213.5,215.82,214.29,214.29,32.26964875
2019-06-01 05:00:00,212.43,215.33,213.54,212.85,196.72795405
2019-06-01 06:00:00,210.92,213.91,212.88,212.88,136.914173
2019-06-01 07:00:00,212.48,215.48,213.89,214.53,155.01608389
2019-06-01 08:00:00,212.97,216.47,214.45,214.56,126.27915977
2019-06-01 09:00:00,214.37,216.46,214.44,214.65,192.6054848
2019-06-01 10:00:00,213.17,216.03,215.34,213.29,309.2618971
2019-06-01 11:00:00,212.58,215.0,213.28,214.56,239.11087706
2019-06-01 12:00:00,212.61,214.97,214.56,213.9,186.36541304
2019-06-01 13:00:00,211.11,214.28,213.54,211.11,182.40418179
2019-06-01 14:00:00,208.0,212.48,211.1,208.92,186.81017284
2019-06-01 15:00:00,208.45,211.88,210.1,211.06,146.7471518
2019-06-01 16:00:00,211.21,213.71,211.88,212.39,62.09231913
2019-06-01 17:00:00,209.9,212.35,211.6,211.7,121.7766436
2019-06-01 18:00:00,209.29,212.34,210.35,209.29,49.03105239
2019-06-01 19:00:00,208.88,211.73,209.1,209.01,74.2048111
2019-06-01 20:00:00,209.01,212.59,209.01,212.11,77.63888522
2019-06-01 21:00:00,211.22,212.98,211.39,212.98,36.69276195
2019-06-01 22:00:00,210.47,212.98,212.98,212.32,32.07247754
2019-06-01 23:00:00,211.0,212.98,212.35,211.86,144.22848475
2019-06-02 00:00:00,211.0,213.0,211.02,212.95,66.79967366
2019-06-02 01:00:00,212.2,212.95,212.42,212.57,12.02705107
2019-06-02 02:00:00,211.33,213.4,212.95,211.33,30.85434911
2019-06-02 03:00:00,211.34,211.8,211.68,211.8,5.40584034
2019-06-02 04:00:00,211.4,211.79,211.61,211.78,10.00045242
2019-06-02 05:00:00,211.58,213.37,211.79,213.37,34.36104903
2019-06-02 06:00:00,211.79,214.0,213.36,213.89,68.78557164
2019-06-02 07:00:00,213.52,216.23,213.9,216.23,95.16825602
2019-06-02 08:00:00,214.57,217.44,215.47,216.93,407.82656257
2019-06-02 09:00:00,214.8,217.0,216.01,216.24,134.2691538
2019-06-02 10:00:00,214.9,216.21,215.56,215.04,185.30658617
2019-06-02 11:00:00,214.91,216.25,215.04,215.93,192.24266356
2019-06-02 12:00:00,215.17,218.19,215.17,217.46,142.81164186
2019-06-02 13:00:00,212.06,217.56,216.02,213.86,158.68134167
2019-06-02 14:00:00,213.44,215.31,213.44,215.24,145.25711145
2019-06-02 15:00:00,213.45,215.99,213.96,214.92,61.2562332
2019-06-02 16:00:00,213.6,215.41,214.42,213.93,141.31844524
2019-06-02 17:00:00,212.71,215.64,213.94,212.98,192.22382374
2019-06-02 18:00:00,212.3,213.0,212.99,213.0,96.73496119
2019-06-02 19:00:00,211.33,213.0,212.3,212.74,89.07339476
2019-06-02 20:00:00,212.62,214.69,212.74,213.19,79.9397404
2019-06-02 21:00:00,212.33,213.99,213.29,212.6,124.14253056
2019-06-02 22:00:00,212.3,214.13,212.54,213.44,41.792717
2019-06-02 23:00:00,213.05,214.8,213.05,213.91,77.71920342
2019-06-03 00:00:00,210.28,213.56,213.56,210.28,114.49024126
2019-06-03 01:00:00,210.25,212.41,210.25,212.14,12.41494298
2019-06-03 02:00:00,211.05,213.49,211.62,212.59,15.15160455
2019-06-03 03:00:00,212.72,214.08,213.48,213.42,16.28676584
2019-06-03 04:00:00,212.48,213.5,213.5,213.45,24.43834461
2019-06-03 05:00:00,210.79,213.2,212.82,211.95,34.7753697
2019-06-03 06:00:00,208.45,212.17,210.92,209.48,241.80733678
2019-06-03 07:00:00,203.3,209.52,209.52,206.82,591.49754197
2019-06-03 08:00:00,206.7,208.46,206.78,206.7,158.27161564
2019-06-03 09:00:00,205.51,208.0,206.74,206.5,388.61570847
2019-06-03 10:00:00,206.85,209.79,206.92,208.21,135.93634803
2019-06-03 11:00:00,207.52,209.17,208.21,208.66,102.59692792
2019-06-03 12:00:00,207.0,209.78,208.73,209.24,188.81417156
2019-06-03 13:00:00,207.0,208.96,208.83,207.0,140.63432579
2019-06-03 14:00:00,202.1,207.48,207.0,204.65,653.6079195
2019-06-03 15:00:00,202.93,206.43,205.09,206.37,160.31377388
2019-06-03 16:00:00,205.02,207.65,206.37,207.56,102.64841443
2019-06-03 17:00:00,204.42,207.64,207.64,205.15,115.73046005
2019-06-03 18:00:00,204.76,207.32,204.77,206.32,203.91147183
2019-06-03 19:00:00,205.99,207.65,206.66,206.25,121.25518374
2019-06-03 20:00:00,205.68,207.37,206.63,207.37,78.54195627
2019-06-03 21:00:00,203.65,207.41,207.41,205.35,127.42588891
2019-06-03 22:00:00,203.0,205.52,205.52,204.01,325.85795335
2019-06-03 23:00:00,196.31,204.12,203.51,198.2,479.86590391
2019-06-04 00:00:00,189.12,197.66,197.66,195.77,1103.7607104
2019-06-04 01:00:00,194.84,197.36,195.77,196.2,199.77994526
2019-06-04 02:00:00,195.02,197.16,195.92,197.16,75.64507367
2019-06-04 03:00:00,192.9,196.87,196.15,193.97,114.01732502
2019-06-04 04:00:00,192.5,196.76,193.93,196.33,187.7856644
2019-06-04 05:00:00,193.15,196.82,196.77,193.15,245.44115442
2019-06-04 06:00:00,191.89,194.57,194.32,192.91,210.22876814
2019-06-04 07:00:00,190.41,193.97,192.92,192.94,586.67040225
2019-06-04 08:00:00,193.21,195.75,193.76,194.13,284.82687916
2019-06-04 09:00:00,193.23,196.1,195.05,195.83,226.568609
2019-06-04 10:00:00,194.09,196.13,195.81,195.13,262.63853304
2019-06-04 11:00:00,192.54,196.09,195.23,193.86,385.65763011
2019-06-04 12:00:00,193.1,195.45,193.79,194.68,207.2755784
2019-06-04 13:00:00,194.6,198.5,194.6,197.13,291.07018069
2019-06-04 14:00:00,196.17,198.06,197.13,196.35,166.33167812
2019-06-04 15:00:00,195.24,197.96,197.26,196.65,319.42709657
2019-06-04 16:00:00,194.63,197.59,196.32,195.14,506.25718787
2019-06-04 17:00:00,187.0,195.81,195.77,188.54,755.60382905
2019-06-04 18:00:00,187.77,191.95,188.06,188.94,455.17083899
2019-06-04 19:00:00,184.33,189.1,188.42,186.32,1063.66823782
2019-06-04 20:00:00,184.9,189.46,185.82,189.22,371.75894614
2019-06-04 21:00:00,185.12,189.69,188.51,185.12,401.48007403
2019-06-04 22:00:00,184.08,188.65,185.01,188.41,529.39188612
2019-06-04 23:00:00,186.91,190.03,189.08,190.03,112.57014727
2019-06-05 00:00:00,189.22,191.04,190.65,189.59,99.82941831
2019-06-05 01:00:00,189.09,190.51,189.44,190.43,19.01457628
2019-06-05 02:00:00,189.47,191.78,190.32,191.03,61.78995509
2019-06-05 03:00:00,190.39,191.1,191.0,190.39,15.60066199
2019-06-05 04:00:00,189.56,191.1,190.96,191.08,139.35065443
2019-06-05 05:00:00,189.97,191.84,191.06,191.01,109.96071884
2019-06-05 06:00:00,190.0,191.65,190.22,191.45,164.37106093
2019-06-05 07:00:00,190.7,195.49,192.06,193.68,137.23815375
2019-06-05 08:00:00,192.37,194.93,194.19,193.29,329.78943842
2019-06-05 09:00:00,192.68,194.43,193.26,194.11,220.01750028
2019-06-05 10:00:00,193.32,195.4,194.3,195.4,156.51310687
2019-06-05 11:00:00,193.0,196.8,195.4,193.54,296.95017788
2019-06-05 12:00:00,191.66,194.11,193.52,191.76,124.94221734
2019-06-05 13:00:00,190.63,192.27,191.66,191.63,74.84278426
2019-06-05 14:00:00,188.01,191.97,191.3,189.93,191.64922665
2019-06-05 15:00:00,187.33,190.26,189.24,188.85,279.44588932
2019-06-05 16:00:00,188.85,194.2,188.85,193.96,218.82616744
2019-06-05 17:00:00,192.32,195.21,193.04,193.97,117.44120467
2019-06-05 18:00:00,192.7,194.28,193.53,193.84,88.23399828
2019-06-05 19:00:00,193.6,195.99,193.66,193.98,235.36454812
2019-06-05 20:00:00,190.91,196.5,193.54,193.44,255.0347685
2019-06-05 21:00:00,191.14,194.44,193.0,193.07,190.75747708
2019-06-05 22:00:00,192.36,195.71,193.04,194.97,124.94124473
2019-06-05 23:00:00,193.61,195.47,195.09,193.99,225.24710256
2019-06-06 00:00:00,193.11,194.68,194.68,194.09,26.31360792
2019-06-06 01:00:00,193.16,195.05,193.93,195.0,16.79875951
2019-06-06 02:00:00,193.84,195.24,194.85,194.61,18.08037733
2019-06-06 03:00:00,194.02,195.42,195.29,194.02,10.58327138
2019-06-06 04:00:00,193.33,194.44,194.44,193.64,0.55297153
2019-06-06 05:00:00,192.43,193.99,193.35,193.64,85.49455734
2019-06-06 06:00:00,193.04,194.76,193.9,194.07,78.57248216
2019-06-06 07:00:00,192.04,194.97,194.85,192.04,55.2202505
2019-06-06 08:00:00,191.16,194.38,192.0,194.33,76.56139198
2019-06-06 09:00:00,192.53,194.88,194.33,193.17,94.81671682
2019-06-06 10:00:00,192.56,194.0,193.17,194.0,114.45073854
2019-06-06 11:00:00,193.32,195.22,194.0,193.9,136.43194769
2019-06-06 12:00:00,191.25,194.5,194.49,192.66,237.21303555
2019-06-06 13:00:00,190.02,193.15,192.66,192.08,97.90910438
2019-06-06 14:00:00,190.04,192.23,191.82,191.34,177.14177578
2019-06-06 15:00:00,190.09,191.89,191.38,191.57,43.19466438
2019-06-06 16:00:00,190.79,192.36,191.25,191.92,167.54920894
2019-06-06 17:00:00,190.01,191.71,191.03,190.01,95.73775816
2019-06-06 18:00:00,186.08,190.83,190.63,188.49,464.20974709
2019-06-06 19:00:00,187.12,188.88,188.41,187.91,106.0539948
2019-06-06 20:00:00,188.01,191.6,188.55,190.1,186.15672772
2019-06-06 21:00:00,190.16,192.42,190.19,192.01,90.5360761
2019-06-06 22:00:00,191.5,192.76,192.16,192.76,62.62117989
2019-06-06 23:00:00,192.03,197.99,192.35,196.68,458.45504967
2019-06-07 00:00:00,194.56,197.73,197.73,194.81,61.57644114
2019-06-07 01:00:00,194.56,195.81,195.6,194.56,63.23216144
2019-06-07 02:00:00,194.3,196.11,195.5,194.96,6.67506322
2019-06-07 03:00:00,193.43,196.36,195.0,195.13,272.44301371
2019-06-07 04:00:00,193.27,195.13,195.13,194.05,88.79740438
2019-06-07 05:00:00,193.95,195.12,194.04,194.11,115.71887678
2019-06-07 06:00:00,194.55,196.88,194.81,196.88,295.83623136
2019-06-07 07:00:00,195.1,196.87,196.65,195.73,195.09983835
2019-06-07 08:00:00,195.15,196.98,195.2,195.88,227.84453199
2019-06-07 09:00:00,195.15,196.25,195.88,195.91,1566.18258623
2019-06-07 10:00:00,195.87,196.8,195.89,196.22,161.34376949
2019-06-07 11:00:00,194.76,196.66,196.25,194.76,139.44147903
2019-06-07 12:00:00,194.03,196.1,195.2,194.03,314.55821842
2019-06-07 13:00:00,193.54,196.32,194.03,196.22,100.15405999
2019-06-07 14:00:00,194.69,196.24,195.67,195.48,237.8791919
2019-06-07 15:00:00,194.34,196.35,194.98,196.3,116.31106703
2019-06-07 16:00:00,195.56,199.85,195.97,197.84,389.68216582
2019-06-07 17:00:00,197.46,199.84,198.79,199.59,216.33002411
2019-06-07 18:00:00,199.0,199.99,199.59,199.22,248.1217003
2019-06-07 19:00:00,195.37,200.29,199.22,195.69,250.5337981
2019-06-07 20:00:00,195.51,196.83,195.91,195.8,69.95726389
2019-06-07 21:00:00,195.5,196.95,196.54,195.56,84.94726136
2019-06-07 22:00:00,195.53,197.7,195.54,197.39,24.0004464
2019-06-07 23:00:00,196.05,199.13,197.68,196.66,42.23076041
2019-06-08 00:00:00,195.94,197.9,196.04,196.86,60.45298427
2019-06-08 01:00:00,195.94,198.31,196.73,195.94,63.15501234
2019-06-08 02:00:00,194.12,196.26,195.94,194.76,74.98088812
2019-06-08 03:00:00,194.12,195.87,194.97,194.77,5.8158366
2019-06-08 04:00:00,194.98,196.14,195.09,195.51,17.58914777
2019-06-08 05:00:00,195.5,196.06,195.91,195.5,92.36764333
2019-06-08 06:00:00,194.19,196.23,195.51,195.64,11.79241909
2019-06-08 07:00:00,192.68,195.96,195.37,195.74,99.90496793
2019-06-08 08:00:00,195.01,196.78,195.16,196.68,75.59396689
2019-06-08 09:00:00,195.95,197.2,195.95,197.2,104.37499432
2019-06-08 10:00:00,195.76,197.3,197.2,195.88,60.91367117
2019-06-08 11:00:00,195.75,196.79,195.82,196.32,71.6193637
2019-06-08 12:00:00,195.04,196.36,195.8,195.04,50.33196695
2019-06-08 13:00:00,195.04,196.52,195.44,195.89,59.93668206
2019-06-08 14:00:00,195.0,196.06,195.6,195.0,96.01956837
2019-06-08 15:00:00,193.49,195.4,195.01,193.68,161.05261596
2019-06-08 16:00:00,191.0,194.8,193.67,191.52,281.07029666
2019-06-08 17:00:00,190.75,192.2,191.53,190.93,90.78510379
2019-06-08 18:00:00,191.03,192.98,191.67,191.55,132.71138571
2019-06-08 19:00:00,191.21,192.12,191.55,191.45,64.69319448
2019-06-08 20:00:00,191.23,193.04,191.24,192.4,221.07530648
2019-06-08 21:00:00,192.34,193.16,192.9,192.38,55.27167349
2019-06-08 22:00:00,192.38,193.16,192.38,193.16,42.66367556
2019-06-08 23:00:00,192.35,194.51,192.91,192.35,43.61913548
2019-06-09 00:00:00,190.75,193.21,192.97,191.45,68.56638796
2019-06-09 01:00:00,190.76,191.68,191.12,190.86,12.51800196
2019-06-09 02:00:00,189.03,191.24,191.14,190.12,101.20095163
2019-06-09 03:00:00,189.15,191.36,189.18,190.82,8.29964301
2019-06-09 04:00:00,190.5,191.35,190.74,190.97,25.57106783
2019-06-09 05:00:00,190.53,191.53,191.16,190.53,21.85071192
2019-06-09 06:00:00,190.26,191.42,191.42,190.83,19.84575878
2019-06-09 07:00:00,190.83,193.15,190.96,192.16,23.68402393
2019-06-09 08:00:00,191.62,193.46,192.94,192.35,41.0883849
2019-06-09 09:00:00,191.9,193.28,192.16,192.69,100.88827098
2019-06-09 10:00:00,190.86,193.32,192.04,191.08,169.14418134
2019-06-09 11:00:00,191.07,192.9,191.41,191.66,36.62403734
2019-06-09 12:00:00,187.03,191.67,191.67,188.17,276.87501692
2019-06-09 13:00:00,187.0,189.68,189.14,188.01,336.88012759
2019-06-09 14:00:00,186.27,188.93,187.4,188.92,79.23773283
2019-06-09 15:00:00,187.17,188.84,188.76,187.4,135.93914185
2019-06-09 16:00:00,181.5,187.48,187.4,182.73,742.27160475
2019-06-09 17:00:00,181.72,183.83,183.5,182.5,385.47217537
2019-06-09 18:00:00,181.9,184.55,182.51,184.28,196.36303621
2019-06-09 19:00:00,183.98,188.89,184.45,185.8,128.49088038
2019-06-09 20:00:00,182.01,185.87,185.8,183.54,173.2830362
2019-06-09 21:00:00,182.01,185.16,183.45,182.94,173.88000281
2019-06-09 22:00:00,179.0,182.87,182.87,180.86,707.17055316
2019-06-09 23:00:00,179.89,183.28,181.33,182.75,167.57874468
2019-06-10 00:00:00,180.29,184.96,182.13,184.82,50.79771523
2019-06-10 01:00:00,183.75,185.14,184.23,183.76,100.46654937
2019-06-10 02:00:00,183.98,185.13,184.27,184.87,9.74275678
2019-06-10 03:00:00,184.86,185.43,184.86,185.33,1.61876242
2019-06-10 04:00:00,184.0,184.83,184.73,184.65,29.16963756
2019-06-10 05:00:00,184.0,184.76,184.65,184.01,14.09839908
2019-06-10 06:00:00,184.73,186.96,184.98,186.26,130.9165395
2019-06-10 07:00:00,185.55,187.99,185.56,187.02,93.78702759
2019-06-10 08:00:00,186.55,187.99,187.53,187.43,95.97321402
2019-06-10 09:00:00,185.79,187.29,186.74,185.79,93.78810111
2019-06-10 10:00:00,184.72,186.77,185.79,184.72,165.24831307
2019-06-10 11:00:00,184.35,192.99,184.35,191.58,431.65284381
2019-06-10 12:00:00,191.22,194.49,192.2,191.84,604.10899896
2019-06-10 13:00:00,190.36,192.48,192.0,192.12,326.46868444
2019-06-10 14:00:00,191.08,192.99,191.73,192.3,62.27534651
2019-06-10 15:00:00,190.22,192.44,192.26,192.0,145.57700599
2019-06-10 16:00:00,191.2,193.99,191.33,192.78,243.50159695
2019-06-10 17:00:00,190.95,193.86,192.79,191.51,242.73443387
2019-06-10 18:00:00,190.79,193.65,191.67,192.22,86.30891254
2019-06-10 19:00:00,191.57,193.43,193.13,192.46,134.58839979
2019-06-10 20:00:00,191.55,193.8,193.28,193.06,131.7135453
2019-06-10 21:00:00,190.8,193.29,192.58,192.58,200.66928394
2019-06-10 22:00:00,191.94,193.79,192.6,192.49,217.98709785
2019-06-10 23:00:00,191.72,195.05,192.42,195.05,86.63692085
2019-06-11 00:00:00,193.64,195.19,195.04,194.89,66.70512716
2019-06-11 01:00:00,193.29,194.64,194.64,193.75,8.07660604
2019-06-11 02:00:00,193.1,194.0,193.73,193.11,6.66076653
2019-06-11 03:00:00,192.62,193.77,193.77,192.71,31.83912562
2019-06-11 04:00:00,192.76,193.76,193.14,192.76,11.203768
2019-06-11 05:00:00,192.63,193.98,193.58,193.91,31.63828663
2019-06-11 06:00:00,192.47,193.85,193.17,192.85,35.81997363
2019-06-11 07:00:00,193.0,194.0,193.0,194.0,23.26231225
2019-06-11 08:00:00,193.42,194.5,194.0,194.5,100.97582318
2019-06-11 09:00:00,192.81,194.49,194.48,193.63,186.84103768
2019-06-11 10:00:00,189.29,193.4,193.39,191.22,157.01568702
2019-06-11 11:00:00,187.66,191.49,191.22,188.82,397.22121441
2019-06-11 12:00:00,188.13,190.19,189.01,188.51,289.80799606
2019-06-11 13:00:00,189.01,190.91,189.23,189.32,211.67462774
2019-06-11 14:00:00,187.59,190.15,189.83,188.98,133.38684363
2019-06-11 15:00:00,187.84,189.47,189.12,189.19,101.7221008
2019-06-11 16:00:00,186.8,191.87,188.54,190.9,258.48327238
2019-06-11 17:00:00,190.38,191.86,191.06,190.95,78.09187428
2019-06-11 18:00:00,189.54,192.0,191.48,190.97,216.55195256
2019-06-11 19:00:00,190.13,192.35,190.5,192.0,361.89279534
2019-06-11 20:00:00,190.87,193.16,192.87,192.63,263.0544337
2019-06-11 21:00:00,191.85,194.9,191.85,194.0,207.30503931
2019-06-11 22:00:00,192.99,194.0,193.7,193.94,92.79301007
2019-06-11 23:00:00,192.8,194.0,193.95,193.63,49.28193394
2019-06-12 00:00:00,191.5,193.63,193.63,191.53,21.01325291
2019-06-12 01:00:00,191.8,193.18,192.0,192.16,22.98006733
2019-06-12 02:00:00,192.32,195.24,192.32,195.19,83.15896439
2019-06-12 03:00:00,195.04,196.49,195.25,195.61,82.84921364
2019-06-12 04:00:00,195.03,196.24,195.66,195.18,23.6923313
2019-06-12 05:00:00,194.28,195.63,195.63,194.98,59.615304
2019-06-12 06:00:00,194.18,195.47,194.9,194.85,69.32206831
2019-06-12 07:00:00,194.02,195.0,194.94,195.0,128.08395749
2019-06-12 08:00:00,193.12,195.28,194.62,194.98,129.38180762
2019-06-12 09:00:00,192.93,194.96,194.84,194.49,252.47726129
2019-06-12 10:00:00,194.3,195.99,194.75,195.77,344.57364148
2019-06-12 11:00:00,194.75,196.48,194.96,195.04,268.73481411
2019-06-12 12:00:00,195.01,197.48,195.74,195.86,320.35189097
2019-06-12 12:00:00,195.01,197.48,195.74,195.86,320.35189097
2019-06-12 13:00:00,195.01,196.63,195.86,195.85,163.23893123
2019-06-12 14:00:00,194.22,196.7,195.78,196.44,132.21810477
2019-06-12 15:00:00,195.7,201.97,195.72,200.73,675.90411837
2019-06-12 16:00:00,200.67,205.26,201.51,203.35,298.31026581
2019-06-12 17:00:00,200.01,204.7,203.77,202.29,533.61301155
2019-06-12 18:00:00,201.99,203.95,202.41,202.97,197.71221223
2019-06-12 19:00:00,202.41,203.78,202.91,203.2,104.80378654
2019-06-12 20:00:00,198.51,203.0,202.42,200.88,638.55165305
2019-06-12 21:00:00,201.18,204.25,201.48,203.49,398.85430978
2019-06-12 22:00:00,201.29,203.48,202.86,203.22,95.22228676
2019-06-12 23:00:00,202.02,207.64,202.54,207.04,190.06606481
2019-06-13 00:00:00,205.71,207.67,206.16,206.78,129.94722296
2019-06-13 01:00:00,204.57,206.97,206.85,204.57,30.03614915
2019-06-13 02:00:00,203.72,206.27,204.53,203.72,20.71957644
2019-06-13 03:00:00,204.44,204.99,204.69,204.83,7.35940494
2019-06-13 04:00:00,203.7,205.46,204.91,204.2,15.54578553
2019-06-13 05:00:00,204.07,205.45,204.88,204.43,46.35726977
2019-06-13 06:00:00,203.95,205.0,204.73,204.06,82.71973964
2019-06-13 07:00:00,203.96,205.71,204.63,204.9,131.71334066
2019-06-13 08:00:00,204.05,205.5,204.9,204.84,113.86210496
2019-06-13 09:00:00,202.59,205.36,205.36,203.92,67.37694691
2019-06-13 10:00:00,201.79,204.09,203.22,203.61,145.10021077
2019-06-13 11:00:00,202.83,204.28,203.48,203.1,95.91704657
2019-06-13 12:00:00,202.26,204.9,203.09,203.97,168.60600099
2019-06-13 13:00:00,203.21,206.56,203.35,204.98,246.0052935
2019-06-13 14:00:00,204.23,206.36,205.0,206.36,716.67925885
2019-06-13 15:00:00,205.06,206.99,206.37,205.81,128.84150363
2019-06-13 16:00:00,204.15,205.79,205.45,205.21,107.89682489
2019-06-13 17:00:00,203.24,205.41,205.07,204.6,416.49973847
2019-06-13 18:00:00,203.83,206.94,203.96,206.37,333.76375887
2019-06-13 19:00:00,203.96,206.88,205.89,204.48,181.44889324
2019-06-13 20:00:00,204.06,205.52,204.52,204.6,220.87499628
2019-06-13 21:00:00,204.44,206.7,204.97,206.55,168.81645218
2019-06-13 22:00:00,200.85,206.55,206.29,202.39,371.93264555
2019-06-13 23:00:00,200.7,202.94,201.59,202.0,348.62194245
2019-06-14 00:00:00,201.29,202.98,202.05,201.91,17.48243411
2019-06-14 01:00:00,199.27,201.82,201.82,201.52,163.04036752
2019-06-14 02:00:00,200.51,201.88,200.96,200.57,19.91798542
2019-06-14 03:00:00,200.07,201.58,200.07,200.7,5.96053585
2019-06-14 04:00:00,200.26,200.99,200.6,200.89,25.49463506
2019-06-14 05:00:00,200.76,202.92,201.37,200.87,42.85575545
2019-06-14 06:00:00,200.45,202.53,201.93,201.7,94.91984064
2019-06-14 07:00:00,201.18,202.87,201.9,202.37,47.36454852
2019-06-14 08:00:00,201.6,204.23,202.71,203.05,202.49739598
2019-06-14 09:00:00,201.81,203.19,202.74,202.39,121.37525436
2019-06-14 10:00:00,201.58,203.41,202.37,202.51,111.69068175
2019-06-14 11:00:00,201.47,203.36,203.32,202.12,83.53361575
2019-06-14 12:00:00,201.0,203.73,202.27,202.79,312.87517233
2019-06-14 13:00:00,202.65,205.49,203.97,204.53,308.85692052
2019-06-14 14:00:00,203.03,204.99,204.99,203.66,277.40457236
2019-06-14 15:00:00,203.1,205.02,203.1,204.27,74.64080427
2019-06-14 16:00:00,203.0,205.12,204.34,203.0,153.20378548
2019-06-14 17:00:00,202.43,203.98,203.0,203.17,110.56229335
2019-06-14 18:00:00,202.82,204.43,202.82,203.06,298.90665244
2019-06-14 19:00:00,202.33,203.45,203.45,203.44,243.33945962
2019-06-14 20:00:00,203.38,204.1,203.45,204.1,106.03651872
2019-06-14 21:00:00,204.1,209.0,204.1,208.1,467.75622173
2019-06-14 22:00:00,206.1,210.94,208.1,210.56,623.52654052
2019-06-14 23:00:00,206.76,210.98,209.27,208.66,232.64588683
2019-06-15 00:00:00,206.76,210.36,209.58,209.88,113.95901967
2019-06-15 01:00:00,207.72,210.98,209.12,209.74,45.36441376
2019-06-15 02:00:00,210.44,211.99,210.95,211.17,77.06757176
2019-06-15 03:00:00,209.66,210.91,210.91,210.26,6.83678402
2019-06-15 04:00:00,208.9,211.1,211.1,209.31,48.96272682
2019-06-15 05:00:00,209.1,211.2,210.03,211.2,49.64803052
2019-06-15 06:00:00,209.44,212.0,211.2,209.44,198.5722206
2019-06-15 07:00:00,209.26,210.65,209.96,210.6,135.09334043
2019-06-15 08:00:00,209.29,210.69,210.59,210.21,67.36896163
2019-06-15 09:00:00,208.72,210.48,209.7,209.01,113.25073061
2019-06-15 10:00:00,208.46,210.15,209.0,209.25,152.03547614
2019-06-15 11:00:00,208.88,210.17,209.74,209.83,103.75083341
2019-06-15 12:00:00,208.47,209.81,209.8,208.76,51.57632305
2019-06-15 13:00:00,208.0,209.65,208.8,208.82,104.03794523
2019-06-15 14:00:00,208.89,211.89,208.98,211.28,658.94907489
2019-06-15 15:00:00,210.24,212.09,211.21,210.55,176.7829528
2019-06-15 16:00:00,210.41,216.98,210.85,214.9,578.99128887
2019-06-15 17:00:00,213.54,215.75,215.71,213.79,191.66244787
2019-06-15 18:00:00,213.76,215.57,214.66,214.12,120.70498972
2019-06-15 19:00:00,214.2,215.33,214.92,214.33,128.49379615
2019-06-15 20:00:00,212.57,215.0,214.99,213.5,139.36750459
2019-06-15 21:00:00,212.83,214.99,213.29,214.02,71.28592905
2019-06-15 22:00:00,213.03,215.76,215.0,213.03,51.78070231
2019-06-15 23:00:00,213.25,215.16,214.05,215.15,54.05718651
2019-06-16 00:00:00,212.76,214.93,214.93,212.76,9.90830299
2019-06-16 01:00:00,212.57,216.69,213.13,215.67,102.73382566
2019-06-16 02:00:00,214.26,218.19,216.7,215.76,351.36614129
2019-06-16 03:00:00,215.11,217.39,215.76,216.06,10.1704817
2019-06-16 04:00:00,215.19,217.0,215.55,217.0,26.37867985
2019-06-16 05:00:00,216.67,218.2,216.67,218.2,153.07017648
2019-06-16 06:00:00,216.51,218.5,218.2,218.49,329.65952755
2019-06-16 07:00:00,217.79,219.6,218.5,218.17,253.76003909
2019-06-16 08:00:00,210.0,220.1,219.51,212.98,976.76744051
2019-06-16 09:00:00,211.43,214.99,211.69,212.65,408.5205941
2019-06-16 10:00:00,212.23,214.61,212.65,213.68,188.22783914
2019-06-16 11:00:00,213.07,214.0,213.85,213.97,105.0310027
2019-06-16 12:00:00,213.28,214.73,213.51,214.41,126.41591894
2019-06-16 13:00:00,213.5,217.89,214.53,217.89,279.44611303
2019-06-16 14:00:00,215.85,217.87,217.62,216.71,193.13013927
2019-06-16 15:00:00,215.26,217.01,215.76,216.37,140.49478011
2019-06-16 16:00:00,215.4,216.41,215.41,215.97,154.24595851
2019-06-16 17:00:00,214.14,215.78,215.41,214.19,170.72094026
2019-06-16 18:00:00,213.86,214.47,214.15,213.92,105.28102835
2019-06-16 19:00:00,210.0,214.2,214.1,210.81,977.26189069
2019-06-16 20:00:00,210.0,212.44,211.76,211.63,200.77677403
2019-06-16 21:00:00,211.17,213.78,211.58,213.01,97.69257677
2019-06-16 22:00:00,212.82,215.0,213.04,214.72,168.54133474
2019-06-16 23:00:00,213.06,215.7,215.0,214.43,175.26341228
2019-06-17 00:00:00,214.12,216.89,214.51,216.89,61.31579581
2019-06-17 01:00:00,215.28,217.35,216.98,215.28,70.02788389
2019-06-17 02:00:00,213.63,216.48,215.71,214.0,78.44448135
2019-06-17 03:00:00,213.82,214.51,214.51,214.38,3.59894962
2019-06-17 04:00:00,213.25,214.39,214.35,213.25,299.67267344
2019-06-17 05:00:00,212.4,213.59,213.22,213.48,77.41172732
2019-06-17 06:00:00,212.92,214.76,213.01,213.87,21.02508468
2019-06-17 07:00:00,213.37,215.37,213.8,214.85,80.80506308
2019-06-17 08:00:00,213.91,217.0,214.6,216.59,244.73288623
2019-06-17 09:00:00,213.36,216.92,216.29,215.37,638.45090888
2019-06-17 10:00:00,213.76,216.85,215.53,216.13,233.07636219
2019-06-17 11:00:00,215.14,216.85,216.83,216.53,154.49037739
2019-06-17 12:00:00,215.14,217.57,216.0,216.72,395.07552677
2019-06-17 13:00:00,215.33,217.33,216.4,217.01,306.9069255
2019-06-17 14:00:00,216.22,219.0,216.26,218.98,219.11132023
2019-06-17 15:00:00,214.01,218.99,218.99,215.37,428.76011522
2019-06-17 16:00:00,214.79,216.85,215.07,216.74,238.15859272
2019-06-17 17:00:00,216.15,217.69,216.25,216.85,134.64992108
2019-06-17 18:00:00,216.85,218.0,216.85,217.79,129.08689159
2019-06-17 19:00:00,216.85,218.55,217.27,218.19,279.03986974
2019-06-17 20:00:00,216.43,218.55,217.61,217.78,363.64106239
2019-06-17 21:00:00,216.81,218.65,217.82,217.47,222.18982483
2019-06-17 22:00:00,217.34,218.77,218.34,218.77,146.61452429
2019-06-17 23:00:00,217.88,219.5,218.77,218.77,105.80156796
2019-06-18 00:00:00,216.5,218.74,218.19,217.64,88.37108298
2019-06-18 01:00:00,216.0,217.7,217.49,216.28,21.42361508
2019-06-18 02:00:00,215.65,216.96,216.26,216.27,105.63578854
2019-06-18 03:00:00,215.38,216.58,215.65,216.08,10.10207081
2019-06-18 04:00:00,215.61,217.09,216.88,216.23,72.54947819
2019-06-18 05:00:00,213.09,216.1,216.06,214.18,74.97278635
2019-06-18 06:00:00,214.0,215.52,214.78,214.68,61.19701453
2019-06-18 07:00:00,211.31,214.77,214.12,213.35,961.65519294
2019-06-18 08:00:00,212.79,215.62,212.88,215.5,80.43989601
2019-06-18 09:00:00,214.84,215.99,215.5,215.7,225.3473254
2019-06-18 10:00:00,214.5,215.97,215.69,214.89,132.12779556
2019-06-18 11:00:00,213.1,214.99,214.87,213.9,132.92590314
2019-06-18 12:00:00,212.01,214.0,213.99,213.96,106.49663223
2019-06-18 13:00:00,212.87,215.15,213.05,213.82,162.26268961
2019-06-18 14:00:00,212.22,214.54,213.66,212.65,133.57931896
2019-06-18 15:00:00,210.37,213.84,212.65,212.47,519.28826481
2019-06-18 16:00:00,210.54,212.88,212.88,210.89,304.0322882
2019-06-18 17:00:00,208.61,211.61,210.98,210.66,482.40560534
2019-06-18 18:00:00,209.71,211.76,211.53,211.76,192.64603275
2019-06-18 19:00:00,209.86,212.19,211.49,210.59,131.61485084
2019-06-18 20:00:00,209.54,211.44,209.82,209.6,273.27632112
2019-06-18 21:00:00,208.01,210.62,210.6,208.58,168.82866832
2019-06-18 22:00:00,207.62,210.23,208.07,209.78,210.27234995
2019-06-18 23:00:00,208.49,210.4,209.96,209.98,39.05637084
2019-06-19 00:00:00,209.68,211.39,210.39,211.38,251.10463683
2019-06-19 01:00:00,211.03,212.51,211.4,211.03,66.92890043
2019-06-19 02:00:00,211.08,212.0,211.99,211.6,10.64422525
2019-06-19 03:00:00,211.55,212.89,212.0,212.02,6.47716062
2019-06-19 04:00:00,212.21,212.99,212.41,212.7,0.72233592
2019-06-19 05:00:00,212.56,214.22,212.99,213.52,101.68368547
2019-06-19 06:00:00,213.12,214.13,213.28,213.98,29.36015933
2019-06-19 07:00:00,213.01,214.39,213.32,214.39,62.36400089
2019-06-19 08:00:00,213.39,214.79,214.39,214.16,115.90624677
2019-06-19 09:00:00,212.13,214.28,214.23,212.42,243.88525084
2019-06-19 10:00:00,212.16,213.46,212.93,212.38,63.20836932
2019-06-19 11:00:00,212.15,213.19,212.33,212.18,60.04778564
2019-06-19 12:00:00,210.2,212.97,212.96,211.2,128.57128109
2019-06-19 13:00:00,210.14,212.38,211.16,211.47,63.07380818
2019-06-19 14:00:00,209.87,211.8,210.91,210.92,119.94237543
2019-06-19 15:00:00,210.15,212.19,210.5,211.92,251.82827431
2019-06-19 16:00:00,210.62,212.57,211.79,212.06,171.41274056
2019-06-19 17:00:00,211.04,212.69,211.49,211.68,208.33846618
2019-06-19 18:00:00,210.44,212.33,212.11,211.22,155.22400557
2019-06-19 19:00:00,210.6,211.75,211.3,211.01,193.29908298
2019-06-19 20:00:00,210.69,212.85,211.0,212.19,83.75461491
2019-06-19 21:00:00,211.18,213.26,211.91,213.26,173.21347941
2019-06-19 22:00:00,211.93,214.26,213.28,213.06,105.8667027
2019-06-19 23:00:00,212.21,213.67,212.87,213.23,75.00651892
2019-06-20 00:00:00,211.91,213.3,213.25,212.55,36.77280323
2019-06-20 01:00:00,211.43,212.76,212.63,212.03,21.77657331
2019-06-20 02:00:00,212.36,213.65,212.36,213.19,28.70684072
2019-06-20 03:00:00,213.26,214.03,214.02,213.79,3.82795965
2019-06-20 04:00:00,212.47,213.7,213.46,213.14,3.17918843
2019-06-20 05:00:00,211.98,213.22,212.94,212.46,97.04886093
2019-06-20 06:00:00,211.67,212.81,212.78,211.75,31.89010341
2019-06-20 07:00:00,210.75,212.97,212.97,211.29,207.55667729
2019-06-20 08:00:00,210.04,211.49,211.26,210.6,72.30353737
2019-06-20 09:00:00,210.05,211.53,210.05,211.52,94.16469141
2019-06-20 10:00:00,210.04,211.6,211.53,210.69,46.02618095
2019-06-20 11:00:00,210.26,211.77,211.16,211.74,40.53786538
2019-06-20 12:00:00,210.75,211.77,211.75,211.75,81.23828652
2019-06-20 13:00:00,211.22,212.61,211.22,212.3,165.37843536
2019-06-20 17:00:00,210.76,212.0,212.0,211.74,96.2622388
2019-06-20 18:00:00,210.78,212.62,211.74,211.86,126.55648228
2019-06-20 19:00:00,210.92,212.48,211.1,211.98,92.88105163
2019-06-20 20:00:00,211.57,216.41,211.6,215.1,466.0448758
2019-06-20 21:00:00,214.57,216.5,215.83,215.17,195.62432755
2019-06-20 22:00:00,214.1,215.6,215.31,215.31,141.41613529
2019-06-20 23:00:00,214.01,215.6,214.73,214.99,77.20815896
2019-06-21 00:00:00,214.45,216.0,214.45,216.0,103.31401821
2019-06-21 01:00:00,215.82,224.98,215.82,222.98,1255.25327895
2019-06-21 02:00:00,219.51,223.0,222.05,221.1,127.24012581
2019-06-21 03:00:00,219.5,221.77,221.77,220.2,150.12195552
2019-06-21 04:00:00,219.79,221.29,220.85,221.18,251.58870305
2019-06-21 05:00:00,220.55,226.0,220.56,226.0,894.27916546
2019-06-21 06:00:00,223.69,227.0,226.1,224.27,485.20033882
2019-06-21 07:00:00,223.75,226.0,224.27,225.94,645.8420325
2019-06-21 08:00:00,224.65,226.89,226.0,226.89,405.88138047
2019-06-21 09:00:00,225.53,230.0,226.81,229.22,1014.20702855
2019-06-21 10:00:00,227.87,229.25,229.24,228.85,354.83495609
2019-06-21 11:00:00,227.13,230.9,228.85,228.38,416.28526514
2019-06-21 12:00:00,225.79,228.47,228.17,228.47,378.40181126
2019-06-21 13:00:00,223.29,229.61,227.95,225.83,345.20683415
2019-06-21 14:00:00,224.01,226.74,225.76,225.1,146.72586195
2019-06-21 15:00:00,224.01,226.34,225.1,224.22,282.2106333
2019-06-21 16:00:00,224.81,228.0,224.82,228.0,112.45587557
2019-06-21 17:00:00,226.76,229.0,228.0,228.07,164.35426102
2019-06-21 18:00:00,227.28,232.3,228.0,230.74,291.85472783
2019-06-21 19:00:00,229.91,232.0,230.59,231.2,207.73986728
2019-06-21 20:00:00,228.13,231.78,231.21,230.69,233.86759172
2019-06-21 21:00:00,229.38,231.54,231.11,231.14,243.81246549
2019-06-21 22:00:00,228.16,231.14,231.14,229.28,174.74729392
2019-06-21 23:00:00,229.03,233.0,229.06,232.98,384.08632949
2019-06-22 00:00:00,230.65,236.85,232.97,236.85,580.70224817
2019-06-22 01:00:00,235.87,239.0,235.87,238.61,180.79183994
2019-06-22 02:00:00,238.01,240.0,238.6,239.07,189.10491673
2019-06-22 03:00:00,237.56,242.99,239.06,238.2,204.71675361
2019-06-22 04:00:00,236.01,238.89,238.09,238.77,236.39171884
2019-06-22 05:00:00,238.37,240.36,238.9,239.97,238.07874846
2019-06-22 06:00:00,238.72,241.0,239.74,241.0,488.76380459
2019-06-22 07:00:00,239.66,241.0,241.0,241.0,567.429606
2019-06-22 08:00:00,240.0,243.0,240.14,242.8,728.43456264
2019-06-22 09:00:00,241.16,243.16,242.81,243.06,447.2770296
2019-06-22 10:00:00,241.93,245.0,243.06,242.5,684.97725287
2019-06-22 11:00:00,241.1,243.65,242.38,242.55,350.35285732
2019-06-22 12:00:00,241.73,246.76,241.98,245.71,709.41454494
2019-06-22 13:00:00,245.37,249.46,245.99,248.76,701.30638333
2019-06-22 14:00:00,236.61,249.0,248.03,243.32,1085.76344433
2019-06-22 15:00:00,240.12,243.54,242.72,242.97,337.18191651
2019-06-22 16:00:00,236.54,245.78,242.9,243.3,1661.07206471
2019-06-22 17:00:00,242.81,245.1,243.3,244.04,481.33196091
2019-06-22 18:00:00,238.15,244.31,243.5,239.17,270.1127284
2019-06-22 19:00:00,236.54,241.5,238.97,240.01,262.81725767
2019-06-22 20:00:00,239.45,241.97,240.0,239.67,160.4223353
2019-06-22 21:00:00,238.0,240.24,240.24,239.26,68.41544647
2019-06-22 22:00:00,236.54,239.7,238.36,237.59,771.73354722
2019-06-22 23:00:00,237.61,244.1,237.61,242.32,101.29522895
2019-06-23 00:00:00,240.78,246.0,243.56,246.0,154.64927515
2019-06-23 01:00:00,246.0,249.0,246.0,246.1,106.0425334
2019-06-23 02:00:00,244.89,248.33,247.41,245.6,30.23722937
2019-06-23 03:00:00,245.06,247.49,245.44,246.63,61.70972592
2019-06-23 04:00:00,245.12,247.12,246.01,246.9,22.75894903
2019-06-23 05:00:00,245.51,247.16,245.63,247.16,65.76117222
2019-06-23 06:00:00,245.0,248.0,247.22,245.0,291.13473778
2019-06-23 07:00:00,244.0,246.62,246.11,244.9,166.29178497
2019-06-23 08:00:00,242.88,246.17,244.01,244.37,243.2640171
2019-06-23 09:00:00,240.09,244.23,243.01,241.51,235.74957326
2019-06-23 10:00:00,237.13,241.7,241.67,240.03,441.01155387
2019-06-23 11:00:00,239.29,242.69,240.17,242.16,188.19442616
2019-06-23 12:00:00,240.83,244.44,241.41,242.47,68.43990562
2019-06-23 13:00:00,240.5,243.96,242.91,241.97,217.22443375
2019-06-23 14:00:00,240.51,243.97,241.7,243.38,65.19754348
2019-06-23 15:00:00,242.04,244.5,243.38,244.5,94.62069561
2019-06-23 16:00:00,242.14,245.73,243.87,243.36,237.46208856
2019-06-23 17:00:00,242.16,245.34,242.16,245.33,256.75541491
2019-06-23 18:00:00,243.78,246.95,244.05,245.97,248.82630605
2019-06-23 19:00:00,244.5,247.96,245.96,246.37,358.10694077
2019-06-23 20:00:00,246.11,247.78,247.02,247.28,95.72738084
2019-06-23 21:00:00,243.03,249.88,247.29,243.03,633.13726311
2019-06-23 22:00:00,241.02,245.54,243.01,242.55,202.00432143
2019-06-23 23:00:00,239.77,243.17,242.5,240.51,188.83833641
2019-06-24 00:00:00,231.46,240.52,239.94,237.22,1031.23508204
2019-06-24 01:00:00,236.6,239.9,237.21,239.25,21.19543864
2019-06-24 02:00:00,236.91,239.55,239.0,237.03,57.3869386
2019-06-24 03:00:00,236.9,238.27,237.72,238.17,35.60582418
2019-06-24 04:00:00,237.02,240.42,237.62,240.42,68.37764106
2019-06-24 05:00:00,239.72,241.66,241.0,241.31,134.28356674
2019-06-24 06:00:00,237.97,241.28,241.28,239.12,129.34170067
2019-06-24 07:00:00,238.91,241.5,238.91,240.78,116.74241275
2019-06-24 08:00:00,240.79,242.2,240.82,241.43,116.24745106
2019-06-24 09:00:00,240.73,243.87,242.16,242.55,322.08450721
2019-06-24 10:00:00,241.97,244.08,242.52,242.58,99.17608182
2019-06-24 11:00:00,240.33,242.79,242.32,241.47,276.68030645
2019-06-24 12:00:00,241.76,244.16,241.89,242.93,147.98704505
2019-06-24 13:00:00,242.13,244.63,243.57,242.13,65.0240019
2019-06-24 14:00:00,242.3,244.0,242.33,243.93,106.44655522
2019-06-24 15:00:00,241.0,244.35,243.94,242.34,153.57493985
2019-06-24 16:00:00,241.44,245.98,241.73,244.0,527.45523837
2019-06-24 17:00:00,242.7,244.85,243.59,244.25,226.08486487
2019-06-24 18:00:00,241.2,244.62,243.64,241.91,105.90738708
2019-06-24 19:00:00,241.0,243.39,242.49,242.13,184.73754291
2019-06-24 20:00:00,240.32,242.86,242.19,241.17,148.16554369
2019-06-24 21:00:00,240.05,243.3,240.35,242.69,118.29242172
2019-06-24 22:00:00,242.0,245.22,242.33,243.47,121.54620062
2019-06-24 23:00:00,242.1,243.92,243.65,243.91,28.03503977
2019-06-25 00:00:00,242.43,245.5,243.92,244.76,62.64077703
2019-06-25 01:00:00,243.31,245.18,243.93,244.97,41.95453374
2019-06-25 02:00:00,243.38,245.74,244.51,244.97,45.13229807
2019-06-25 03:00:00,243.54,244.88,244.88,244.8,15.42050152
2019-06-25 04:00:00,244.72,245.98,244.88,245.68,60.17807818
2019-06-25 05:00:00,244.83,247.12,245.68,245.05,55.04402781
2019-06-25 06:00:00,245.0,247.99,246.17,245.3,405.68537114
2019-06-25 07:00:00,244.18,247.04,245.2,245.99,153.41452935
2019-06-25 08:00:00,244.41,246.97,246.12,245.22,272.48930734
2019-06-25 09:00:00,244.59,246.98,245.23,246.78,117.23557047
2019-06-25 10:00:00,245.7,247.45,246.78,245.94,187.95237041
2019-06-25 11:00:00,244.71,248.08,247.07,245.87,187.68440405
2019-06-25 12:00:00,240.75,246.41,245.38,241.75,380.52045067
2019-06-25 13:00:00,241.75,244.77,241.76,244.55,121.9753183
2019-06-25 14:00:00,243.42,245.64,243.82,243.57,124.05594494
2019-06-25 15:00:00,243.09,245.45,244.24,244.06,113.03900904
2019-06-25 16:00:00,243.73,246.24,245.01,243.73,142.79181869
2019-06-25 17:00:00,241.67,244.51,243.62,244.01,145.95856144
2019-06-25 18:00:00,242.54,244.98,244.49,244.18,158.38236142
2019-06-25 19:00:00,242.85,245.7,244.85,243.46,200.90009779
2019-06-25 20:00:00,242.79,244.6,244.39,243.99,139.59178492
2019-06-25 21:00:00,243.03,247.0,243.03,245.69,222.656592
2019-06-25 22:00:00,245.71,249.63,246.98,249.6,392.47899323
2019-06-25 23:00:00,247.55,250.0,249.14,249.96,375.892149
2019-06-26 00:00:00,247.76,249.99,249.37,249.99,501.56125278
2019-06-26 01:00:00,248.58,249.99,249.41,249.6,66.58163188
2019-06-26 02:00:00,248.22,249.99,249.39,249.97,43.20761067
2019-06-26 03:00:00,249.97,262.5,249.97,261.8,430.89130025
2019-06-26 04:00:00,258.99,264.98,260.9,264.98,769.20747276
2019-06-26 05:00:00,255.01,264.98,264.81,260.46,784.92913373
2019-06-26 06:00:00,256.59,263.2,260.13,261.9,1058.08898855
2019-06-26 07:00:00,259.68,262.66,262.14,259.72,703.73660134
2019-06-26 08:00:00,258.97,262.5,260.0,262.5,420.39454487
2019-06-26 09:00:00,261.0,264.9,261.99,261.67,812.39123744
2019-06-26 10:00:00,261.15,264.9,261.82,264.86,377.07003252
2019-06-26 11:00:00,262.96,268.0,264.21,267.89,572.76205943
2019-06-26 12:00:00,267.54,274.79,267.54,273.61,970.86352233
2019-06-26 13:00:00,270.55,275.32,274.11,275.31,987.98908585
2019-06-26 14:00:00,270.95,275.34,275.32,272.36,693.24966063
2019-06-26 15:00:00,270.2,273.86,271.88,272.15,488.76246531
2019-06-26 16:00:00,270.31,282.99,272.98,279.2,1201.89204426
2019-06-26 17:00:00,271.98,280.22,279.51,277.22,901.59233182
2019-06-26 18:00:00,275.5,282.33,277.62,278.71,888.49166515
2019-06-26 19:00:00,275.14,280.54,278.82,277.86,1213.08452619
2019-06-26 20:00:00,252.0,286.85,277.94,266.88,3684.19691202
2019-06-26 21:00:00,249.0,266.47,265.52,256.98,2701.58440669
2019-06-26 22:00:00,255.02,261.98,256.94,256.24,752.02136059
2019-06-26 23:00:00,255.54,266.32,256.23,264.68,327.08668971
2019-06-27 00:00:00,261.02,271.56,264.34,267.95,499.00627876
2019-06-27 01:00:00,256.71,269.23,267.79,260.0,371.53333431
2019-06-27 02:00:00,257.89,263.42,261.34,263.3,43.77093399
2019-06-27 03:00:00,261.94,264.25,262.27,264.25,87.86123837
2019-06-27 04:00:00,260.78,266.17,264.25,260.78,483.92242157
2019-06-27 05:00:00,258.71,263.07,261.48,262.96,392.93134106
2019-06-27 06:00:00,250.1,263.03,262.97,253.64,746.3914972
2019-06-27 07:00:00,250.1,255.99,254.42,253.12,450.27749173
2019-06-27 08:00:00,244.0,254.02,254.02,244.61,1719.74630011
2019-06-27 09:00:00,233.05,261.31,244.61,242.74,1676.28428933
2019-06-27 10:00:00,241.26,253.52,243.48,242.52,681.06562753
2019-06-27 11:00:00,242.03,247.95,242.07,246.86,259.00981974
2019-06-27 12:00:00,239.59,247.5,246.86,241.58,458.18537346
2019-06-27 13:00:00,237.71,242.97,241.47,239.98,460.46962106
2019-06-27 14:00:00,235.11,245.81,239.92,245.81,1071.31747834
2019-06-27 15:00:00,240.1,245.76,245.75,241.52,328.82546814
2019-06-27 16:00:00,230.5,243.3,242.75,231.82,1195.99297441
2019-06-27 17:00:00,219.9,231.2,230.5,227.44,3396.55734856
2019-06-27 18:00:00,224.55,232.43,228.28,230.49,652.7244566
2019-06-27 19:00:00,222.88,231.36,231.2,227.81,511.26510247
2019-06-27 20:00:00,216.65,228.0,227.59,226.19,885.93886691
2019-06-27 21:00:00,223.48,234.24,225.94,230.77,1058.17967502
2019-06-27 22:00:00,229.75,235.59,231.19,235.01,316.60626287
2019-06-27 23:00:00,228.87,236.0,234.62,231.5,375.35801345
2019-06-28 00:00:00,230.01,237.17,231.87,235.9,269.78965733
2019-06-28 01:00:00,234.19,237.99,237.05,234.34,159.45767177
2019-06-28 02:00:00,231.42,236.28,235.39,231.42,42.54862583
2019-06-28 03:00:00,229.45,233.92,232.29,233.39,96.64606745
2019-06-28 04:00:00,231.31,234.38,233.42,232.89,75.32138611
2019-06-28 05:00:00,229.25,234.39,234.01,232.9,183.23802803
2019-06-28 06:00:00,232.89,239.9,232.89,238.63,476.68489195
2019-06-28 07:00:00,233.01,239.67,237.82,234.27,436.89502467
2019-06-28 08:00:00,234.54,242.0,235.28,241.49,458.42422132
2019-06-28 09:00:00,239.61,244.99,240.82,243.1,836.43996265
2019-06-28 10:00:00,240.0,244.49,243.1,242.15,591.54236236
2019-06-28 11:00:00,240.0,243.08,242.15,242.51,208.49482209
2019-06-28 12:00:00,236.01,242.99,242.99,237.45,204.39608202
2019-06-28 13:00:00,236.0,239.86,236.99,238.96,131.1153053
2019-06-28 14:00:00,237.6,241.0,238.54,239.35,115.01528722
2019-06-28 15:00:00,239.35,242.77,239.35,241.09,96.49209288
2019-06-28 16:00:00,238.77,242.79,240.97,242.35,235.04664553
2019-06-28 17:00:00,239.01,242.33,241.88,240.95,267.64611656
2019-06-28 18:00:00,240.66,242.7,240.85,242.5,112.56159331
2019-06-28 19:00:00,241.45,246.81,241.91,244.11,455.15246171
2019-06-28 20:00:00,240.77,245.89,244.74,242.29,249.96280676
2019-06-28 21:00:00,241.1,243.77,242.95,242.16,245.71501162
2019-06-28 22:00:00,240.69,244.28,242.62,243.22,122.62880873
2019-06-28 23:00:00,242.88,245.28,243.47,243.8,239.97069954
2019-06-29 00:00:00,242.17,244.44,244.29,243.09,62.80971114
2019-06-29 01:00:00,239.22,243.69,243.23,239.22,98.23074764
2019-06-29 02:00:00,232.6,239.0,239.0,235.0,289.68696004
2019-06-29 03:00:00,232.17,234.99,234.39,232.38,99.97617494
2019-06-29 04:00:00,230.44,235.0,232.0,234.68,55.71147208
2019-06-29 05:00:00,234.5,235.91,235.0,234.86,63.14149032
2019-06-29 06:00:00,234.93,237.81,234.93,237.28,27.26139791
2019-06-29 07:00:00,235.51,238.39,236.31,238.39,86.40809991
2019-06-29 08:00:00,235.25,238.34,236.82,236.3,89.41314823
2019-06-29 09:00:00,235.45,238.42,236.3,235.74,105.77576572
2019-06-29 10:00:00,235.0,239.5,235.74,239.16,174.42397
2019-06-29 11:00:00,237.66,242.59,239.04,242.5,191.36814429
2019-06-29 12:00:00,240.63,243.83,242.43,242.04,161.27549575
2019-06-29 13:00:00,240.23,244.0,242.74,240.73,99.41545368
2019-06-29 14:00:00,240.01,243.51,240.74,241.82,111.27481358
2019-06-29 15:00:00,240.27,243.57,240.32,241.15,89.29365253
2019-06-29 16:00:00,237.04,241.79,241.19,240.95,136.19297995
2019-06-29 17:00:00,239.71,245.11,240.12,245.03,185.2577526
2019-06-29 18:00:00,245.0,247.95,245.12,246.38,181.75961918
2019-06-29 19:00:00,243.01,246.64,245.85,243.04,213.19419638
2019-06-29 20:00:00,244.13,247.44,244.29,245.44,144.74175446
2019-06-29 21:00:00,243.0,247.35,246.96,244.53,99.69962617
2019-06-29 22:00:00,244.38,247.52,244.54,247.52,64.65957078
2019-06-29 23:00:00,246.53,254.0,247.51,251.0,237.79437195
2019-06-30 00:00:00,250.63,253.99,250.73,253.96,144.53895243
2019-06-30 01:00:00,250.46,253.21,253.21,252.07,108.62265848
2019-06-30 02:00:00,249.63,251.51,251.0,251.48,43.39325222
2019-06-30 03:00:00,249.63,251.73,251.0,249.63,98.43068989
2019-06-30 04:00:00,250.0,251.36,250.64,250.19,4.96979117
2019-06-30 05:00:00,248.69,251.23,251.23,249.62,100.15749016
2019-06-30 06:00:00,248.0,250.47,249.19,248.0,34.89402087
2019-06-30 07:00:00,243.0,248.01,248.0,243.06,177.71984706
2019-06-30 08:00:00,242.07,245.16,243.0,244.51,78.21356842
2019-06-30 09:00:00,242.41,245.99,243.71,243.95,234.28766111
2019-06-30 10:00:00,236.21,245.25,243.03,237.6,396.11392927
2019-06-30 11:00:00,236.23,240.47,239.39,238.13,336.4668379
2019-06-30 12:00:00,238.26,239.95,238.65,239.1,64.62778885
2019-06-30 13:00:00,231.2,241.0,239.1,231.2,276.33787355
2019-06-30 14:00:00,230.0,238.18,232.49,235.69,235.14022288
2019-06-30 15:00:00,234.01,235.78,235.46,234.34,65.58247975
2019-06-30 16:00:00,229.6,239.28,234.05,237.91,314.33081912
2019-06-30 17:00:00,235.7,238.97,238.13,238.16,143.75621234
2019-06-30 18:00:00,237.0,238.98,238.16,237.01,155.84193055
2019-06-30 19:00:00,235.51,238.19,237.01,237.62,169.2480333
2019-06-30 20:00:00,236.07,240.0,237.1,239.01,152.96583919
2019-06-30 21:00:00,236.01,239.89,239.22,236.84,207.54422337
2019-06-30 22:00:00,229.12,239.99,236.09,230.92,338.00528154
2019-06-30 23:00:00,226.25,232.9,231.07,228.76,236.67752368
2019-07-01 00:00:00,226.5,232.57,228.8,232.57,110.05611058
2019-07-01 01:00:00,231.87,235.74,231.87,232.2,55.35112629
2019-07-01 02:00:00,230.74,234.81,232.0,233.16,19.04906948
2019-07-01 03:00:00,234.09,237.39,234.15,235.06,25.70475195
2019-07-01 04:00:00,234.14,236.41,235.01,235.72,18.01179328
2019-07-01 05:00:00,232.91,234.92,234.63,233.13,42.41343513
2019-07-01 06:00:00,230.35,233.87,233.12,231.62,88.9562585
2019-07-01 07:00:00,229.6,233.61,231.62,232.0,113.76492007
2019-07-01 08:00:00,231.44,235.8,231.96,235.27,195.24474957
2019-07-01 09:00:00,234.11,236.33,235.57,234.74,110.64079692
2019-07-01 10:00:00,231.76,235.67,234.84,232.28,74.60853976
2019-07-01 11:00:00,230.7,233.15,232.88,232.05,155.7701061
2019-07-01 12:00:00,223.01,233.72,232.19,228.2,594.16341886
2019-07-01 13:00:00,225.06,229.09,227.72,225.06,234.94452611
2019-07-01 14:00:00,222.35,228.35,225.05,222.35,232.4825115
2019-07-01 15:00:00,220.0,226.23,222.01,225.28,669.95388136
2019-07-01 16:00:00,222.42,226.97,224.3,223.47,314.97911141
2019-07-01 17:00:00,221.11,225.66,223.47,223.13,332.37222628
2019-07-01 18:00:00,221.01,225.9,223.2,224.91,423.04935018
2019-07-01 19:00:00,220.51,225.72,225.72,222.78,278.86251713
2019-07-01 20:00:00,222.09,229.69,222.48,227.31,445.61525013
2019-07-01 21:00:00,228.0,232.19,228.0,231.46,294.30722705
2019-07-01 22:00:00,228.05,231.46,231.46,228.48,233.93875946
2019-07-01 23:00:00,228.32,233.95,229.22,233.5,105.62117741
2019-07-02 00:00:00,229.63,233.9,233.5,229.63,65.38001703
2019-07-02 01:00:00,227.0,230.52,229.95,227.08,31.72486068
2019-07-02 02:00:00,226.1,228.29,227.29,226.97,33.25734756
2019-07-02 03:00:00,226.0,227.71,226.0,227.37,25.44936428
2019-07-02 04:00:00,218.37,228.78,227.76,220.04,254.3812814
2019-07-02 05:00:00,215.74,221.31,220.22,217.45,296.19450001
2019-07-02 06:00:00,214.6,220.97,217.17,217.06,307.24781901
2019-07-02 07:00:00,217.09,220.2,217.09,218.3,159.41814512
2019-07-02 08:00:00,217.82,224.0,218.3,224.0,383.88951757
2019-07-02 09:00:00,221.37,225.71,224.89,222.75,150.10213432
2019-07-02 10:00:00,218.72,223.73,222.85,220.97,158.85741839
2019-07-02 11:00:00,215.08,222.23,220.91,217.2,390.89422001
2019-07-02 12:00:00,216.84,224.8,216.84,223.47,188.81125199
2019-07-02 13:00:00,218.25,223.47,222.97,218.74,116.54164747
2019-07-02 14:00:00,219.57,227.6,219.57,226.59,620.96103162
2019-07-02 15:00:00,226.0,229.93,227.79,229.93,188.95361325
2019-07-02 16:00:00,226.0,229.39,229.28,227.95,238.71001105
2019-07-02 17:00:00,227.32,230.36,227.93,230.09,173.79123385
2019-07-02 18:00:00,226.29,230.71,230.09,228.99,268.7900515
2019-07-02 19:00:00,227.8,231.69,228.77,230.01,355.92030064
2019-07-02 20:00:00,229.06,232.97,229.78,230.04,712.0606167
2019-07-02 21:00:00,227.08,230.72,229.57,229.67,210.61632692
2019-07-02 22:00:00,228.69,232.49,228.79,232.18,151.27912961
2019-07-02 23:00:00,230.28,233.0,232.48,232.68,49.74904553
2019-07-03 00:00:00,232.4,235.3,232.69,235.3,179.02160056
2019-07-03 01:00:00,234.56,236.63,236.0,234.79,113.1918153
2019-07-03 02:00:00,233.0,235.18,234.83,233.0,23.9749458
2019-07-03 03:00:00,232.85,235.34,233.38,235.32,38.83074672
2019-07-03 04:00:00,235.08,236.63,235.53,235.6,35.88962645
2019-07-03 05:00:00,235.7,238.93,236.54,238.63,393.70870385
2019-07-03 06:00:00,236.12,239.01,237.62,237.41,147.95964178
2019-07-03 07:00:00,234.47,238.08,237.41,234.47,162.60531506
2019-07-03 08:00:00,232.01,235.78,235.39,233.53,123.34394373
2019-07-03 09:00:00,231.41,234.19,232.41,233.82,243.92545508
2019-07-03 10:00:00,233.83,235.99,234.2,234.55,194.67050603
2019-07-03 11:00:00,232.91,235.35,234.32,233.3,351.44235856
2019-07-03 12:00:00,232.91,235.4,232.91,235.4,69.57297341
2019-07-03 13:00:00,232.93,235.49,234.9,233.0,194.35622975
2019-07-03 14:00:00,232.37,235.35,233.0,235.03,127.33217194
2019-07-03 15:00:00,233.63,235.49,234.36,234.82,100.59140517
2019-07-03 16:00:00,230.29,235.26,234.59,230.29,199.99773551
2019-07-03 17:00:00,230.33,232.99,231.31,231.99,215.61514804
2019-07-03 18:00:00,230.91,232.79,232.0,232.52,150.58926033
2019-07-03 19:00:00,231.41,233.95,232.71,232.69,84.50500757
2019-07-03 20:00:00,232.03,234.71,233.49,233.91,76.4992431
2019-07-03 21:00:00,232.67,234.9,234.65,234.86,158.3427595
2019-07-03 22:00:00,233.68,240.0,234.87,238.97,262.42195158
2019-07-03 23:00:00,237.04,240.93,238.76,240.47,159.85658015
2019-07-04 00:00:00,237.37,241.0,240.97,237.37,138.76201375
2019-07-04 01:00:00,237.23,239.79,238.78,237.53,6.41145185
2019-07-04 02:00:00,237.0,238.59,237.33,237.0,2.79694462
2019-07-04 03:00:00,235.99,237.66,237.66,237.07,10.46416649
2019-07-04 04:00:00,233.31,237.04,236.5,233.7,56.53612541
2019-07-04 05:00:00,232.76,234.2,234.13,234.2,32.03121318
2019-07-04 06:00:00,234.18,236.99,234.94,236.37,188.42219883
2019-07-04 07:00:00,235.0,237.49,236.21,235.0,110.9886406
2019-07-04 08:00:00,233.79,236.3,233.93,236.3,81.87567286
2019-07-04 09:00:00,234.04,236.3,235.47,234.04,242.83671226
2019-07-04 10:00:00,232.5,235.0,234.7,234.38,104.3754983
2019-07-04 11:00:00,232.6,235.28,233.72,234.01,75.15518621
2019-07-04 12:00:00,233.58,235.5,234.01,235.06,147.74199109
2019-07-04 13:00:00,234.46,236.99,234.46,236.51,146.46001668
2019-07-04 14:00:00,234.79,237.28,235.93,235.6,93.28431283
2019-07-04 15:00:00,234.0,236.67,236.53,234.8,88.17422581
2019-07-04 16:00:00,233.51,235.75,234.74,235.7,76.36720145
2019-07-04 17:00:00,234.94,236.65,235.91,235.99,137.98996927
2019-07-04 18:00:00,234.22,235.73,235.3,235.18,92.26386469
2019-07-04 19:00:00,234.04,235.89,234.41,235.33,153.56209283
2019-07-04 20:00:00,232.03,235.4,235.4,234.0,183.36582766
2019-07-04 21:00:00,232.15,234.02,234.0,232.5,421.18550329
2019-07-04 22:00:00,232.5,233.97,232.5,232.82,20.04137835
2019-07-04 23:00:00,223.08,233.34,233.34,225.42,285.82876519
2019-07-05 00:00:00,223.7,227.42,225.0,226.7,47.38581823
2019-07-05 01:00:00,225.32,228.39,226.51,228.37,23.99867397
2019-07-05 02:00:00,226.81,228.62,228.0,226.81,29.84536461
2019-07-05 03:00:00,226.66,227.51,227.08,226.79,7.75055648
2019-07-05 04:00:00,226.28,228.06,227.35,228.01,26.31256707
2019-07-05 05:00:00,227.28,228.44,228.24,228.33,78.42318443
2019-07-05 06:00:00,225.64,229.88,228.17,225.64,96.74934658
2019-07-05 07:00:00,225.16,227.84,225.61,227.84,171.14995492
2019-07-05 08:00:00,225.88,228.2,226.98,227.89,90.76535028
2019-07-05 09:00:00,227.66,232.5,227.98,231.83,144.70098812
2019-07-05 10:00:00,231.48,235.2,231.88,234.98,213.88393278
2019-07-05 11:00:00,233.17,235.2,234.22,234.04,128.47750073
2019-07-05 12:00:00,231.89,234.5,234.5,233.1,118.27229676
2019-07-05 13:00:00,233.15,234.0,233.86,233.6,206.54454354
2019-07-05 14:00:00,232.79,235.0,234.0,233.01,293.82901761
2019-07-05 15:00:00,230.35,234.49,233.95,230.92,38.01138171
2019-07-05 16:00:00,230.01,233.03,230.82,231.67,114.99205174
2019-07-05 17:00:00,229.8,233.41,231.54,232.59,155.72601444
2019-07-05 18:00:00,232.4,233.76,232.66,233.3,71.53473293
2019-07-05 19:00:00,231.41,233.99,232.62,231.41,91.75045479
2019-07-05 20:00:00,228.26,232.34,232.34,229.61,159.48801972
2019-07-05 21:00:00,229.13,231.96,229.55,230.06,175.47181491
2019-07-05 22:00:00,228.88,232.34,230.47,229.47,21.90277411
2019-07-05 23:00:00,229.0,230.89,229.92,230.51,51.67950439
2019-07-06 00:00:00,230.26,234.77,230.26,234.77,70.13851576
2019-07-06 01:00:00,233.47,234.77,234.77,234.69,7.70488122
2019-07-06 02:00:00,232.9,234.69,233.76,234.5,3.66820479
2019-07-06 03:00:00,233.24,234.77,234.1,234.77,23.24288615
2019-07-06 04:00:00,234.06,235.0,234.77,234.06,60.42886478
2019-07-06 05:00:00,233.16,234.99,234.57,234.03,28.43033882
2019-07-06 06:00:00,233.19,234.63,233.19,233.83,52.44848914
2019-07-06 07:00:00,233.01,234.98,233.44,234.69,94.75820782
2019-07-06 08:00:00,232.06,235.65,234.99,232.25,66.67180483
2019-07-06 09:00:00,232.0,233.75,232.35,233.0,29.4778639
2019-07-06 10:00:00,232.2,233.76,232.56,232.85,75.38971176
2019-07-06 11:00:00,232.07,233.66,232.85,232.44,100.80600998
2019-07-06 12:00:00,230.37,234.18,233.21,232.72,150.52343177
2019-07-06 13:00:00,230.41,234.93,234.93,231.7,58.35910354
2019-07-06 14:00:00,230.97,235.32,230.98,235.32,42.1600887
2019-07-06 15:00:00,235.17,237.92,235.32,237.09,217.13616539
2019-07-06 16:00:00,235.51,237.34,237.34,235.51,111.174822
2019-07-06 17:00:00,234.85,236.2,235.51,235.93,73.63489599
2019-07-06 18:00:00,233.55,236.41,235.93,233.55,46.04205935
2019-07-06 19:00:00,233.02,234.1,233.34,233.6,30.79027816
2019-07-06 20:00:00,233.0,234.22,233.47,233.0,18.65581879
2019-07-06 21:00:00,228.23,233.33,233.23,230.02,114.25264471
2019-07-06 22:00:00,228.23,233.0,230.02,229.51,47.96258333
2019-07-06 23:00:00,228.29,230.23,229.44,228.29,160.45167538
2019-07-07 00:00:00,227.0,230.49,228.2,230.44,41.78881964
2019-07-07 01:00:00,229.41,232.99,229.99,230.01,302.03581524
2019-07-07 02:00:00,228.45,229.69,229.53,228.59,70.62716909
2019-07-07 03:00:00,229.4,230.29,229.67,229.4,9.81212619
2019-07-07 04:00:00,229.69,231.03,230.16,230.22,7.69982799
2019-07-07 05:00:00,230.08,230.5,230.49,230.5,10.39647119
2019-07-07 06:00:00,229.28,230.5,230.03,230.49,7.9215528
2019-07-07 07:00:00,229.65,230.86,229.94,230.22,30.99802729
2019-07-07 08:00:00,228.77,230.7,230.25,230.15,125.11592687
2019-07-07 09:00:00,229.06,231.0,230.16,230.89,111.30255681
2019-07-07 10:00:00,229.79,230.99,230.07,230.41,46.14891765
2019-07-07 11:00:00,230.09,235.4,230.41,235.13,133.38409835
2019-07-07 12:00:00,234.33,236.83,235.08,235.3,138.42964528
2019-07-07 13:00:00,234.6,236.17,235.25,234.94,168.12411775
2019-07-07 14:00:00,234.22,236.23,236.01,234.22,31.95171883
2019-07-07 15:00:00,232.25,235.34,234.22,232.52,72.35728386
2019-07-07 16:00:00,232.01,234.39,233.04,234.39,44.13983478
2019-07-07 17:00:00,233.66,246.5,233.66,245.64,464.92877477
2019-07-07 18:00:00,243.25,247.33,245.91,244.08,361.53888633
2019-07-07 19:00:00,243.68,246.91,244.59,246.29,216.00734918
2019-07-07 20:00:00,243.52,247.0,245.54,244.26,109.44177787
2019-07-07 21:00:00,244.31,245.66,244.32,245.25,112.83296441
2019-07-07 22:00:00,243.31,248.24,245.25,245.03,448.60566099
2019-07-07 23:00:00,244.0,245.53,245.15,245.27,112.0895966
2019-07-08 00:00:00,242.26,246.6,245.64,242.28,153.43283278
2019-07-08 01:00:00,242.34,244.79,243.2,243.31,23.49571512
2019-07-08 02:00:00,242.23,244.27,244.01,242.23,28.18935341
2019-07-08 03:00:00,242.49,243.4,243.07,243.4,7.76998284
2019-07-08 04:00:00,243.0,244.55,243.68,243.49,39.30274299
2019-07-08 05:00:00,242.6,244.36,244.36,242.72,15.55825723
2019-07-08 06:00:00,241.54,244.12,242.67,243.35,82.14537364
2019-07-08 07:00:00,243.04,246.67,243.85,245.72,83.06249015
2019-07-08 08:00:00,244.26,247.75,245.79,247.75,361.96595873
2019-07-08 09:00:00,246.79,248.99,247.75,247.99,284.80256509
2019-07-08 10:00:00,246.16,247.99,247.21,247.49,223.78681342
2019-07-08 11:00:00,245.14,247.11,246.76,246.48,156.43647697
2019-07-08 12:00:00,243.86,246.55,246.44,244.41,91.07858326
2019-07-08 13:00:00,244.0,247.85,244.97,246.38,126.71012916
2019-07-08 14:00:00,245.68,247.07,246.7,247.01,177.50384127
2019-07-08 15:00:00,245.26,247.44,246.22,246.64,125.38298222
2019-07-08 16:00:00,244.33,248.12,246.58,245.45,177.38226653
2019-07-08 17:00:00,244.35,246.86,245.45,245.1,74.95710054
2019-07-08 18:00:00,244.35,245.87,245.86,244.88,78.86906987
2019-07-08 19:00:00,244.82,248.3,244.87,247.71,117.0310812
2019-07-08 20:00:00,246.31,249.69,248.2,248.64,137.7184853
2019-07-08 21:00:00,247.04,249.35,248.0,248.79,166.97079664
2019-07-08 22:00:00,247.88,251.2,248.88,250.24,517.93168044
2019-07-08 23:00:00,249.38,251.39,250.5,250.42,59.95884078
2019-07-09 00:00:00,248.01,250.61,250.61,248.1,119.18385572
2019-07-09 01:00:00,248.83,250.65,248.98,250.03,138.69681581
2019-07-09 02:00:00,250.04,253.74,250.04,251.35,91.68120812
2019-07-09 03:00:00,250.47,252.89,251.65,251.25,66.20837215
2019-07-09 04:00:00,250.32,252.77,251.94,251.62,36.900611
2019-07-09 05:00:00,250.7,252.86,252.78,252.68,262.85216736
2019-07-09 06:00:00,251.44,254.66,251.57,254.51,159.78658969
2019-07-09 07:00:00,248.35,254.83,254.62,249.19,146.89208224
2019-07-09 08:00:00,249.19,251.21,249.19,250.07,116.41562795
2019-07-09 09:00:00,250.14,252.6,250.94,252.35,113.20119188
2019-07-09 10:00:00,249.03,252.23,251.76,250.29,255.35453918
2019-07-09 11:00:00,249.14,250.99,249.5,249.41,75.63009664
2019-07-09 12:00:00,249.19,250.48,249.41,250.37,81.96736744
2019-07-09 13:00:00,248.93,251.0,250.41,249.2,90.90758116
2019-07-09 14:00:00,247.07,250.86,249.88,247.83,175.69797394
2019-07-09 15:00:00,245.51,248.66,247.13,247.9,392.44209353
2019-07-09 16:00:00,247.92,249.56,248.28,248.69,44.62149097
2019-07-09 17:00:00,248.01,249.54,248.8,248.54,130.18034302
2019-07-09 18:00:00,248.0,250.0,249.2,248.1,82.58362464
2019-07-09 19:00:00,244.2,248.9,248.3,246.87,331.71527657
2019-07-09 20:00:00,242.75,246.4,246.4,244.07,167.9953449
2019-07-09 21:00:00,243.81,248.57,243.85,246.16,108.65729482
2019-07-09 22:00:00,246.11,248.1,246.18,246.85,68.33836238
2019-07-09 23:00:00,246.6,248.8,246.85,246.95,106.66339499
2019-07-10 00:00:00,246.82,250.9,246.82,250.1,115.76771943
2019-07-10 01:00:00,249.45,250.77,250.57,250.01,1.98249479
2019-07-10 02:00:00,250.12,251.96,250.12,251.72,140.24552602
2019-07-10 03:00:00,250.0,251.96,251.95,250.29,57.97785043
2019-07-10 04:00:00,248.1,250.39,250.0,249.45,36.93971668
2019-07-10 05:00:00,248.48,249.99,249.22,249.77,118.37331729
2019-07-10 06:00:00,247.07,249.55,249.01,247.19,103.47159409
2019-07-10 07:00:00,246.2,248.12,248.12,246.2,77.80178696
2019-07-10 08:00:00,246.0,246.93,246.77,246.84,109.55921147
2019-07-10 09:00:00,246.29,248.51,246.85,246.32,105.31308778
2019-07-10 10:00:00,246.42,248.67,246.8,247.08,305.98425087
2019-07-10 11:00:00,246.46,248.64,247.09,246.6,133.61632952
2019-07-10 12:00:00,245.29,247.9,247.24,245.88,156.69417732
2019-07-10 13:00:00,245.69,248.0,246.58,247.14,146.12222691
2019-07-10 14:00:00,235.2,247.69,246.6,235.2,557.52877137
2019-07-10 15:00:00,228.0,239.0,235.0,231.26,1224.92653266
2019-07-10 16:00:00,226.6,232.37,230.26,228.65,1031.25895676
2019-07-10 17:00:00,227.17,231.59,228.48,230.26,296.97399613
2019-07-10 18:00:00,228.4,230.87,230.87,228.41,317.11263598
2019-07-10 19:00:00,228.06,231.77,229.04,230.1,289.66900163
2019-07-10 20:00:00,227.78,231.12,230.64,230.12,196.83474675
2019-07-10 21:00:00,227.5,231.55,229.07,230.06,216.88861869
2019-07-10 22:00:00,229.0,231.52,230.19,231.52,190.30435301
2019-07-10 23:00:00,230.28,231.52,231.5,230.45,54.82155246
2019-07-11 00:00:00,225.61,230.71,230.0,228.01,262.07654165
2019-07-11 01:00:00,226.19,228.84,227.59,228.09,67.38601837
2019-07-11 02:00:00,227.41,229.79,228.26,229.79,20.41494969
2019-07-11 03:00:00,225.6,229.31,229.03,225.89,170.82179539
2019-07-11 04:00:00,208.51,226.29,225.5,215.0,928.33667098
2019-07-11 05:00:00,212.16,217.79,215.0,216.91,291.19111465
2019-07-11 06:00:00,215.29,219.4,216.13,219.4,353.78600932
2019-07-11 07:00:00,216.4,219.96,219.02,219.94,234.31197385
2019-07-11 08:00:00,216.0,219.88,219.42,217.1,428.40332142
2019-07-11 09:00:00,216.29,218.83,216.29,217.48,257.53376312
2019-07-11 10:00:00,214.0,218.57,218.36,216.75,267.41105951
2019-07-11 11:00:00,215.7,219.09,216.75,217.69,302.63920888
2019-07-11 12:00:00,216.15,219.25,218.4,216.6,231.98291846
2019-07-11 13:00:00,216.11,218.34,216.6,216.2,81.33372324
2019-07-11 14:00:00,216.17,218.5,216.2,218.5,192.78360266
2019-07-11 15:00:00,214.0,219.38,218.5,216.09,420.30542008
2019-07-11 16:00:00,214.2,220.9,214.79,219.22,375.52490014
2019-07-11 17:00:00,217.43,220.06,218.41,218.23,196.00281574
2019-07-11 18:00:00,217.51,219.55,218.16,218.99,104.4985141
2019-07-11 19:00:00,217.46,219.56,219.04,218.24,97.66288696
2019-07-11 20:00:00,210.26,218.8,218.64,213.72,358.08307625
2019-07-11 21:00:00,211.51,215.73,213.65,215.42,166.49872887
2019-07-11 22:00:00,213.62,216.49,214.63,214.66,232.5787266
2019-07-11 23:00:00,212.51,215.83,213.85,215.79,497.23931967
2019-07-12 00:00:00,213.45,218.9,215.79,216.94,72.2703193
2019-07-12 01:00:00,216.31,218.49,217.86,216.31,19.73540099
2019-07-12 02:00:00,215.66,217.66,216.76,215.76,14.86810848
2019-07-12 03:00:00,213.25,216.82,216.74,214.53,24.86557348
2019-07-12 04:00:00,214.6,216.05,215.3,214.94,13.1546421
2019-07-12 05:00:00,214.51,216.92,215.29,216.3,28.30032242
2019-07-12 06:00:00,215.32,216.89,216.16,216.21,60.06014758
2019-07-12 07:00:00,216.93,220.08,216.93,218.67,270.81497371
2019-07-12 08:00:00,217.8,221.24,218.02,220.01,116.61561398
2019-07-12 09:00:00,220.32,222.86,220.45,222.14,157.29112607
2019-07-12 10:00:00,220.99,223.63,222.14,220.99,253.58977224
2019-07-12 11:00:00,220.4,221.98,220.99,221.05,63.31787376
2019-07-12 12:00:00,218.6,221.29,221.29,220.19,162.03605729
2019-07-12 13:00:00,219.39,221.17,221.17,220.04,226.59532846
2019-07-12 14:00:00,216.54,221.39,220.71,218.29,198.77359049
2019-07-12 15:00:00,216.15,218.32,217.74,216.8,146.92661095
2019-07-12 16:00:00,217.18,219.5,217.18,218.14,74.52645044
2019-07-12 17:00:00,217.42,219.53,218.29,219.53,53.84478544
2019-07-12 18:00:00,216.96,221.39,219.54,218.77,442.25927598
2019-07-12 19:00:00,216.52,219.43,219.06,218.7,190.23074749
2019-07-12 20:00:00,218.29,221.4,218.74,221.06,424.04302193
2019-07-12 21:00:00,219.5,221.05,221.05,219.5,76.21310815
2019-07-12 22:00:00,218.54,220.01,219.7,218.6,58.28807582
2019-07-12 23:00:00,218.69,220.8,219.05,220.01,96.07142433
2019-07-13 00:00:00,218.86,220.49,219.31,219.07,36.65211587
2019-07-13 01:00:00,218.0,219.46,218.89,218.0,25.96521826
2019-07-13 02:00:00,217.29,219.14,217.97,217.29,1.68183152
2019-07-13 03:00:00,216.44,218.01,217.91,216.68,19.71608344
2019-07-13 04:00:00,216.71,217.85,217.26,217.18,5.85036115
2019-07-13 05:00:00,216.38,218.76,217.22,217.21,22.00495158
2019-07-13 06:00:00,215.21,216.9,216.9,215.21,33.69447244
2019-07-13 07:00:00,215.2,217.35,215.2,215.54,221.22889367
2019-07-13 08:00:00,215.32,217.17,216.14,216.45,89.18848723
2019-07-13 09:00:00,215.53,217.35,216.53,215.53,34.09142337
2019-07-13 10:00:00,213.02,215.87,215.44,214.91,445.80698536
2019-07-13 11:00:00,212.0,215.15,214.59,212.86,155.28292256
2019-07-13 12:00:00,212.26,214.75,212.89,213.23,81.10907553
2019-07-13 13:00:00,213.47,217.36,213.9,215.69,115.14301247
2019-07-13 14:00:00,215.02,217.6,216.05,215.9,64.52128982
2019-07-13 15:00:00,215.19,217.33,215.19,215.85,99.52535632
2019-07-13 16:00:00,215.1,217.53,216.4,215.19,54.8420153
2019-07-13 17:00:00,215.01,216.9,215.52,215.09,41.56712621
2019-07-13 18:00:00,212.01,215.11,215.0,212.99,88.89011779
2019-07-13 19:00:00,211.98,213.27,213.05,213.15,121.47670028
2019-07-13 20:00:00,210.47,213.19,212.38,210.89,149.34189475
2019-07-13 21:00:00,209.0,211.25,210.47,210.75,533.57855025
2019-07-13 22:00:00,210.54,214.62,211.49,212.85,48.45091585
2019-07-13 23:00:00,212.83,214.62,212.83,214.27,43.32618796
2019-07-14 00:00:00,214.24,215.14,214.63,214.89,26.15243005
2019-07-14 01:00:00,213.66,215.19,214.59,214.98,8.19962337
2019-07-14 02:00:00,213.85,215.17,214.47,213.85,3.80697664
2019-07-14 03:00:00,213.51,214.51,213.85,214.15,2.89365202
2019-07-14 04:00:00,213.41,213.42,213.41,213.41,2.04382669
2019-07-14 05:00:00,212.67,214.36,213.19,213.07,10.16941042
2019-07-14 06:00:00,213.01,214.82,213.07,213.01,15.72178372
2019-07-14 07:00:00,212.2,213.83,213.01,212.32,33.73741406
2019-07-14 08:00:00,212.19,214.57,212.62,212.6,40.56498603
2019-07-14 09:00:00,188.49,213.55,212.88,191.47,995.66555498
2019-07-14 10:00:00,192.17,199.39,196.48,195.26,1214.90993729
2019-07-14 11:00:00,192.18,198.19,195.13,195.72,336.3814927
2019-07-14 12:00:00,188.13,195.38,194.03,190.73,534.92051665
2019-07-14 13:00:00,188.22,193.75,190.35,189.47,338.10258329
2019-07-14 14:00:00,189.49,191.0,190.81,190.72,537.02710244
2019-07-14 15:00:00,178.68,190.94,189.57,185.45,2806.96596677
2019-07-14 16:00:00,184.38,190.39,186.1,188.91,622.17816588
2019-07-14 17:00:00,187.82,191.0,188.85,190.01,200.78392221
2019-07-14 18:00:00,185.1,190.32,190.06,187.9,134.86232779
2019-07-14 19:00:00,185.55,188.4,188.14,187.56,192.49594359
2019-07-14 20:00:00,185.75,190.61,187.71,189.33,607.4980203
2019-07-14 21:00:00,188.69,192.1,189.33,192.06,289.6868645
2019-07-14 22:00:00,187.08,192.25,191.81,187.08,129.85772273
2019-07-14 23:00:00,178.25,188.19,186.9,180.9,662.34533845
2019-07-15 00:00:00,162.07,181.24,180.42,170.25,452.97914597
2019-07-15 01:00:00,169.0,174.0,169.0,171.88,168.29128397
2019-07-15 02:00:00,170.5,173.94,172.43,173.94,108.9775473
2019-07-15 03:00:00,173.35,182.29,173.88,178.64,125.28112062
2019-07-15 04:00:00,175.38,179.95,177.26,175.45,104.00510254
2019-07-15 05:00:00,173.79,177.42,177.0,177.26,138.60203776
2019-07-15 06:00:00,174.01,177.7,177.35,176.14,179.6038945
2019-07-15 07:00:00,177.1,182.37,177.89,181.04,388.44706847
2019-07-15 08:00:00,178.01,182.7,182.12,178.22,480.79655082
2019-07-15 09:00:00,176.87,182.99,178.0,180.7,627.09809238
2019-07-15 10:00:00,179.21,182.44,181.49,180.7,220.16016908
2019-07-15 11:00:00,180.18,183.45,180.9,181.06,287.98029961
2019-07-15 12:00:00,176.78,182.63,182.16,177.27,852.59637268
2019-07-15 13:00:00,176.73,181.63,177.27,180.51,295.0022514
2019-07-15 14:00:00,181.0,185.99,181.38,184.19,335.901189
2019-07-15 15:00:00,182.06,185.28,184.73,184.33,242.93295042
2019-07-15 16:00:00,182.42,187.6,185.39,187.25,183.93758235
2019-07-15 17:00:00,182.03,187.37,186.9,182.03,228.39641829
2019-07-15 18:00:00,178.35,189.09,182.0,188.81,240.3057969
2019-07-15 19:00:00,185.0,188.69,188.2,187.12,698.98378937
2019-07-15 20:00:00,184.3,187.8,186.03,185.7,254.64020094
2019-07-15 21:00:00,182.51,186.41,186.16,182.87,139.94125277
2019-07-15 22:00:00,182.36,187.41,182.86,186.33,366.26225654
2019-07-15 23:00:00,182.98,187.69,186.29,183.26,363.33810531
2019-07-16 00:00:00,184.01,187.37,184.49,186.13,129.01348542
2019-07-16 01:00:00,185.88,187.57,186.23,185.88,74.42905754
2019-07-16 02:00:00,182.39,185.87,185.87,182.39,7.28505396
2019-07-16 03:00:00,182.27,184.48,183.8,182.63,23.11693138
2019-07-16 04:00:00,181.22,183.87,182.04,183.47,29.97492649
2019-07-16 05:00:00,182.07,184.09,183.46,182.57,42.08566986
2019-07-16 06:00:00,182.29,184.62,182.91,183.37,99.43919089
2019-07-16 07:00:00,179.26,183.27,183.27,182.76,230.14219393
2019-07-16 08:00:00,181.0,184.14,181.91,184.14,106.32719772
2019-07-16 09:00:00,181.53,184.82,184.14,182.42,309.15754692
2019-07-16 10:00:00,181.0,182.95,182.03,181.53,106.78121473
2019-07-16 11:00:00,179.5,183.99,181.61,181.37,426.92545885
2019-07-16 12:00:00,176.29,181.73,181.36,177.96,132.70761163
2019-07-16 13:00:00,173.37,178.49,176.52,174.62,725.04367137
2019-07-16 14:00:00,173.17,176.57,173.36,175.65,174.00119913
2019-07-16 15:00:00,174.88,180.0,175.01,177.69,246.55375888
2019-07-16 16:00:00,165.86,176.0,176.0,166.01,935.32522178
2019-07-16 17:00:00,152.13,166.53,166.53,160.35,2290.9002772
2019-07-16 18:00:00,159.18,163.66,161.31,159.18,741.11752369
2019-07-16 19:00:00,159.63,166.03,160.88,165.79,545.45493866
2019-07-16 20:00:00,163.72,168.59,165.71,164.15,526.38413611
2019-07-16 21:00:00,159.59,168.47,164.14,165.16,465.22880907
2019-07-16 22:00:00,160.36,165.12,165.12,162.18,503.69073495
2019-07-16 23:00:00,158.02,162.13,160.99,160.32,253.81267333
2019-07-17 00:00:00,159.98,163.72,159.98,161.17,259.72618772
2019-07-17 01:00:00,160.65,162.23,161.65,160.78,62.47079358
2019-07-17 02:00:00,157.0,160.64,160.64,159.51,205.70916283
2019-07-17 03:00:00,159.07,161.7,160.64,159.25,148.83262465
2019-07-17 04:00:00,159.06,161.42,159.07,160.88,54.30952035
2019-07-17 05:00:00,159.96,163.63,161.29,162.78,57.78147938
2019-07-17 06:00:00,161.95,164.37,163.16,164.15,191.16590868
2019-07-17 07:00:00,162.05,165.0,163.73,165.0,93.8122924
2019-07-17 08:00:00,163.84,166.48,164.68,164.13,564.33195474
2019-07-17 09:00:00,162.79,165.41,165.16,163.1,128.65870562
2019-07-17 10:00:00,160.29,162.97,162.6,161.71,480.64629688
2019-07-17 11:00:00,155.13,162.43,161.22,158.1,344.62027217
2019-07-17 12:00:00,157.37,164.75,158.24,164.04,324.47390917
2019-07-17 13:00:00,162.36,165.0,164.31,164.22,165.02600012
2019-07-17 14:00:00,164.33,172.28,164.33,171.91,516.53032234
2019-07-17 15:00:00,169.32,174.43,171.25,172.62,600.79110833
2019-07-17 16:00:00,170.97,176.99,172.23,173.34,548.37445633
2019-07-17 17:00:00,170.07,176.99,173.34,174.48,521.9176224
2019-07-17 18:00:00,172.04,175.45,174.34,173.51,362.13047179
2019-07-17 19:00:00,170.06,175.05,174.57,170.72,188.32862331
2019-07-17 20:00:00,168.91,172.95,170.35,171.77,378.19133399
2019-07-17 21:00:00,170.75,175.43,171.75,174.38,423.96682067
2019-07-17 22:00:00,170.0,174.42,173.32,170.32,164.79265291
2019-07-17 23:00:00,169.0,170.98,170.46,170.82,47.22167472
2019-07-18 00:00:00,166.74,170.36,170.36,168.06,98.03411907
2019-07-18 01:00:00,168.22,172.37,168.22,170.96,156.05968556
2019-07-18 02:00:00,170.53,172.37,171.58,171.57,13.65372302
2019-07-18 03:00:00,169.38,171.64,171.11,171.03,15.61195137
2019-07-18 04:00:00,170.53,176.73,170.77,176.73,12.81782398
2019-07-18 05:00:00,174.34,176.71,175.44,174.99,126.05513087
2019-07-18 06:00:00,174.73,179.13,175.91,176.6,243.90516485
2019-07-18 07:00:00,173.67,176.6,176.6,173.67,78.43846966
2019-07-18 08:00:00,171.44,174.82,174.48,172.03,131.53448523
2019-07-18 09:00:00,171.51,174.34,172.02,172.98,94.35233846
2019-07-18 10:00:00,172.4,175.85,172.7,174.25,199.03590916
2019-07-18 11:00:00,173.0,175.22,174.59,173.81,110.31864338
2019-07-18 12:00:00,168.08,173.64,173.12,168.23,226.63643764
2019-07-18 13:00:00,166.47,170.35,168.08,168.32,385.19597588
2019-07-18 14:00:00,166.35,181.3,168.41,180.81,816.14339788
2019-07-18 15:00:00,178.19,183.11,180.7,180.62,1543.78394471
2019-07-18 16:00:00,178.04,184.78,179.86,180.57,1442.30924197
2019-07-18 17:00:00,179.5,181.94,180.68,180.24,146.97348704
2019-07-18 18:00:00,178.78,180.95,180.25,178.85,250.81373226
2019-07-18 19:00:00,177.59,179.88,178.6,178.72,329.67426214
2019-07-18 20:00:00,178.69,180.64,178.72,179.41,271.36677034
2019-07-18 21:00:00,178.88,180.35,179.43,179.75,85.80244482
2019-07-18 22:00:00,178.43,180.01,179.73,179.91,66.73441014
2019-07-18 23:00:00,179.34,183.4,180.06,179.78,422.41365711
2019-07-19 00:00:00,178.13,180.08,179.91,179.9,38.11101239
2019-07-19 01:00:00,177.31,180.44,179.57,177.98,30.75483858
2019-07-19 02:00:00,177.0,179.18,177.73,178.86,92.9201228
2019-07-19 03:00:00,176.97,179.26,179.1,177.74,40.14546608
2019-07-19 04:00:00,176.66,178.83,177.16,176.66,13.23367312
2019-07-19 05:00:00,175.68,177.94,177.35,177.65,58.91835637
2019-07-19 06:00:00,176.41,178.25,177.48,176.51,58.96726023
2019-07-19 07:00:00,176.24,179.67,176.46,179.67,99.45273229
2019-07-19 08:00:00,172.03,181.26,179.3,174.61,292.45695859
2019-07-19 09:00:00,172.78,175.47,174.47,174.31,304.82693166
2019-07-19 10:00:00,173.29,175.04,174.32,173.9,193.4491698
2019-07-19 11:00:00,172.19,175.38,174.44,172.67,182.41564725
2019-07-19 12:00:00,170.98,177.58,172.67,175.79,141.76432794
2019-07-19 13:00:00,170.3,175.56,175.31,173.21,317.06272175
2019-07-19 14:00:00,172.6,174.8,173.0,173.58,148.20579209
2019-07-19 15:00:00,173.5,175.6,174.36,174.53,78.24270784
2019-07-19 16:00:00,172.58,175.91,174.12,175.29,134.36319457
2019-07-19 17:00:00,174.78,175.96,175.27,175.5,74.08769467
2019-07-19 18:00:00,175.04,175.71,175.11,175.51,40.57004493
2019-07-19 19:00:00,174.54,175.92,175.1,175.26,35.33641691
2019-07-19 20:00:00,174.94,177.23,175.89,175.72,180.82952468
2019-07-19 21:00:00,175.81,178.0,176.55,177.66,75.94708124
2019-07-19 22:00:00,175.67,178.0,178.0,176.42,36.98841441
2019-07-19 23:00:00,176.2,178.85,176.49,178.85,111.93237231
2019-07-20 00:00:00,177.3,178.85,178.52,177.3,91.61118457
2019-07-20 00:00:00,177.3,178.85,178.52,177.3,91.61118457
2019-07-20 01:00:00,176.23,177.88,177.3,176.55,10.95929125
2019-07-20 02:00:00,176.3,181.27,177.12,181.27,131.3301924
2019-07-20 03:00:00,181.55,182.96,182.0,182.96,32.17287049
2019-07-20 04:00:00,181.8,183.21,182.33,182.44,48.99252055
2019-07-20 05:00:00,181.81,182.96,181.85,181.96,68.66626073
2019-07-20 06:00:00,181.54,182.1,181.8,182.1,22.83637015
2019-07-20 07:00:00,180.33,182.18,181.56,180.33,120.77026473
2019-07-20 08:00:00,179.98,182.24,180.35,180.26,104.4056284
2019-07-20 09:00:00,180.05,181.99,181.36,180.05,118.32671367
2019-07-20 10:00:00,180.02,181.95,180.48,181.81,67.02761473
2019-07-20 11:00:00,179.04,181.77,181.69,180.54,59.33274074
2019-07-20 12:00:00,180.02,181.65,180.92,180.27,105.46917705
2019-07-20 13:00:00,179.35,183.05,180.29,180.51,154.71006882
2019-07-20 14:00:00,180.2,181.54,180.66,181.13,49.76218944
2019-07-20 15:00:00,180.97,184.43,181.54,184.28,177.29532145
2019-07-20 16:00:00,184.26,188.72,184.26,188.56,301.74865521
2019-07-20 17:00:00,185.69,188.81,188.41,186.71,189.48017523
2019-07-20 18:00:00,186.07,187.36,186.73,186.4,169.73601177
2019-07-20 19:00:00,185.02,186.96,186.95,186.2,223.69647956
2019-07-20 20:00:00,185.09,186.5,185.72,185.11,107.07490125
2019-07-20 21:00:00,185.12,187.29,185.82,186.64,135.37450341
2019-07-20 22:00:00,185.57,187.96,187.29,186.26,65.79633927
2019-07-20 23:00:00,181.5,187.27,186.83,184.01,186.2671016
2019-07-21 00:00:00,182.29,184.08,183.2,183.19,26.62552524
2019-07-21 01:00:00,183.23,184.13,183.88,183.23,92.0245331
2019-07-21 02:00:00,180.0,183.2,183.2,180.0,105.53698332
2019-07-21 03:00:00,179.16,180.47,180.0,179.5,127.75557318
2019-07-21 04:00:00,179.68,181.52,179.68,181.52,3.61127284
2019-07-21 05:00:00,179.52,181.29,180.89,179.52,5.89017218
2019-07-21 06:00:00,179.67,181.41,180.79,179.67,10.86932197
2019-07-21 07:00:00,179.86,181.61,181.26,181.01,18.7602535
2019-07-21 08:00:00,180.76,182.86,181.31,182.34,37.55597473
2019-07-21 09:00:00,182.34,183.7,182.65,183.0,20.8205578
2019-07-21 10:00:00,180.5,182.91,182.33,181.11,167.81158756
2019-07-21 11:00:00,181.11,182.42,181.11,181.12,58.26017719
2019-07-21 12:00:00,178.5,182.19,181.11,180.01,126.87066906
2019-07-21 13:00:00,177.61,179.93,179.93,178.33,181.471517
2019-07-21 14:00:00,177.01,179.37,178.33,177.96,78.69483284
2019-07-21 15:00:00,176.0,179.36,177.79,178.43,558.30087694
2019-07-21 16:00:00,176.57,178.73,177.91,177.26,27.21017722
2019-07-21 17:00:00,174.01,177.17,177.17,175.99,200.4115651
2019-07-21 18:00:00,175.38,178.35,175.48,178.35,129.88564792
2019-07-21 19:00:00,175.47,178.21,178.17,176.42,54.94927753
2019-07-21 20:00:00,175.84,178.58,176.21,178.4,78.32439167
2019-07-21 21:00:00,178.43,181.45,178.43,180.58,218.19677571
2019-07-21 22:00:00,179.64,181.7,180.6,180.9,34.52614888
2019-07-21 23:00:00,179.38,181.2,180.77,181.2,123.02493122
2019-07-22 00:00:00,179.47,182.0,181.67,180.17,36.70460501
2019-07-22 01:00:00,180.06,181.09,180.81,180.07,8.12581629
2019-07-22 02:00:00,179.88,181.45,180.07,181.45,15.51247632
2019-07-22 04:00:00,179.69,180.99,180.99,180.28,7.97586979
2019-07-22 05:00:00,179.44,180.99,179.62,180.91,46.72060621
2019-07-22 06:00:00,179.63,181.43,180.91,179.63,4.9640444
2019-07-22 07:00:00,179.51,181.03,179.63,180.38,42.42696493
2019-07-22 08:00:00,179.85,181.16,180.83,180.33,115.67270211
2019-07-22 09:00:00,176.44,180.37,179.84,177.56,130.65848034
2019-07-22 10:00:00,175.66,178.78,176.69,178.62,52.67905008
2019-07-22 11:00:00,177.0,179.0,178.63,178.38,58.08929812
2019-07-22 12:00:00,177.0,179.0,178.81,178.86,101.99845105
2019-07-22 13:00:00,176.29,178.98,178.15,176.32,36.70048146
2019-07-22 14:00:00,172.2,178.32,176.29,173.09,181.66659283
2019-07-22 15:00:00,172.31,174.29,172.5,172.86,245.07929928
2019-07-22 16:00:00,171.84,172.85,172.44,171.84,46.72835054
2019-07-22 17:00:00,171.54,173.83,172.38,173.79,114.29588586
2019-07-22 18:00:00,172.23,173.52,172.72,173.27,75.48593306
2019-07-22 19:00:00,170.22,173.33,172.9,171.6,204.90727698
2019-07-22 20:00:00,170.23,174.98,170.54,174.39,471.83783196
2019-07-22 21:00:00,173.45,175.0,175.0,173.76,118.02494627
2019-07-22 22:00:00,172.7,174.98,172.88,173.76,105.24014509
2019-07-22 23:00:00,173.19,174.68,173.76,174.47,17.16826818
2019-07-23 00:00:00,172.29,174.47,174.47,173.41,8.52587351
2019-07-23 01:00:00,172.29,173.05,173.05,172.78,4.63081956
2019-07-23 02:00:00,172.73,174.02,172.73,173.32,0.7240424
2019-07-23 03:00:00,173.63,174.6,173.89,174.6,1.53520394
2019-07-23 04:00:00,173.04,174.06,173.94,173.64,1.89827455
2019-07-23 05:00:00,171.37,174.34,174.34,171.67,103.7584054
2019-07-23 06:00:00,169.41,172.77,171.84,170.49,228.44261728
2019-07-23 07:00:00,170.2,172.69,171.0,171.08,198.72328999
2019-07-23 08:00:00,169.17,171.59,170.9,169.41,107.89385032
2019-07-23 09:00:00,168.0,169.71,169.66,169.3,208.11569711
2019-07-23 10:00:00,168.1,170.49,169.24,169.69,173.18029567
2019-07-23 11:00:00,169.28,170.76,170.73,170.01,116.53523706
2019-07-23 12:00:00,169.51,171.3,170.52,170.65,73.21520634
2019-07-23 13:00:00,167.94,170.34,170.34,168.92,215.21597551
2019-07-23 14:00:00,167.77,170.27,169.63,169.57,93.75905841
2019-07-23 15:00:00,168.29,171.23,169.92,168.29,79.75417325
2019-07-23 16:00:00,168.26,170.86,168.73,170.46,112.21830614
2019-07-23 17:00:00,169.46,170.9,169.69,170.89,75.54487885
2019-07-23 18:00:00,170.35,176.03,170.35,174.61,243.00513317
2019-07-23 19:00:00,174.14,175.4,175.0,174.84,87.06528557
2019-07-23 20:00:00,174.92,175.97,175.2,175.02,64.52682815
2019-07-23 21:00:00,174.03,175.97,175.37,174.31,216.67606552
2019-07-23 22:00:00,173.48,175.67,175.3,173.48,74.2193152
2019-07-23 23:00:00,170.35,173.82,173.31,170.35,164.81544934
2019-07-24 00:00:00,161.72,171.03,171.03,164.48,262.93548469
2019-07-24 01:00:00,165.26,169.75,166.09,165.66,169.82144392
2019-07-24 02:00:00,163.26,165.46,164.8,165.46,31.13012036
2019-07-24 03:00:00,164.47,166.28,165.01,166.28,33.86316348
2019-07-24 04:00:00,163.51,169.99,164.88,164.0,239.52257778
2019-07-24 05:00:00,164.37,166.02,164.37,165.92,134.99894433
2019-07-24 06:00:00,165.1,166.93,165.1,165.75,86.1659633
2019-07-24 07:00:00,165.38,166.31,165.88,165.92,187.50263434
2019-07-24 08:00:00,165.39,167.25,165.92,166.92,102.4283597
2019-07-24 09:00:00,166.49,167.64,166.54,167.39,101.62109861
2019-07-24 10:00:00,165.57,167.99,167.27,165.57,340.89129606
2019-07-24 11:00:00,164.41,166.85,165.57,166.2,140.31389581
2019-07-24 12:00:00,165.32,167.19,166.2,165.92,255.93999331
2019-07-24 13:00:00,166.03,167.13,167.1,166.18,62.98994206
2019-07-24 14:00:00,165.7,172.31,166.63,171.64,104.71893435
2019-07-24 15:00:00,170.96,173.52,172.27,173.26,142.98611253
2019-07-24 16:00:00,166.35,173.15,173.14,167.39,524.39033675
2019-07-24 17:00:00,166.75,169.58,167.39,169.26,191.78228426
2019-07-24 18:00:00,168.55,170.62,168.57,168.74,73.0758643
2019-07-24 19:00:00,168.19,170.61,168.81,169.23,53.07397808
2019-07-24 20:00:00,169.59,172.91,169.59,172.91,125.82351126
2019-07-24 21:00:00,171.84,174.5,172.22,173.57,151.75885032
2019-07-24 22:00:00,172.01,174.41,174.23,172.76,173.04874675
2019-07-24 23:00:00,172.23,174.5,172.78,173.26,47.84826408
2019-07-25 00:00:00,173.06,181.16,174.1,179.37,116.3357515
2019-07-25 01:00:00,177.89,179.56,178.13,178.51,37.70399711
2019-07-25 02:00:00,178.13,178.9,178.79,178.8,56.66061247
2019-07-25 03:00:00,177.29,179.29,178.92,178.46,53.65930455
2019-07-25 04:00:00,177.18,178.7,177.84,177.21,267.95531373
2019-07-25 05:00:00,176.86,178.51,176.99,177.8,76.63048494
2019-07-25 06:00:00,176.97,178.75,177.8,178.75,506.2315734
2019-07-25 07:00:00,176.84,179.19,178.75,177.75,181.08781926
2019-07-25 08:00:00,176.81,178.98,177.45,178.77,66.5747442
2019-07-25 09:00:00,177.82,179.61,177.9,178.07,346.64038003
2019-07-25 10:00:00,177.47,178.97,178.04,178.63,129.45040445
2019-07-25 11:00:00,177.57,179.1,178.44,178.6,123.65854285
2019-07-25 12:00:00,178.04,179.93,178.6,179.3,214.34082346
2019-07-25 13:00:00,174.94,179.71,179.32,175.82,208.20616688
2019-07-25 14:00:00,175.9,177.96,176.3,177.13,101.115622
2019-07-25 15:00:00,176.57,177.95,177.42,177.02,30.3221622
2019-07-25 16:00:00,176.58,179.46,177.99,177.52,154.66139856
2019-07-25 17:00:00,177.29,178.74,177.55,177.82,50.79878669
2019-07-25 18:00:00,177.48,178.59,178.34,178.27,109.37642448
2019-07-25 19:00:00,174.22,178.14,177.51,175.1,62.16859659
2019-07-25 20:00:00,174.4,175.85,175.13,175.69,31.62117017
2019-07-25 21:00:00,174.58,176.73,175.69,176.54,73.77681632
2019-07-25 22:00:00,175.75,177.77,176.72,176.22,24.28356343
2019-07-25 23:00:00,175.81,177.56,176.98,176.36,51.64196849
2019-07-26 00:00:00,172.97,176.49,175.67,173.57,200.71018972
2019-07-26 01:00:00,171.17,174.01,174.01,173.03,75.28160816
2019-07-26 02:00:00,172.39,173.04,172.63,172.49,7.13590315
2019-07-26 03:00:00,171.49,173.26,172.25,172.5,30.6114858
2019-07-26 04:00:00,172.35,173.37,172.48,173.3,34.37920494
2019-07-26 05:00:00,172.62,173.52,173.43,173.5,42.07086985
2019-07-26 06:00:00,172.0,173.23,172.48,172.14,16.81098971
2019-07-26 07:00:00,172.15,174.84,172.15,174.8,105.95475214
2019-07-26 08:00:00,173.6,175.19,174.8,174.66,201.17954437
2019-07-26 09:00:00,173.39,175.19,175.18,174.95,63.21017014
2019-07-26 10:00:00,173.66,174.95,174.94,174.45,76.28928931
2019-07-26 11:00:00,174.76,176.38,174.76,175.43,110.88784036
2019-07-26 12:00:00,174.02,176.2,175.47,175.0,111.99881158
2019-07-26 13:00:00,173.54,175.15,174.98,174.41,172.33462243
2019-07-26 14:00:00,173.7,175.2,175.07,174.38,131.707237
2019-07-26 15:00:00,173.81,175.53,174.79,174.51,123.91195248
2019-07-26 16:00:00,174.2,177.66,174.63,176.73,310.10867467
2019-07-26 17:00:00,175.87,177.64,176.73,177.07,247.56336757
2019-07-26 18:00:00,176.13,177.42,176.48,177.09,158.63211499
2019-07-26 19:00:00,177.13,178.0,177.71,178.0,70.78412878
2019-07-26 20:00:00,177.03,178.16,178.0,177.12,55.24629198
2019-07-26 21:00:00,175.17,177.33,177.03,176.04,45.88783607
2019-07-26 22:00:00,175.44,177.37,176.26,176.4,102.61144331
2019-07-26 23:00:00,175.78,178.0,175.98,176.79,15.67913209
2019-07-27 00:00:00,176.79,179.94,177.59,179.93,57.13265398
2019-07-27 01:00:00,179.01,180.0,179.93,179.52,21.43987144
2019-07-27 02:00:00,179.01,179.98,179.02,179.71,4.13524647
2019-07-27 03:00:00,178.99,180.0,179.99,179.65,11.13110367
2019-07-27 04:00:00,178.65,179.69,178.98,178.77,13.2505961
2019-07-27 05:00:00,177.77,178.76,178.29,177.97,22.35691485
2019-07-27 06:00:00,177.44,179.03,177.94,177.44,25.86432466
2019-07-27 07:00:00,177.15,178.67,177.71,177.79,32.92410542
2019-07-27 08:00:00,177.64,179.41,178.4,179.0,323.92830594
2019-07-27 09:00:00,176.9,178.98,177.86,176.9,222.36859104
2019-07-27 10:00:00,167.0,177.53,177.49,167.92,337.91860316
2019-07-27 11:00:00,166.36,169.38,167.92,167.26,466.66657084
2019-07-27 12:00:00,164.0,167.66,167.65,166.35,217.01117709
2019-07-27 13:00:00,165.5,168.09,166.26,166.32,406.09832269
2019-07-27 14:00:00,166.43,167.77,166.75,166.79,166.52007735
2019-07-27 15:00:00,165.88,167.79,166.74,166.85,105.45986894
2019-07-27 16:00:00,166.97,168.1,167.35,168.1,107.25323802
2019-07-27 17:00:00,167.41,169.85,167.98,168.89,125.67406598
2019-07-27 18:00:00,166.96,169.76,168.9,167.57,165.40473178
2019-07-27 19:00:00,167.51,169.05,168.52,167.72,26.52410923
2019-07-27 20:00:00,167.64,169.01,168.35,168.93,85.42161667
2019-07-27 21:00:00,168.07,169.78,168.46,169.55,46.21942239
2019-07-27 22:00:00,167.0,169.56,169.2,167.54,46.35731518
2019-07-27 23:00:00,166.84,167.85,167.53,166.84,34.55412274
2019-07-28 00:00:00,166.94,168.76,167.8,168.34,62.71721499
2019-07-28 01:00:00,166.93,168.64,167.25,167.52,20.71554721
2019-07-28 02:00:00,167.32,168.08,167.73,167.4,18.95485281
2019-07-28 03:00:00,167.23,168.23,167.26,167.42,10.20985233
2019-07-28 04:00:00,167.48,170.86,168.12,169.65,35.77427288
2019-07-28 05:00:00,168.98,170.51,170.51,169.75,11.83129927
2019-07-28 06:00:00,168.15,170.52,170.44,170.52,10.37841748
2019-07-28 07:00:00,168.41,170.55,170.21,168.41,60.93185211
2019-07-28 08:00:00,168.2,169.8,168.79,169.67,64.27893818
2019-07-28 09:00:00,168.26,170.44,169.71,168.26,21.40439936
2019-07-28 10:00:00,167.8,169.26,168.81,168.38,88.78391368
2019-07-28 11:00:00,168.16,170.29,168.71,169.55,105.91239677
2019-07-28 12:00:00,168.44,170.09,169.22,169.53,45.92928457
2019-07-28 13:00:00,168.13,169.68,169.16,168.41,68.00410968
2019-07-28 14:00:00,168.23,169.48,169.08,168.63,55.7833759
2019-07-28 15:00:00,168.0,169.41,168.46,169.12,67.64671689
2019-07-28 16:00:00,168.02,169.58,168.66,168.62,65.88411398
2019-07-28 17:00:00,168.19,169.25,168.62,169.03,62.1473919
2019-07-28 18:00:00,168.2,169.88,169.88,169.01,68.17494831
2019-07-28 19:00:00,167.9,169.82,168.49,168.91,437.46239776
2019-07-28 20:00:00,168.0,168.99,168.79,168.69,104.57727212
2019-07-28 21:00:00,165.5,168.69,168.5,165.5,171.19242401
2019-07-28 22:00:00,161.0,170.0,165.49,167.68,306.45641607
2019-07-28 23:00:00,167.74,172.83,168.43,171.73,125.7756678
2019-07-29 00:00:00,169.35,171.44,170.88,170.46,4.95300841
2019-07-29 01:00:00,169.88,173.62,169.88,172.31,92.07671075
2019-07-29 03:00:00,171.82,172.6,172.6,171.99,9.48153529
2019-07-29 04:00:00,172.19,172.77,172.77,172.19,14.8342519
2019-07-29 05:00:00,171.07,172.2,172.2,171.16,25.09107862
2019-07-29 06:00:00,170.77,171.64,171.62,171.41,17.23097479
2019-07-29 07:00:00,170.79,172.51,171.34,172.47,108.64162085
2019-07-29 08:00:00,170.85,172.62,172.01,171.71,108.99305771
2019-07-29 09:00:00,167.35,171.85,171.6,169.06,115.1483855
2019-07-29 10:00:00,168.37,170.34,168.89,170.15,76.27162402
2019-07-29 11:00:00,169.04,170.24,169.7,169.1,37.07549687
2019-07-29 12:00:00,169.06,170.99,169.11,170.99,37.31308129
2019-07-29 13:00:00,170.26,171.69,171.0,171.59,134.49841116
2019-07-29 14:00:00,169.73,171.62,170.71,171.04,90.72098698
2019-07-29 15:00:00,170.32,171.93,170.53,171.25,81.22394424
2019-07-29 16:00:00,169.97,173.09,171.0,172.22,193.15506304
2019-07-29 17:00:00,171.0,172.6,172.59,171.22,192.99737487
2019-07-29 18:00:00,171.0,172.27,171.84,171.52,63.58546697
2019-07-29 19:00:00,170.87,172.0,171.97,171.85,113.27572595
2019-07-29 20:00:00,170.81,173.0,171.34,173.0,88.09401123
2019-07-29 21:00:00,172.4,173.95,172.72,172.41,139.43873018
2019-07-29 22:00:00,171.67,172.99,172.1,172.97,49.27858766
2019-07-29 23:00:00,172.12,173.0,172.97,172.3,17.79022608
2019-07-30 00:00:00,172.12,172.7,172.55,172.2,14.09639138
2019-07-30 01:00:00,171.0,172.24,172.12,171.48,21.14541999
2019-07-30 02:00:00,168.03,171.73,171.14,169.13,152.0462764
2019-07-30 03:00:00,169.12,170.34,169.12,170.34,8.93409841
2019-07-30 04:00:00,169.51,170.67,170.3,170.29,63.13107208
2019-07-30 05:00:00,169.36,170.81,170.8,170.29,19.46903396
2019-07-30 06:00:00,170.16,171.25,171.01,171.25,56.2214338
2019-07-30 07:00:00,170.25,171.53,171.25,171.1,164.01027647
2019-07-30 08:00:00,170.54,171.88,171.19,170.59,124.11695711
2019-07-30 09:00:00,170.0,171.11,171.04,170.05,36.43279975
2019-07-30 10:00:00,170.01,171.57,170.67,170.69,155.49272068
2019-07-30 11:00:00,170.88,172.58,170.88,171.99,190.60485906
2019-07-30 12:00:00,171.22,172.61,172.04,171.93,59.09650474
2019-07-30 13:00:00,171.04,172.39,172.17,172.18,29.18495148
2019-07-30 14:00:00,171.67,172.72,172.25,172.64,86.89923985
2019-07-30 15:00:00,172.23,176.74,172.23,174.8,390.48551428
2019-07-30 16:00:00,174.12,176.16,175.29,174.58,228.978158
2019-07-30 17:00:00,173.42,174.79,174.72,174.39,106.96287625
2019-07-30 18:00:00,173.75,174.88,173.94,174.49,42.3777544
2019-07-30 19:00:00,172.99,174.95,174.23,173.95,65.48598852
2019-07-30 20:00:00,172.03,174.0,173.41,172.71,123.76808093
2019-07-30 21:00:00,171.67,173.31,172.03,173.2,184.08564915
2019-07-30 22:00:00,172.07,173.77,172.99,172.59,68.0145397
2019-07-30 23:00:00,172.04,173.74,173.03,172.63,37.32592818
2019-07-31 00:00:00,172.73,175.31,172.86,174.97,60.3135644
2019-07-31 01:00:00,174.26,175.3,174.51,174.26,5.86155737
2019-07-31 02:00:00,174.16,174.77,174.7,174.5,9.41877357
2019-07-31 03:00:00,173.78,174.68,173.93,173.78,25.86451054
2019-07-31 04:00:00,173.57,174.71,174.69,174.59,50.96348808
2019-07-31 05:00:00,174.16,175.24,174.59,174.47,56.20016341
2019-07-31 06:00:00,174.41,176.09,174.41,175.77,53.16386139
2019-07-31 07:00:00,173.91,175.76,175.26,174.66,70.34062721
2019-07-31 08:00:00,174.54,175.76,175.01,174.72,160.82912792
2019-07-31 09:00:00,174.22,175.29,174.68,174.88,131.05769442
2019-07-31 10:00:00,174.64,175.72,175.54,175.72,124.35945265
2019-07-31 11:00:00,174.76,175.78,175.77,175.4,108.15560873
2019-07-31 12:00:00,174.87,178.5,174.88,177.3,221.69584996
2019-07-31 13:00:00,176.41,177.54,176.94,177.46,151.57669099
2019-07-31 14:00:00,176.54,178.0,177.9,176.99,233.01840675
2019-07-31 15:00:00,176.97,178.33,177.55,177.72,107.63910667
2019-07-31 16:00:00,176.71,178.78,177.75,176.9,144.97945256
2019-07-31 17:00:00,176.32,177.7,176.81,177.06,102.88771372
2019-07-31 18:00:00,176.05,177.75,176.46,176.98,139.07003304
2019-07-31 19:00:00,176.85,177.81,177.5,177.56,106.45493984
2019-07-31 20:00:00,176.87,178.5,177.27,177.61,135.04095586
2019-07-31 21:00:00,176.86,177.92,177.12,177.83,78.94918774
2019-07-31 22:00:00,176.94,178.36,178.01,178.05,83.97077711
2019-07-31 23:00:00,177.64,180.67,178.06,179.54,239.007009
2019-08-01 00:00:00,178.63,180.87,180.07,179.47,31.66101716
2019-08-01 01:00:00,175.19,179.21,178.73,175.63,192.4043441
2019-08-01 02:00:00,175.66,177.16,175.66,176.57,14.31964063
2019-08-01 03:00:00,176.01,176.65,176.65,176.01,8.47489436
2019-08-01 04:00:00,175.45,176.74,176.0,176.36,11.5693015
2019-08-01 05:00:00,175.28,176.71,175.85,176.11,47.89772727
2019-08-01 06:00:00,175.0,176.4,176.06,176.05,103.41531161
2019-08-01 07:00:00,175.67,176.78,175.76,176.78,179.72705595
2019-08-01 08:00:00,175.41,176.82,176.3,175.57,82.22589202
2019-08-01 09:00:00,174.75,176.33,175.52,175.87,54.92354659
2019-08-01 10:00:00,175.35,176.4,175.81,176.36,107.44442465
2019-08-01 11:00:00,175.32,176.77,175.77,176.77,129.73494245
2019-08-01 12:00:00,176.07,177.4,176.11,176.63,113.31144821
2019-08-01 13:00:00,176.05,177.39,176.57,176.11,90.49589648
2019-08-01 14:00:00,175.01,176.5,176.13,175.61,126.54521255
2019-08-01 15:00:00,175.0,176.44,175.05,175.52,105.30388168
2019-08-01 16:00:00,175.48,176.87,175.6,175.97,79.8799133
2019-08-01 17:00:00,175.48,176.7,176.45,176.7,90.28373098
2019-08-01 18:00:00,176.27,177.66,176.31,177.63,200.48045052
2019-08-01 19:00:00,176.73,178.82,176.77,178.49,185.65616611
2019-08-01 20:00:00,178.0,179.96,178.5,179.7,471.43550825
2019-08-01 21:00:00,178.42,179.94,179.18,178.86,201.95495711
2019-08-01 22:00:00,178.57,180.32,178.97,179.45,92.12104839
2019-08-01 23:00:00,178.86,179.95,179.41,179.95,84.72257644
2019-08-02 00:00:00,177.61,179.94,179.94,177.94,116.89061433
2019-08-02 01:00:00,178.39,179.34,178.64,179.34,63.53927223
2019-08-02 02:00:00,178.57,179.53,178.76,178.61,23.31092642
2019-08-02 03:00:00,178.52,179.1,178.81,179.09,22.62063802
2019-08-02 04:00:00,178.45,179.35,178.45,178.52,18.22709645
2019-08-02 05:00:00,178.34,179.55,178.45,179.55,26.19214038
2019-08-02 06:00:00,179.0,182.56,179.43,181.55,96.13781113
2019-08-02 07:00:00,181.79,184.19,181.96,182.96,431.88359464
2019-08-02 08:00:00,180.72,183.45,182.44,182.21,117.89823194
2019-08-02 09:00:00,180.84,182.39,182.19,181.12,52.95363299
2019-08-02 10:00:00,180.49,182.3,180.83,181.72,183.88724454
2019-08-02 11:00:00,180.97,182.08,181.51,180.97,123.26655298
2019-08-02 12:00:00,180.44,181.53,181.07,181.07,57.51661617
2019-08-02 13:00:00,181.0,182.01,181.3,181.53,403.81418818
2019-08-02 14:00:00,181.0,182.0,181.75,181.99,69.60937208
2019-08-02 15:00:00,180.86,182.0,181.64,180.86,104.57740092
2019-08-02 16:00:00,177.23,182.0,181.38,177.92,274.17497709
2019-08-02 17:00:00,178.03,179.34,178.33,179.11,132.59856901
2019-08-02 18:00:00,178.36,179.79,179.1,179.1,216.79291814
2019-08-02 19:00:00,178.0,179.24,178.31,178.72,92.07098178
2019-08-02 20:00:00,176.29,179.29,178.32,176.85,298.39912725
2019-08-02 21:00:00,176.58,178.89,177.54,178.06,84.41375453
2019-08-02 22:00:00,177.75,179.28,178.48,178.64,52.9139033
2019-08-02 23:00:00,178.55,179.73,178.72,178.84,38.48529704
2019-08-03 00:00:00,178.27,179.59,178.75,178.27,22.65556193
2019-08-03 01:00:00,178.31,180.54,178.42,180.21,13.32112362
2019-08-03 02:00:00,180.28,184.95,180.28,182.71,125.32553804
2019-08-03 03:00:00,181.94,183.42,183.42,182.2,37.33182913
2019-08-03 04:00:00,182.22,183.47,182.22,183.25,10.48099588
2019-08-03 05:00:00,182.21,183.37,183.28,182.42,55.34968581
2019-08-03 06:00:00,182.45,183.58,183.05,182.98,36.92885831
2019-08-03 07:00:00,182.22,184.1,182.76,183.0,60.58517714
2019-08-03 08:00:00,182.21,183.65,183.46,182.52,50.60720816
2019-08-03 09:00:00,181.84,182.97,182.58,182.7,65.226481
2019-08-03 10:00:00,182.03,183.74,182.11,183.43,62.62020817
2019-08-03 11:00:00,182.62,183.65,182.83,182.66,45.60384031
2019-08-03 12:00:00,182.11,183.65,183.3,183.11,53.06565105
2019-08-03 13:00:00,182.39,183.71,182.54,182.71,37.99405571
2019-08-03 14:00:00,182.46,183.62,182.72,183.34,81.82322305
2019-08-03 15:00:00,180.21,183.29,182.81,180.35,140.45186224
2019-08-03 16:00:00,180.49,182.87,180.49,182.37,68.92662506
2019-08-03 17:00:00,181.45,182.61,181.81,182.51,51.84521239
2019-08-03 18:00:00,181.7,183.35,181.88,181.89,94.88117062
2019-08-03 19:00:00,181.87,182.86,182.65,182.52,21.84011007
2019-08-03 20:00:00,182.3,182.99,182.84,182.66,44.48363347
2019-08-03 21:00:00,181.32,182.67,182.3,181.81,38.08474469
2019-08-03 22:00:00,181.3,182.73,181.82,182.02,155.15683186
2019-08-03 23:00:00,181.68,182.88,182.58,182.15,13.07415111
2019-08-04 00:00:00,182.41,183.58,182.88,183.36,5.84539354
2019-08-04 01:00:00,182.17,183.43,182.68,182.17,31.50433228
2019-08-04 02:00:00,181.01,183.08,182.68,181.08,20.39333655
2019-08-04 03:00:00,179.86,182.07,181.16,180.3,23.50334461
2019-08-04 04:00:00,178.52,180.67,180.67,179.16,39.26056674
2019-08-04 05:00:00,178.72,179.5,179.32,179.04,7.80999866
2019-08-04 06:00:00,179.14,179.99,179.3,179.5,31.05482071
2019-08-04 07:00:00,179.1,180.08,179.95,179.41,26.01859083
2019-08-04 08:00:00,179.1,180.33,179.1,179.89,17.46763506
2019-08-04 09:00:00,179.2,180.34,179.46,180.34,53.35323507
2019-08-04 10:00:00,179.36,180.57,179.7,179.81,60.42031749
2019-08-04 11:00:00,179.23,180.75,179.7,179.25,70.06255723
2019-08-04 12:00:00,179.33,180.98,179.99,179.94,69.18155051
2019-08-04 13:00:00,179.21,180.68,179.9,179.88,57.17839869
2019-08-04 14:00:00,179.91,181.95,180.01,181.1,47.41544302
2019-08-04 15:00:00,181.12,182.79,181.64,182.37,117.78749269
2019-08-04 16:00:00,180.82,182.21,182.01,181.01,50.4368198
2019-08-04 17:00:00,180.81,181.97,181.42,181.28,92.46197428
2019-08-04 18:00:00,181.0,182.02,181.22,182.0,88.54909226
2019-08-04 19:00:00,181.1,182.18,181.57,182.05,67.06390256
2019-08-04 20:00:00,181.41,182.85,182.01,182.5,96.28243358
2019-08-04 21:00:00,181.18,182.87,182.57,181.67,55.31038224
2019-08-04 22:00:00,181.82,183.59,182.44,183.49,45.18377275
2019-08-04 23:00:00,182.6,183.95,183.43,183.76,193.16403547
2019-08-05 00:00:00,183.33,186.96,183.44,186.96,331.50184005
2019-08-05 01:00:00,185.45,187.0,186.81,186.99,120.83227252
2019-08-05 02:00:00,186.03,189.5,186.33,188.94,151.62211495
2019-08-05 03:00:00,187.56,189.28,188.93,189.03,49.61960786
2019-08-05 04:00:00,187.71,189.42,189.41,187.71,80.82188091
2019-08-05 05:00:00,187.33,188.47,187.55,187.87,34.57114441
2019-08-05 06:00:00,186.52,189.89,187.63,189.48,161.21185535
2019-08-05 07:00:00,188.2,190.0,188.99,188.2,354.01838216
2019-08-05 08:00:00,188.03,189.31,189.07,189.11,221.4549632
2019-08-05 09:00:00,188.03,189.5,188.51,189.33,192.30639111
2019-08-05 10:00:00,189.07,193.05,189.07,190.79,276.32880209
2019-08-05 11:00:00,190.93,194.32,191.28,191.44,308.30879028
2019-08-05 12:00:00,191.01,192.97,191.9,191.75,315.94032021
2019-08-05 13:00:00,190.0,192.3,191.95,190.51,179.44574226
2019-08-05 14:00:00,189.36,190.72,190.55,189.62,104.38816903
2019-08-05 15:00:00,188.92,191.25,189.41,190.7,176.15640212
2019-08-05 16:00:00,190.08,193.98,190.7,193.49,299.18583861
2019-08-05 17:00:00,191.41,194.33,193.34,191.91,181.78254391
2019-08-05 18:00:00,191.42,192.96,191.49,191.82,144.30251669
2019-08-05 19:00:00,190.76,192.8,191.86,191.57,100.3504318
2019-08-05 20:00:00,190.35,191.94,191.36,190.45,112.7912482
2019-08-05 21:00:00,190.23,191.91,190.76,191.5,59.85279951
2019-08-05 22:00:00,190.89,192.78,191.5,191.77,194.51493769
2019-08-05 23:00:00,190.19,192.08,190.23,191.95,37.80620874
2019-08-06 00:00:00,189.1,191.24,191.24,189.15,24.48248822
2019-08-06 01:00:00,187.19,189.1,189.1,188.66,246.65388035
2019-08-06 02:00:00,187.06,188.65,188.65,187.49,2.84845409
2019-08-06 03:00:00,187.06,188.58,187.54,188.04,12.90455452
2019-08-06 04:00:00,186.82,187.96,187.96,187.33,38.6705058
2019-08-06 05:00:00,187.48,188.98,187.48,188.98,27.49278013
2019-08-06 06:00:00,186.89,193.26,188.86,190.74,156.00082137
2019-08-06 07:00:00,191.13,193.3,191.77,191.13,167.4241703
2019-08-06 08:00:00,190.96,192.71,190.96,191.27,40.92763373
2019-08-06 09:00:00,191.24,193.28,191.9,192.52,130.35923072
2019-08-06 10:00:00,187.3,196.69,193.0,188.38,1089.87843592
2019-08-06 11:00:00,187.41,189.79,189.0,188.8,157.97085886
2019-08-06 12:00:00,185.47,188.82,188.32,186.76,270.33680281
2019-08-06 13:00:00,186.8,188.33,186.81,188.27,78.41398415
2019-08-06 14:00:00,186.93,189.03,188.71,187.53,96.17083769
2019-08-06 15:00:00,186.92,188.55,188.1,187.35,104.83132626
2019-08-06 16:00:00,187.1,189.19,187.3,189.19,50.63903522
2019-08-06 17:00:00,187.51,189.34,189.19,187.51,54.24758103
2019-08-06 18:00:00,187.36,188.74,187.54,188.59,46.56172192
2019-08-06 19:00:00,186.39,189.26,188.53,186.44,156.50664692
2019-08-06 20:00:00,185.0,187.1,187.04,185.91,79.83768115
2019-08-06 21:00:00,182.37,185.39,185.0,184.3,266.98211959
2019-08-06 22:00:00,183.1,184.5,183.4,184.37,56.09633058
2019-08-06 23:00:00,183.66,186.41,184.41,186.24,95.97924197
2019-08-07 00:00:00,183.88,185.96,185.3,185.04,23.77743587
2019-08-07 01:00:00,184.37,185.84,185.46,184.95,6.97931058
2019-08-07 02:00:00,185.32,186.42,185.32,186.36,2.53385439
2019-08-07 03:00:00,185.25,186.28,185.9,186.01,22.95406631
2019-08-07 04:00:00,185.84,187.75,186.27,186.4,9.42010735
2019-08-07 05:00:00,185.76,187.5,187.24,186.34,5.17091484
2019-08-07 06:00:00,185.37,186.86,185.82,185.76,219.06862615
2019-08-07 07:00:00,184.4,185.8,185.8,184.45,34.35550572
2019-08-07 08:00:00,183.03,185.59,183.92,185.12,108.42768153
2019-08-07 09:00:00,183.15,186.61,185.42,186.16,105.81177041
2019-08-07 10:00:00,184.71,186.9,184.99,185.61,62.63099609
2019-08-07 11:00:00,184.79,186.99,185.5,186.99,28.78876655
2019-08-07 12:00:00,186.51,188.59,186.96,187.17,131.79906748
2019-08-07 13:00:00,187.31,190.22,188.07,187.73,289.92152122
2019-08-07 14:00:00,186.86,189.4,188.46,187.2,118.59733309
2019-08-07 15:00:00,183.42,187.94,187.94,183.88,166.58421903
2019-08-07 16:00:00,181.01,184.67,184.41,183.22,81.34227733
2019-08-07 17:00:00,182.04,185.24,183.47,184.76,170.09426846
2019-08-07 18:00:00,183.17,184.97,184.0,183.26,104.41655404
2019-08-07 19:00:00,183.02,184.8,184.12,183.32,31.06129583
2019-08-07 20:00:00,182.02,185.39,184.3,184.42,142.98410654
2019-08-07 21:00:00,182.99,185.92,184.75,185.33,75.94754531
2019-08-07 22:00:00,184.55,186.0,184.6,185.37,62.25256049
2019-08-07 23:00:00,184.66,186.35,185.91,185.25,27.53082192
2019-08-08 00:00:00,183.47,186.19,186.19,184.28,34.40776971
2019-08-08 01:00:00,183.47,184.62,184.3,184.6,3.41809649
2019-08-08 02:00:00,183.91,185.56,184.61,184.58,8.96261161
2019-08-08 03:00:00,183.82,185.23,185.23,184.06,7.11921174
2019-08-08 04:00:00,184.09,185.37,184.69,184.51,16.26097224
2019-08-08 05:00:00,183.74,185.14,185.13,184.23,11.8654976
2019-08-08 06:00:00,182.51,185.14,184.82,184.54,51.57102361
2019-08-08 07:00:00,183.69,185.05,184.5,184.64,68.30635985
2019-08-08 08:00:00,183.61,185.4,184.03,184.71,77.94876696
2019-08-08 09:00:00,183.95,185.76,184.79,184.25,195.64537407
2019-08-08 10:00:00,184.06,185.58,184.65,184.79,113.10385079
2019-08-08 11:00:00,183.65,185.36,184.7,184.05,72.93888833
2019-08-08 12:00:00,183.8,184.89,183.8,184.89,57.65834975
2019-08-08 13:00:00,182.63,184.8,184.3,183.02,108.66910482
2019-08-08 14:00:00,182.09,183.68,182.64,182.23,162.52442112
2019-08-08 15:00:00,179.63,183.03,182.38,179.69,105.89229824
2019-08-08 16:00:00,179.88,181.48,180.47,179.88,86.94682784
2019-08-08 17:00:00,177.01,180.99,179.9,177.27,276.64471214
2019-08-08 18:00:00,177.28,179.33,177.59,179.32,39.96535598
2019-08-08 19:00:00,178.01,179.8,179.07,178.6,78.84332638
2019-08-08 20:00:00,178.01,179.5,178.73,179.5,94.83252635
2019-08-08 21:00:00,178.92,180.2,179.53,179.33,184.09944089
2019-08-08 22:00:00,178.93,180.31,178.94,180.05,49.13257978
2019-08-08 23:00:00,180.06,181.96,181.07,181.5,63.68731854
2019-08-09 00:00:00,181.0,181.5,181.5,181.11,49.47209992
2019-08-09 01:00:00,180.25,181.29,181.29,180.25,11.72060033
2019-08-09 02:00:00,179.0,180.32,180.32,179.19,65.78812019
2019-08-09 03:00:00,179.0,180.34,180.34,179.12,11.17588036
2019-08-09 04:00:00,178.5,179.49,179.44,178.5,79.64765891
2019-08-09 05:00:00,176.14,178.01,178.01,177.67,113.12657746
2019-08-09 06:00:00,177.08,178.49,177.64,178.06,54.1711071
2019-08-09 07:00:00,176.79,178.81,178.5,178.05,94.18003516
2019-08-09 08:00:00,176.82,179.51,177.63,177.18,145.40126919
2019-08-09 09:00:00,173.65,177.87,177.19,174.0,233.17572555
2019-08-09 10:00:00,171.04,175.15,173.99,173.22,247.68085397
2019-08-09 11:00:00,173.0,175.35,173.62,174.62,138.48120127
2019-08-09 12:00:00,173.25,175.27,174.05,174.24,92.81393977
2019-08-09 13:00:00,174.22,175.23,174.59,174.76,92.41379405
2019-08-09 14:00:00,173.65,174.81,174.51,174.51,80.1210119
2019-08-09 15:00:00,172.37,174.54,174.48,172.51,73.51130151
2019-08-09 16:00:00,172.31,174.64,172.36,173.25,171.58006564
2019-08-09 17:00:00,171.04,173.29,172.43,172.6,204.34949894
2019-08-09 18:00:00,171.54,173.18,172.61,172.28,49.90020233
2019-08-09 19:00:00,171.74,174.23,171.74,173.47,74.7411359
2019-08-09 20:00:00,173.45,174.6,173.55,173.56,196.23081479
2019-08-09 21:00:00,173.14,174.87,173.7,174.4,88.2280168
2019-08-09 22:00:00,172.7,175.02,175.02,172.7,95.72561625
2019-08-09 23:00:00,173.14,175.06,173.62,174.8,140.45211809
2019-08-10 00:00:00,175.05,177.88,175.08,177.15,276.1756295
2019-08-10 01:00:00,175.75,177.39,177.34,176.0,112.39219869
2019-08-10 02:00:00,175.63,176.82,176.71,175.64,21.7630075
2019-08-10 03:00:00,174.79,176.16,175.23,175.33,56.9477756
2019-08-10 04:00:00,174.95,175.54,175.54,175.47,6.92331884
2019-08-10 05:00:00,175.0,176.26,175.01,175.47,18.6849652
2019-08-10 06:00:00,175.05,175.99,175.99,175.4,81.31184472
2019-08-10 07:00:00,175.3,175.93,175.37,175.31,82.90681455
2019-08-10 08:00:00,175.33,176.81,175.33,176.67,260.91385844
2019-08-10 09:00:00,175.95,177.47,176.19,176.19,52.90339696
2019-08-10 10:00:00,175.57,176.84,176.19,176.14,81.25147272
2019-08-10 11:00:00,167.01,176.5,176.31,169.13,763.61313182
2019-08-10 12:00:00,168.43,170.69,168.88,170.63,314.41578202
2019-08-10 13:00:00,169.47,171.9,169.98,169.72,197.42408703
2019-08-10 14:00:00,168.64,170.74,169.71,169.74,128.19999388
2019-08-10 15:00:00,169.26,170.48,169.81,170.07,120.77246759
2019-08-10 16:00:00,169.26,170.52,170.22,169.26,75.65364857
2019-08-10 17:00:00,168.69,172.21,169.27,172.1,99.10898981
2019-08-10 18:00:00,171.45,172.76,171.63,171.54,46.9541053
2019-08-10 19:00:00,171.5,172.58,172.19,172.18,57.72575704
2019-08-10 20:00:00,171.8,172.25,171.8,172.25,33.84676281
2019-08-10 21:00:00,170.84,172.52,171.85,171.17,48.51282344
2019-08-10 22:00:00,170.28,171.77,171.66,171.19,34.13675593
2019-08-10 23:00:00,171.13,172.16,171.19,171.71,70.04706045
2019-08-11 00:00:00,171.15,175.74,171.24,174.89,116.94290946
2019-08-11 01:00:00,173.95,175.0,174.73,175.0,13.56829717
2019-08-11 02:00:00,174.99,175.99,174.99,175.99,1.817337
2019-08-11 03:00:00,175.33,175.97,175.39,175.81,8.20210292
2019-08-11 04:00:00,174.49,174.86,174.49,174.86,1.560321
2019-08-11 05:00:00,174.11,175.01,174.38,174.49,15.03920773
2019-08-11 06:00:00,174.76,176.0,175.52,175.03,16.21149144
2019-08-11 07:00:00,174.78,175.66,175.37,175.39,15.57087264
2019-08-11 08:00:00,174.08,175.47,174.67,174.08,87.41444621
2019-08-11 09:00:00,172.32,175.02,174.11,174.02,1129.36489294
2019-08-11 10:00:00,174.01,175.11,174.01,174.76,28.30729354
2019-08-11 11:00:00,174.17,176.04,174.76,175.46,70.50586855
2019-08-11 12:00:00,174.69,175.91,175.88,175.16,35.88111293
2019-08-11 13:00:00,174.41,175.82,175.68,174.94,72.7335813
2019-08-11 14:00:00,174.19,175.22,174.39,174.47,93.39683564
2019-08-11 15:00:00,174.0,175.16,174.47,174.5,32.1655455
2019-08-11 16:00:00,174.49,178.0,174.49,176.98,87.25476393
2019-08-11 17:00:00,176.05,178.93,177.14,177.91,135.27497653
2019-08-11 18:00:00,177.94,179.6,178.51,179.42,33.75308399
2019-08-11 19:00:00,178.4,179.6,179.1,178.59,122.00440246
2019-08-11 20:00:00,178.24,179.1,178.9,178.94,51.60845573
2019-08-11 21:00:00,177.14,179.24,178.98,177.8,251.5725194
2019-08-11 22:00:00,177.31,179.46,177.47,179.09,78.3051136
2019-08-11 23:00:00,178.36,180.64,179.21,180.5,44.95663938
2019-08-12 00:00:00,178.01,180.41,179.69,178.65,97.06114974
2019-08-12 01:00:00,177.0,178.48,178.06,177.0,18.38589099
2019-08-12 02:00:00,176.72,177.75,176.93,176.89,13.38346711
2019-08-12 03:00:00,176.79,178.44,177.07,178.44,11.71398257
2019-08-12 04:00:00,177.33,178.55,178.4,177.91,32.9982236
2019-08-12 05:00:00,176.97,177.94,177.9,177.49,109.80853003
2019-08-12 06:00:00,176.11,177.07,177.06,176.41,41.17906007
2019-08-12 07:00:00,175.37,176.94,176.83,176.94,24.33382735
2019-08-12 08:00:00,174.89,176.93,176.92,175.89,163.05151916
2019-08-12 09:00:00,175.42,176.72,175.99,176.42,261.85230908
2019-08-12 10:00:00,175.13,176.33,176.27,175.22,24.93288947
2019-08-12 11:00:00,174.03,175.84,175.22,174.7,109.22685241
2019-08-12 12:00:00,174.04,175.64,174.72,175.13,122.84537161
2019-08-12 13:00:00,174.37,175.66,174.58,175.03,52.2409018
2019-08-12 14:00:00,175.14,175.96,175.55,175.39,26.45658181
2019-08-12 15:00:00,174.6,175.58,175.21,175.49,42.36964608
2019-08-12 16:00:00,175.08,176.26,175.08,175.33,22.64716754
2019-08-12 17:00:00,174.98,176.26,175.02,175.39,122.25211413
2019-08-12 18:00:00,175.01,176.08,175.38,175.86,55.54224974
2019-08-12 19:00:00,175.32,176.16,176.0,175.57,53.41132459
2019-08-12 20:00:00,175.35,176.42,176.42,176.14,38.62113501
2019-08-12 21:00:00,175.19,176.29,176.02,175.19,6.18557625
2019-08-12 22:00:00,174.72,175.76,175.57,175.0,111.1158823
2019-08-12 23:00:00,174.5,175.5,174.69,175.5,34.67770015
2019-08-13 00:00:00,173.08,176.14,175.37,175.07,265.67849796
2019-08-13 01:00:00,173.67,174.7,174.59,173.67,18.44602974
2019-08-13 02:00:00,173.77,174.71,174.12,173.9,17.47126594
2019-08-13 03:00:00,173.37,174.2,174.2,173.63,6.75749624
2019-08-13 04:00:00,173.05,174.41,174.01,173.07,33.30284238
2019-08-13 05:00:00,173.1,174.42,173.74,174.42,18.71535657
2019-08-13 06:00:00,173.52,174.34,174.31,174.08,149.89761723
2019-08-13 07:00:00,173.38,174.5,173.65,174.34,17.0859427
2019-08-13 08:00:00,173.21,174.4,173.68,173.27,36.48416468
2019-08-13 09:00:00,172.75,174.13,173.7,173.48,53.46546928
2019-08-13 10:00:00,172.8,174.77,174.0,174.0,211.92214775
2019-08-13 11:00:00,173.88,174.94,173.88,174.55,51.66142003
2019-08-13 12:00:00,173.61,174.91,174.55,173.61,40.08397201
2019-08-13 13:00:00,172.41,174.28,173.64,172.41,107.09923512
2019-08-13 14:00:00,170.37,172.24,172.24,170.81,322.38785981
2019-08-13 15:00:00,168.33,170.93,170.89,170.02,257.43162752
2019-08-13 16:00:00,169.48,171.13,169.63,170.18,189.17349531
2019-08-13 17:00:00,170.06,172.4,170.56,171.43,207.9313026
2019-08-13 18:00:00,171.17,172.39,171.83,171.57,123.72780145
2019-08-13 19:00:00,171.44,172.25,172.06,171.74,284.69127449
2019-08-13 20:00:00,171.84,172.85,172.18,172.33,129.26726063
2019-08-13 21:00:00,171.28,172.4,172.4,171.97,50.00244295
2019-08-13 22:00:00,171.06,172.34,171.47,171.39,34.933441
2019-08-13 23:00:00,171.46,174.29,171.47,172.78,103.59630884
2019-08-14 00:00:00,172.34,173.81,172.45,172.82,103.77698429
2019-08-14 01:00:00,171.3,172.8,172.8,171.75,29.79195786
2019-08-14 02:00:00,171.42,172.76,171.45,172.76,55.02872335
2019-08-14 03:00:00,172.05,173.1,172.35,172.73,2.07373971
2019-08-14 04:00:00,172.02,172.69,172.69,172.02,12.05581747
2019-08-14 05:00:00,171.99,172.63,172.41,172.63,13.72254658
2019-08-14 06:00:00,171.79,172.62,172.61,172.14,109.07088581
2019-08-14 07:00:00,171.63,172.74,172.58,172.36,39.12388626
2019-08-14 08:00:00,170.14,172.26,171.85,170.64,62.77523914
2019-08-14 09:00:00,169.87,171.2,170.35,170.6,65.2451986
2019-08-14 10:00:00,170.12,171.42,171.1,170.14,71.66704805
2019-08-14 11:00:00,169.8,171.34,170.65,170.83,104.1296238
2019-08-14 12:00:00,170.61,171.83,171.36,171.1,175.14370135
2019-08-14 13:00:00,170.27,171.5,170.74,170.27,103.30284999
2019-08-14 14:00:00,169.04,170.72,170.21,169.55,123.24157281
2019-08-14 15:00:00,169.13,170.47,169.56,170.21,107.98290455
2019-08-14 16:00:00,161.57,171.03,170.55,162.83,603.91451493
2019-08-14 17:00:00,150.01,162.25,162.25,157.0,3988.72085072
2019-08-14 18:00:00,155.51,157.71,157.0,155.96,701.16839791
2019-08-14 19:00:00,154.16,156.38,155.89,154.78,744.60695697
2019-08-14 20:00:00,154.32,157.01,154.32,155.98,1022.89029968
2019-08-14 21:00:00,156.06,157.61,156.57,156.55,345.20895082
2019-08-14 22:00:00,156.59,158.06,157.06,157.33,65.62301662
2019-08-14 23:00:00,153.4,157.83,157.83,154.5,267.05168811
2019-08-15 00:00:00,154.5,157.3,154.5,156.97,277.73930586
2019-08-15 01:00:00,155.28,157.07,156.93,155.64,208.01829771
2019-08-15 02:00:00,154.73,156.21,156.07,154.85,69.8300984
2019-08-15 03:00:00,152.54,155.31,155.27,152.7,67.6303147
2019-08-15 04:00:00,148.25,153.65,153.35,149.84,457.95423618
2019-08-15 05:00:00,149.63,151.47,150.53,150.73,113.65853934
2019-08-15 06:00:00,144.1,150.85,150.49,147.01,483.02432016
2019-08-15 07:00:00,146.54,151.43,146.54,148.86,522.61603326
2019-08-15 08:00:00,148.89,151.25,149.6,149.25,381.38997786
2019-08-15 09:00:00,149.05,152.01,149.29,150.92,534.92584912
2019-08-15 10:00:00,151.14,152.93,151.31,151.37,726.24011099
2019-08-15 11:00:00,151.35,153.95,151.78,153.03,126.50881775
2019-08-15 12:00:00,149.96,153.59,153.46,150.73,261.09014633
2019-08-15 13:00:00,150.43,152.3,150.46,152.0,175.35761538
2019-08-15 14:00:00,151.46,152.8,152.46,151.85,135.79193719
2019-08-15 15:00:00,151.9,155.45,152.64,154.96,153.69551094
2019-08-15 16:00:00,152.23,155.8,155.26,152.31,258.89464825
2019-08-15 17:00:00,151.6,153.03,152.4,153.03,172.16109712
2019-08-15 18:00:00,151.81,153.08,152.14,152.29,126.16494241
2019-08-15 19:00:00,152.15,153.5,152.85,152.83,104.30400171
2019-08-15 20:00:00,152.51,155.97,152.85,155.02,276.70447275
2019-08-15 21:00:00,154.48,155.11,155.01,154.99,131.45507582
2019-08-15 22:00:00,155.0,155.99,155.0,155.68,78.44666263
2019-08-15 23:00:00,155.0,157.17,155.5,155.73,133.75269813
2019-08-16 00:00:00,154.47,155.95,155.8,154.94,52.99921569
2019-08-16 01:00:00,154.49,156.19,154.88,155.74,21.95563949
2019-08-16 02:00:00,154.75,155.79,155.37,154.88,62.67724447
2019-08-16 03:00:00,153.91,154.88,154.88,154.8,24.7808543
2019-08-16 04:00:00,152.1,155.2,155.13,152.1,248.83744122
2019-08-16 05:00:00,149.44,152.88,152.88,149.85,80.07966469
2019-08-16 06:00:00,150.0,152.59,151.16,150.34,401.8751463
2019-08-16 07:00:00,149.81,152.32,151.47,150.54,235.86673521
2019-08-16 08:00:00,147.13,154.75,150.65,152.32,620.34352121
2019-08-16 09:00:00,151.48,153.78,151.48,152.11,158.08943905
2019-08-16 10:00:00,150.9,153.1,152.16,151.36,174.53989106
2019-08-16 11:00:00,148.42,152.66,151.89,150.89,546.7479419
2019-08-16 12:00:00,150.71,152.25,151.29,151.6,74.99142747
2019-08-16 13:00:00,150.44,151.82,151.42,150.85,158.15752672
2019-08-16 14:00:00,150.04,151.57,150.83,150.67,56.1965777
2019-08-16 15:00:00,150.1,154.09,150.13,153.78,143.80239174
2019-08-16 16:00:00,152.56,153.58,153.39,153.31,53.60775757
2019-08-16 17:00:00,152.2,154.04,152.73,152.26,98.10499726
2019-08-16 18:00:00,152.09,152.91,152.1,152.71,79.15355708
2019-08-16 19:00:00,152.33,153.86,152.69,153.77,140.28560029
2019-08-16 20:00:00,152.21,153.76,153.71,153.23,182.92598047
2019-08-16 21:00:00,152.16,153.52,152.33,153.18,89.79470253
2019-08-16 22:00:00,152.44,154.47,153.91,153.5,169.26254183
2019-08-16 23:00:00,152.38,153.58,153.58,152.38,13.84852727
2019-08-17 00:00:00,151.37,153.12,153.12,151.76,212.5936494
2019-08-17 01:00:00,151.64,152.73,152.38,152.23,14.2364601
2019-08-17 02:00:00,151.49,152.87,151.99,151.7,13.9105862
2019-08-17 03:00:00,151.48,152.71,152.42,151.53,14.76513506
2019-08-17 04:00:00,151.31,152.16,151.31,152.07,34.98284595
2019-08-17 05:00:00,151.69,152.86,151.69,152.41,12.38217233
2019-08-17 06:00:00,151.56,153.29,152.76,152.37,180.8413535
2019-08-17 07:00:00,152.01,153.04,152.38,152.41,56.44988085
2019-08-17 08:00:00,152.03,154.28,152.03,152.99,325.19468777
2019-08-17 09:00:00,152.54,154.0,152.7,153.55,78.64365955
2019-08-17 10:00:00,152.63,154.2,153.55,153.24,155.21879087
2019-08-17 11:00:00,152.39,153.37,153.22,152.82,105.39960685
2019-08-17 12:00:00,151.63,152.87,152.16,151.77,38.60495989
2019-08-17 13:00:00,151.56,152.72,151.86,152.3,157.77756096
2019-08-17 14:00:00,151.57,152.72,152.71,151.74,44.69470512
2019-08-17 15:00:00,151.58,152.54,152.26,152.07,20.46590447
2019-08-17 16:00:00,151.57,152.77,152.16,151.91,103.4453764
2019-08-17 17:00:00,150.18,152.02,151.62,150.72,141.62604061
2019-08-17 18:00:00,150.48,151.33,150.61,151.25,75.79487007
2019-08-17 19:00:00,150.37,151.25,151.25,150.5,29.2388752
2019-08-17 20:00:00,150.29,151.41,150.54,151.41,97.97978556
2019-08-17 21:00:00,150.6,151.56,150.81,151.5,23.58463069
2019-08-17 22:00:00,150.56,153.86,151.42,153.86,18.29879425
2019-08-17 23:00:00,152.1,153.99,153.17,153.99,7.06883638
2019-08-18 00:00:00,152.57,153.96,153.52,153.18,11.67214202
2019-08-18 01:00:00,152.39,152.98,152.92,152.77,6.17460762
2019-08-18 02:00:00,151.5,152.77,152.38,151.5,5.09223926
2019-08-18 03:00:00,151.43,152.17,151.97,151.78,1.847701
2019-08-18 04:00:00,151.12,151.96,151.75,151.96,38.17662013
2019-08-18 05:00:00,151.63,152.73,152.04,152.73,15.85829382
2019-08-18 06:00:00,152.23,153.12,152.97,153.0,14.31062436
2019-08-18 07:00:00,151.78,153.06,152.86,152.87,119.6952625
2019-08-18 08:00:00,151.84,153.12,152.4,152.21,92.72541823
2019-08-18 09:00:00,152.19,153.4,152.24,153.23,84.44056519
2019-08-18 10:00:00,152.97,156.99,153.3,156.41,393.60133503
2019-08-18 11:00:00,155.87,158.16,156.32,158.16,40.54601617
2019-08-18 12:00:00,157.91,159.31,159.31,158.57,54.59321944
2019-08-18 13:00:00,158.14,161.2,158.15,159.78,318.31094655
2019-08-18 14:00:00,158.78,160.96,160.16,159.0,74.93762679
2019-08-18 15:00:00,159.09,161.22,159.09,161.22,95.85815448
2019-08-18 16:00:00,160.62,163.21,161.22,161.89,672.06228511
2019-08-18 17:00:00,161.5,163.19,162.97,161.92,240.62721014
2019-08-18 18:00:00,161.07,162.87,162.06,161.63,159.1610386
2019-08-18 19:00:00,160.64,161.97,161.63,161.61,43.30857196
2019-08-18 20:00:00,160.13,161.44,160.95,160.44,278.19964084
2019-08-18 21:00:00,159.92,161.08,160.31,161.04,397.14802715
2019-08-18 22:00:00,159.68,161.98,161.43,160.61,215.93210617
2019-08-18 23:00:00,159.63,160.79,160.0,160.2,40.78688245
2019-08-19 00:00:00,158.88,160.12,159.73,159.89,17.39646458
2019-08-19 01:00:00,159.19,160.55,160.01,160.38,9.33596977
2019-08-19 02:00:00,160.89,162.43,160.95,160.89,86.67925672
2019-08-19 03:00:00,160.72,161.81,160.9,161.34,6.38965267
2019-08-19 04:00:00,160.42,161.37,160.81,160.42,6.83067381
2019-08-19 05:00:00,159.83,161.13,160.88,159.83,31.82130361
2019-08-19 06:00:00,159.69,162.2,159.69,162.2,44.19002113
2019-08-19 07:00:00,162.35,166.0,162.48,166.0,350.86255435
2019-08-19 08:00:00,165.15,166.57,166.57,165.57,119.45449388
2019-08-19 09:00:00,164.56,166.31,166.09,164.64,154.62046377
2019-08-19 10:00:00,164.65,166.29,164.88,166.27,332.92878482
2019-08-19 11:00:00,165.59,167.66,165.78,165.93,174.56944669
2019-08-19 12:00:00,164.4,165.81,165.63,165.3,243.04603191
2019-08-19 13:00:00,164.52,166.82,166.01,166.5,183.57808097
2019-08-19 14:00:00,165.59,166.84,165.94,166.54,235.93732836
2019-08-19 15:00:00,164.63,166.28,166.24,165.82,148.66652647
2019-08-19 16:00:00,164.44,166.72,166.37,165.67,176.71854003
2019-08-19 17:00:00,164.67,165.8,165.12,165.3,41.14566337
2019-08-19 18:00:00,165.04,166.2,165.98,165.04,685.48695626
2019-08-19 19:00:00,161.79,165.82,165.63,163.23,471.14256283
2019-08-19 20:00:00,163.24,164.38,163.82,163.58,25.55485454
2019-08-19 21:00:00,163.64,165.44,163.64,165.28,51.16587411
2019-08-19 22:00:00,164.76,166.16,165.21,166.16,158.16813603
2019-08-19 23:00:00,165.67,168.0,165.82,167.18,67.43670066
2019-08-20 00:00:00,165.63,167.56,167.51,166.15,37.84507503
2019-08-20 01:00:00,165.21,166.66,165.76,165.86,6.99764382
2019-08-20 02:00:00,164.94,166.1,166.06,166.1,40.42551887
2019-08-20 03:00:00,163.71,166.06,166.06,163.8,216.81875302
2019-08-20 04:00:00,164.13,164.86,164.23,164.13,3.81395883
2019-08-20 05:00:00,164.1,165.0,164.1,164.63,29.37980054
2019-08-20 06:00:00,163.96,165.39,164.62,165.35,67.3099188
2019-08-20 07:00:00,165.5,166.47,165.52,165.69,47.32011157
2019-08-20 08:00:00,162.86,166.26,166.26,162.86,275.49280544
2019-08-20 09:00:00,161.56,163.04,162.64,162.9,51.68393957
2019-08-20 10:00:00,162.5,163.68,163.06,163.63,122.58829391
2019-08-20 11:00:00,162.53,163.68,163.03,163.67,82.92099251
2019-08-20 12:00:00,162.5,163.64,163.45,162.8,36.54203676
2019-08-20 13:00:00,162.2,163.43,162.57,162.46,170.0674666
2019-08-20 14:00:00,161.0,162.79,162.48,161.71,166.52200617
2019-08-20 15:00:00,160.73,162.93,161.71,162.88,449.10559482
2019-08-20 16:00:00,162.22,163.72,162.35,162.37,52.97168068
2019-08-20 17:00:00,160.97,162.97,162.45,161.48,306.71342689
2019-08-20 18:00:00,161.16,162.29,161.48,161.66,47.34258663
2019-08-20 19:00:00,161.18,162.43,161.69,161.18,103.03659649
2019-08-20 20:00:00,160.3,161.83,161.23,161.68,73.54466198
2019-08-20 21:00:00,161.21,163.45,161.38,162.56,69.71562669
2019-08-20 22:00:00,162.23,163.2,162.33,162.83,30.96518497
2019-08-20 23:00:00,161.45,163.12,162.92,161.53,45.19687722
2019-08-21 00:00:00,159.1,162.13,162.03,159.2,73.74162227
2019-08-21 01:00:00,159.29,160.38,159.62,159.93,31.02932929
2019-08-21 02:00:00,157.79,160.11,159.94,158.82,24.48384675
2019-08-21 03:00:00,156.65,159.33,159.29,156.65,98.60327024
2019-08-21 04:00:00,152.85,156.13,156.13,154.61,768.55037409
2019-08-21 05:00:00,154.61,155.91,154.86,155.49,97.28131933
2019-08-21 06:00:00,153.36,155.78,155.78,155.1,166.21220047
2019-08-21 07:00:00,153.55,155.14,155.08,154.18,75.10423045
2019-08-21 08:00:00,153.93,155.24,154.29,154.73,53.66037943
2019-08-21 09:00:00,154.53,156.17,154.89,155.72,102.1733339
2019-08-21 10:00:00,154.51,155.94,155.3,155.26,118.29087945
2019-08-21 11:00:00,154.57,155.67,155.67,154.86,63.29634888
2019-08-21 12:00:00,148.88,155.22,155.08,151.05,636.57920265
2019-08-21 13:00:00,150.04,151.69,150.45,151.14,180.98332097
2019-08-21 14:00:00,151.14,152.62,151.14,152.16,100.53509511
2019-08-21 15:00:00,150.4,152.31,151.8,150.54,137.86701353
2019-08-21 16:00:00,149.19,153.09,150.63,152.53,299.40163502
2019-08-21 17:00:00,152.06,153.15,152.94,153.15,86.57446639
2019-08-21 18:00:00,151.85,153.69,153.18,151.85,96.24217563
2019-08-21 19:00:00,151.78,153.81,151.9,153.54,48.87743729
2019-08-21 20:00:00,152.68,153.98,153.09,153.06,100.66604005
2019-08-21 21:00:00,151.28,153.75,153.5,151.28,71.96010381
2019-08-21 22:00:00,151.65,152.72,151.74,152.72,42.9005824
2019-08-21 23:00:00,152.49,154.6,152.54,154.27,92.05467308
2019-08-22 00:00:00,153.87,156.37,154.59,153.89,361.59684922
2019-08-22 01:00:00,151.09,154.0,154.0,152.34,143.52174213
2019-08-22 02:00:00,151.0,153.11,151.26,152.75,70.74023816
2019-08-22 03:00:00,152.12,152.78,152.57,152.25,4.18538479
2019-08-22 04:00:00,152.18,153.35,152.18,153.28,17.05305181
2019-08-22 05:00:00,153.0,153.92,153.35,153.17,28.47082531
2019-08-22 06:00:00,152.39,154.17,152.67,153.98,36.81324844
2019-08-22 07:00:00,152.58,153.99,153.99,152.85,73.75995623
2019-08-22 08:00:00,152.03,153.44,152.8,153.44,38.64394102
2019-08-22 09:00:00,152.75,154.07,153.38,153.91,36.62354789
2019-08-22 10:00:00,153.7,155.55,153.91,154.19,258.03936848
2019-08-22 11:00:00,152.79,154.26,154.2,153.67,118.31506973
2019-08-22 12:00:00,153.21,155.68,153.21,154.35,83.9997285
2019-08-22 13:00:00,153.91,155.27,154.45,154.56,153.66943181
2019-08-22 14:00:00,153.51,155.14,154.33,154.52,76.60724891
2019-08-22 15:00:00,154.93,158.31,154.93,156.73,600.00982854
2019-08-22 16:00:00,155.6,157.41,156.79,157.09,125.29588409
2019-08-22 17:00:00,157.16,159.19,157.2,158.55,223.85252932
2019-08-22 18:00:00,157.89,159.4,158.17,157.96,87.58800125
2019-08-22 19:00:00,156.45,158.64,158.09,157.09,58.79993397
2019-08-22 20:00:00,156.51,158.53,157.07,157.58,204.08846801
2019-08-22 21:00:00,155.7,157.51,156.99,156.45,32.26485275
2019-08-22 22:00:00,156.85,158.81,157.07,158.48,66.02500645
2019-08-22 23:00:00,155.39,158.51,158.47,155.85,72.3709421
2019-08-23 00:00:00,154.33,157.11,155.85,157.01,227.87771549
2019-08-23 01:00:00,155.81,157.06,156.82,155.81,35.49726431
2019-08-23 02:00:00,155.98,156.9,156.45,156.44,43.82991581
2019-08-23 03:00:00,155.64,157.1,156.42,157.03,9.05815851
2019-08-23 04:00:00,156.96,157.95,157.1,157.07,42.74761013
2019-08-23 05:00:00,156.63,157.59,157.59,157.1,22.39778314
2019-08-23 06:00:00,156.28,158.47,157.03,158.47,11.88892826
2019-08-23 07:00:00,157.76,159.0,158.42,158.99,31.49745999
2019-08-23 08:00:00,157.89,158.99,158.85,158.04,79.27659005
2019-08-23 09:00:00,156.85,158.21,158.04,156.88,50.38840003
2019-08-23 10:00:00,155.22,156.85,156.77,155.88,79.94529714
2019-08-23 11:00:00,154.94,156.51,156.27,155.3,80.85716546
2019-08-23 12:00:00,155.08,157.39,155.96,157.03,68.47345584
2019-08-23 13:00:00,156.61,159.44,157.03,158.62,172.31482979
2019-08-23 14:00:00,159.11,160.9,159.43,159.31,182.85040884
2019-08-23 15:00:00,158.6,159.89,159.73,159.59,96.29797971
2019-08-23 16:00:00,158.54,160.02,159.91,159.5,98.98685269
2019-08-23 17:00:00,158.23,159.56,158.87,158.32,34.60995583
2019-08-23 18:00:00,158.19,159.03,158.83,158.99,15.2734745
2019-08-23 19:00:00,157.0,159.0,158.6,158.6,103.36880475
2019-08-23 20:00:00,156.28,158.62,158.45,156.34,49.91895306
2019-08-23 21:00:00,156.51,157.96,156.51,157.44,51.81469149
2019-08-23 22:00:00,157.54,158.63,158.16,158.44,24.15691102
2019-08-23 23:00:00,157.76,158.96,158.48,158.86,42.58420655
2019-08-24 00:00:00,156.59,158.9,158.65,157.9,30.30692541
2019-08-24 01:00:00,157.0,158.16,157.62,157.48,38.09725118
2019-08-24 02:00:00,156.41,157.6,157.48,156.6,40.88928572
2019-08-24 03:00:00,156.4,157.17,156.62,156.72,0.94189283
2019-08-24 04:00:00,156.27,156.87,156.87,156.27,0.34573867
2019-08-24 05:00:00,156.41,157.64,156.44,156.7,20.07030785
2019-08-24 06:00:00,156.26,157.22,156.26,156.76,89.55135117
2019-08-24 07:00:00,155.76,156.91,156.6,155.93,32.49687667
2019-08-24 08:00:00,154.23,156.63,155.95,154.8,142.11846368
2019-08-24 09:00:00,152.41,154.87,154.38,154.08,116.51905019
2019-08-24 10:00:00,153.37,154.37,154.08,153.94,174.05350294
2019-08-24 11:00:00,153.12,155.36,153.44,154.44,108.9303946
2019-08-24 12:00:00,152.48,154.53,154.53,152.66,98.70849647
2019-08-24 13:00:00,152.54,153.93,152.69,152.97,71.67899185
2019-08-24 14:00:00,152.32,153.76,152.72,152.6,68.98681831
2019-08-24 15:00:00,152.6,153.31,152.6,152.69,12.6046946
2019-08-24 16:00:00,152.0,154.65,153.26,154.58,116.97898923
2019-08-24 17:00:00,153.78,154.84,154.48,154.48,80.64866843
2019-08-24 18:00:00,153.82,155.01,153.92,154.57,62.65230455
2019-08-24 19:00:00,153.9,154.88,154.21,154.67,33.05717684
2019-08-24 20:00:00,154.48,155.35,154.85,154.88,27.91079602
2019-08-24 21:00:00,153.65,154.9,154.88,154.19,34.88280537
2019-08-24 22:00:00,152.55,157.0,154.1,157.0,115.64969413
2019-08-24 23:00:00,155.23,156.7,155.66,155.23,18.14827477
2019-08-25 00:00:00,154.81,156.05,155.29,154.81,9.13088761
2019-08-25 01:00:00,154.39,156.28,154.9,154.57,158.77082391
2019-08-25 02:00:00,153.74,155.62,155.36,154.21,187.33980148
2019-08-25 03:00:00,153.91,155.51,154.81,155.38,48.26334299
2019-08-25 04:00:00,154.02,155.36,155.0,154.02,26.4971172
2019-08-25 05:00:00,153.26,155.25,154.49,153.62,128.30445557
2019-08-25 06:00:00,153.51,154.36,153.51,154.11,2.54435594
2019-08-25 07:00:00,154.09,157.14,154.11,155.97,208.76287921
2019-08-25 08:00:00,154.37,155.53,154.83,154.74,18.57356053
2019-08-25 09:00:00,154.31,156.38,154.97,156.12,188.41458038
2019-08-25 10:00:00,155.43,156.92,156.92,155.63,56.76232283
2019-08-25 11:00:00,154.39,156.21,156.12,154.85,40.99122779
2019-08-25 12:00:00,154.37,157.43,154.54,156.99,90.60188839
2019-08-25 13:00:00,155.87,157.24,157.24,156.43,55.40064857
2019-08-25 14:00:00,152.3,156.43,156.09,153.73,186.4225748
2019-08-25 15:00:00,153.08,153.96,153.1,153.58,37.12651634
2019-08-25 16:00:00,153.14,153.97,153.6,153.45,60.51891095
2019-08-25 17:00:00,152.67,153.78,153.36,153.14,18.30032294
2019-08-25 18:00:00,152.39,153.38,152.85,152.9,37.49596036
2019-08-25 19:00:00,150.0,153.08,152.41,150.99,84.58791266
2019-08-25 20:00:00,150.51,151.5,151.29,150.51,19.06240704
2019-08-25 21:00:00,150.0,151.02,150.57,150.38,117.44399293
2019-08-25 22:00:00,150.38,152.46,150.71,152.32,31.73405341
2019-08-25 23:00:00,151.51,152.77,152.34,152.77,10.34385869
2019-08-26 00:00:00,152.06,158.52,152.06,158.45,363.6767501
2019-08-26 01:00:00,156.02,157.96,157.96,156.38,92.94071291
2019-08-26 02:00:00,155.74,156.59,156.59,156.12,11.30046016
2019-08-26 03:00:00,154.59,156.56,156.31,155.88,78.47348757
2019-08-26 04:00:00,155.35,156.29,155.41,155.35,5.03117664
2019-08-26 05:00:00,154.6,155.69,155.17,155.3,53.50567807
2019-08-26 06:00:00,155.05,155.72,155.2,155.66,35.25392645
2019-08-26 07:00:00,154.89,156.25,155.07,155.76,131.47352504
2019-08-26 08:00:00,154.48,155.83,155.83,155.14,43.17109481
2019-08-26 09:00:00,154.76,155.93,155.66,154.99,65.37446023
2019-08-26 10:00:00,154.58,155.48,155.06,155.05,198.86925068
2019-08-26 11:00:00,154.73,155.5,154.73,155.34,42.33765697
2019-08-26 12:00:00,154.86,155.75,155.5,155.34,88.41468934
2019-08-26 13:00:00,154.0,155.22,155.1,154.75,116.91803796
2019-08-26 14:00:00,153.92,154.93,154.37,154.39,27.9774705
2019-08-26 15:00:00,153.68,154.92,154.37,153.88,147.496635
2019-08-26 16:00:00,152.8,154.76,154.13,153.42,53.85046634
2019-08-26 17:00:00,153.42,154.22,153.45,153.49,40.44813496
2019-08-26 18:00:00,152.01,153.95,153.42,152.07,67.26706624
2019-08-26 19:00:00,152.29,153.41,152.45,152.98,44.64612372
2019-08-26 20:00:00,152.13,153.65,153.49,152.83,26.53449809
2019-08-26 21:00:00,151.85,153.42,152.13,152.74,50.6178641
2019-08-26 22:00:00,152.44,154.2,153.02,153.6,20.97612645
2019-08-26 23:00:00,153.75,154.91,153.75,154.44,25.95213741
2019-08-27 00:00:00,153.4,154.39,154.01,153.6,14.52565196
2019-08-27 01:00:00,153.47,154.13,154.12,153.47,0.42230925
2019-08-27 02:00:00,151.69,153.46,153.26,151.69,87.8464217
2019-08-27 03:00:00,151.39,152.45,151.69,152.45,16.896709
2019-08-27 04:00:00,151.59,152.59,151.59,152.06,19.88178277
2019-08-27 05:00:00,152.31,152.96,152.83,152.5,7.03168178
2019-08-27 06:00:00,151.99,152.89,152.44,152.46,13.1856958
2019-08-27 07:00:00,151.5,152.49,152.02,152.37,88.81124219
2019-08-27 08:00:00,151.83,152.72,151.83,152.5,62.30817503
2019-08-27 09:00:00,151.35,152.47,152.47,151.64,76.6619738
2019-08-27 10:00:00,151.04,151.96,151.96,151.83,88.19486561
2019-08-27 11:00:00,151.28,152.23,151.93,151.42,396.25270535
2019-08-27 12:00:00,150.53,151.51,151.3,151.23,88.26653011
2019-08-27 13:00:00,151.47,153.7,151.79,153.62,135.76802598
2019-08-27 14:00:00,152.53,153.95,153.71,152.69,32.1538635
2019-08-27 15:00:00,151.93,153.43,152.99,153.43,269.73737001
2019-08-27 16:00:00,152.63,153.85,152.85,153.06,74.93246118
2019-08-27 17:00:00,152.12,153.14,152.61,152.26,137.87829787
2019-08-27 18:00:00,152.06,152.94,152.29,152.37,93.12048983
2019-08-27 19:00:00,151.92,152.88,152.6,152.32,29.65382575
2019-08-27 20:00:00,151.7,152.66,152.32,152.26,16.03327571
2019-08-27 21:00:00,150.34,152.27,152.22,151.45,53.91008997
2019-08-27 22:00:00,151.12,151.97,151.25,151.54,39.81573326
2019-08-27 23:00:00,151.57,153.0,151.7,152.8,27.62582229
2019-08-28 00:00:00,151.16,152.75,152.26,151.93,91.80194826
2019-08-28 01:00:00,151.12,152.03,151.36,151.12,7.44737059
2019-08-28 02:00:00,150.99,151.73,151.73,151.29,5.27461232
2019-08-28 03:00:00,150.77,151.29,151.29,151.27,6.9143017
2019-08-28 04:00:00,150.28,151.31,150.69,150.85,10.93954381
2019-08-28 05:00:00,150.0,151.79,150.28,151.79,27.17907406
2019-08-28 06:00:00,151.87,152.97,151.87,152.07,68.38303252
2019-08-28 07:00:00,151.62,152.62,152.55,152.01,16.4152195
2019-08-28 08:00:00,152.02,153.36,152.91,152.72,93.52486453
2019-08-28 09:00:00,151.79,152.89,152.67,152.89,72.59380827
2019-08-28 10:00:00,151.81,153.11,152.7,152.0,37.35915721
2019-08-28 11:00:00,151.64,152.81,152.46,152.16,126.17754057
2019-08-28 12:00:00,151.93,153.73,151.98,152.76,43.80162073
2019-08-28 13:00:00,152.87,154.0,152.87,152.89,105.69632521
2019-08-28 14:00:00,152.77,153.87,153.4,153.39,31.46453039
2019-08-28 15:00:00,152.63,153.99,153.39,153.16,76.03833266
2019-08-28 16:00:00,152.12,153.26,152.75,152.31,56.50758771
2019-08-28 17:00:00,151.4,153.0,152.71,151.4,112.21410841
2019-08-28 18:00:00,136.0,150.76,150.76,141.9,3743.68945923
2019-08-28 19:00:00,138.85,142.66,141.41,140.87,992.21651094
2019-08-28 20:00:00,139.53,141.8,140.14,140.53,241.07802285
2019-08-28 21:00:00,140.5,142.5,140.85,142.14,216.21805058
2019-08-28 22:00:00,141.4,142.76,142.05,142.76,179.96380697
2019-08-28 23:00:00,141.47,142.76,142.69,141.83,117.59861584
2019-08-29 00:00:00,140.74,142.67,141.81,142.05,207.58445021
2019-08-29 01:00:00,140.51,142.04,142.01,140.51,30.65538473
2019-08-29 02:00:00,138.67,141.82,141.15,139.47,185.58833357
2019-08-29 03:00:00,138.61,139.28,139.22,139.07,93.16683736
2019-08-29 04:00:00,138.53,140.33,139.06,140.29,78.08921687
2019-08-29 05:00:00,139.35,140.25,140.0,139.8,23.97825017
2019-08-29 06:00:00,138.44,139.8,139.8,139.22,148.93609791
2019-08-29 07:00:00,136.72,139.22,139.22,137.93,1703.6945738
2019-08-29 08:00:00,138.01,139.0,138.03,138.46,252.23199969
2019-08-29 09:00:00,138.04,139.85,138.41,139.57,315.70060847
2019-08-29 10:00:00,138.31,139.64,139.17,138.84,190.81850044
2019-08-29 11:00:00,137.85,139.47,138.34,138.45,198.51847806
2019-08-29 12:00:00,137.14,138.81,138.06,137.44,224.55908826
2019-08-29 13:00:00,137.8,138.61,137.82,138.17,40.16414453
2019-08-29 14:00:00,134.78,138.46,138.17,135.65,249.26767347
2019-08-29 15:00:00,136.24,138.25,136.59,138.16,281.6701482
2019-08-29 16:00:00,136.73,139.09,138.25,137.5,144.20872145
2019-08-29 17:00:00,137.19,139.12,137.57,138.62,130.4702312
2019-08-29 18:00:00,138.5,140.81,138.58,138.69,248.85745038
2019-08-29 19:00:00,138.07,139.41,138.75,139.41,83.49053915
2019-08-29 20:00:00,138.64,139.65,139.28,139.65,75.51008842
2019-08-29 21:00:00,138.93,140.0,139.08,138.96,84.37001667
2019-08-29 22:00:00,138.45,139.41,139.41,139.2,73.78789299
2019-08-29 23:00:00,138.25,139.42,138.75,139.39,187.77820733
2019-08-30 00:00:00,137.36,139.19,139.19,137.57,138.66346737
2019-08-30 01:00:00,136.35,137.9,137.57,137.4,83.36524794
2019-08-30 02:00:00,137.39,138.0,137.68,137.8,10.66311594
2019-08-30 03:00:00,137.24,138.77,137.34,137.95,48.37392067
2019-08-30 04:00:00,137.78,138.67,137.79,138.41,26.15712317
2019-08-30 05:00:00,137.54,138.4,138.35,137.87,30.37616917
2019-08-30 06:00:00,137.59,138.6,138.34,138.44,112.27836635
2019-08-30 07:00:00,137.73,138.71,138.71,137.95,172.66569004
2019-08-30 08:00:00,137.42,139.82,137.87,139.18,137.3110416
2019-08-30 09:00:00,138.82,140.14,139.11,139.41,227.46612881
2019-08-30 10:00:00,139.2,140.58,140.17,139.76,90.34003624
2019-08-30 11:00:00,139.15,140.46,139.77,139.53,103.60219423
2019-08-30 12:00:00,139.07,140.11,139.81,139.21,130.77435814
2019-08-30 13:00:00,138.93,139.66,139.53,139.19,53.98411717
2019-08-30 14:00:00,138.64,139.73,139.2,139.61,94.579752
2019-08-30 15:00:00,139.03,140.38,139.15,139.69,111.56171834
2019-08-30 16:00:00,138.56,139.98,139.68,138.87,55.3971494
2019-08-30 17:00:00,138.55,139.3,139.25,138.56,124.05650895
2019-08-30 18:00:00,138.02,138.88,138.55,138.02,59.15196578
2019-08-30 19:00:00,136.66,138.62,138.0,138.58,148.02447607
2019-08-30 20:00:00,138.47,139.67,138.65,139.43,99.90978816
2019-08-30 21:00:00,138.26,139.56,139.0,138.26,92.81093622
2019-08-30 22:00:00,138.31,139.52,138.8,139.43,46.9031314
2019-08-30 23:00:00,138.35,139.58,139.37,138.94,22.22265553
2019-08-31 00:00:00,138.39,139.93,138.94,139.33,30.39733326
2019-08-31 01:00:00,138.82,139.92,138.82,139.76,48.02205921
2019-08-31 02:00:00,139.18,139.83,139.18,139.4,14.7182584
2019-08-31 03:00:00,139.29,139.93,139.79,139.68,12.79433214
2019-08-31 04:00:00,139.15,139.75,139.15,139.75,9.31350881
2019-08-31 05:00:00,138.71,139.78,139.76,138.98,36.7943775
2019-08-31 06:00:00,138.51,139.47,139.21,139.04,31.1243556
2019-08-31 07:00:00,138.56,139.28,139.02,139.1,20.30378913
2019-08-31 08:00:00,138.32,139.09,138.83,138.75,242.41398969
2019-08-31 09:00:00,137.99,138.95,138.91,138.44,67.22661366
2019-08-31 10:00:00,138.45,139.19,138.89,139.19,34.09624809
2019-08-31 11:00:00,137.95,139.13,138.98,138.54,88.58215877
2019-08-31 12:00:00,138.25,138.8,138.54,138.79,43.06453742
2019-08-31 13:00:00,138.41,140.0,138.74,138.92,265.90192553
2019-08-31 14:00:00,138.21,139.09,138.91,138.67,38.66422964
2019-08-31 15:00:00,138.01,138.69,138.67,138.41,138.38470779
2019-08-31 16:00:00,138.05,139.2,138.6,138.5,146.28096238
2019-08-31 17:00:00,138.44,139.2,138.96,138.61,22.62741429
2019-08-31 18:00:00,137.04,139.04,139.04,137.56,151.10697478
2019-08-31 19:00:00,137.19,138.43,137.56,138.19,38.29677226
2019-08-31 20:00:00,136.82,138.1,138.08,137.32,62.64776159
2019-08-31 21:00:00,136.83,143.96,136.86,143.96,588.62752415
2019-08-31 22:00:00,142.23,143.98,143.07,142.66,59.55170168
2019-08-31 23:00:00,141.17,142.36,142.36,141.46,19.03361702
2019-09-01 00:00:00,141.13,142.59,141.17,142.17,13.02917497
2019-09-01 01:00:00,142.0,142.85,142.17,142.0,7.57165196
2019-09-01 02:00:00,141.13,142.52,142.11,142.29,28.12489094
2019-09-01 03:00:00,141.92,142.44,142.17,142.28,6.08001587
2019-09-01 04:00:00,141.75,142.29,142.29,141.94,20.61332352
2019-09-01 05:00:00,141.93,142.3,141.93,142.3,12.88874458
2019-09-01 06:00:00,141.88,142.3,142.03,142.3,10.02932286
2019-09-01 07:00:00,141.81,142.37,142.1,142.36,33.76556572
2019-09-01 08:00:00,139.79,142.2,141.91,140.33,154.00715651
2019-09-01 09:00:00,139.86,140.86,140.74,140.54,128.69740001
2019-09-01 10:00:00,139.77,140.47,140.21,140.33,132.49866827
2019-09-01 11:00:00,139.73,140.58,139.97,139.73,20.80758205
2019-09-01 12:00:00,139.59,140.23,140.23,139.98,116.81201455
2019-09-01 13:00:00,138.75,139.97,139.47,139.57,56.3486869
2019-09-01 14:00:00,139.01,139.95,139.12,139.8,57.94412268
2019-09-01 15:00:00,139.55,140.85,139.8,140.65,124.2333921
2019-09-01 16:00:00,139.17,140.63,140.63,139.22,23.52731123
2019-09-01 17:00:00,138.5,140.25,139.49,140.25,159.81556871
2019-09-01 18:00:00,139.7,140.67,140.19,139.93,81.47974507
2019-09-01 19:00:00,139.08,140.85,139.44,140.28,37.0446723
2019-09-01 20:00:00,139.6,140.68,140.66,140.39,57.8440794
2019-09-01 21:00:00,139.97,141.99,140.38,141.27,44.44640136
2019-09-01 22:00:00,139.11,141.89,141.31,141.64,513.1884443
2019-09-01 23:00:00,140.58,141.75,141.74,141.17,158.83996465
2019-09-02 00:00:00,140.45,141.77,141.38,141.29,27.65511406
2019-09-02 01:00:00,140.5,141.3,141.3,141.07,25.9079443
2019-09-02 02:00:00,140.75,141.12,140.96,141.12,27.4832064
2019-09-02 03:00:00,141.11,141.64,141.46,141.21,63.58526539
2019-09-02 04:00:00,140.75,141.42,141.42,141.19,4.31001284
2019-09-02 05:00:00,140.72,141.42,141.15,140.72,9.68574228
2019-09-02 06:00:00,140.26,141.03,140.87,140.51,17.79913609
2019-09-02 07:00:00,140.61,141.54,140.61,141.5,20.37666425
2019-09-02 08:00:00,140.85,141.87,141.44,141.87,270.34061473
2019-09-02 09:00:00,141.44,142.91,141.84,141.82,146.84696949
2019-09-02 10:00:00,141.96,142.66,142.32,142.45,49.34100761
2019-09-02 11:00:00,141.72,143.37,142.49,143.35,194.14762673
2019-09-02 12:00:00,142.13,143.98,143.44,143.05,320.6333837
2019-09-02 13:00:00,142.47,144.34,143.15,143.89,52.91057737
2019-09-02 14:00:00,143.58,145.0,143.7,144.43,234.43801971
2019-09-02 15:00:00,143.22,144.57,144.43,143.24,82.50685597
2019-09-02 16:00:00,143.25,144.58,143.25,144.17,312.01833175
2019-09-02 17:00:00,144.08,148.34,144.08,147.26,385.42147596
2019-09-02 18:00:00,147.15,148.97,147.58,147.83,766.45120973
2019-09-02 19:00:00,146.99,148.33,147.66,148.06,197.8161104
2019-09-02 20:00:00,147.64,150.42,147.64,149.52,498.65167113
2019-09-02 21:00:00,148.43,149.96,149.0,148.47,251.4911706
2019-09-02 22:00:00,147.83,149.17,149.17,148.0,187.59557133
2019-09-02 23:00:00,147.6,148.21,148.0,148.16,55.03382134
2019-09-03 00:00:00,148.09,148.72,148.7,148.36,17.03204903
2019-09-03 01:00:00,147.1,148.13,147.83,147.62,3.04762378
2019-09-03 02:00:00,146.9,148.28,147.32,148.2,32.44210251
2019-09-03 03:00:00,148.35,150.04,148.35,148.46,31.77926277
2019-09-03 04:00:00,148.2,149.06,148.51,148.65,13.68702413
2019-09-03 05:00:00,148.08,149.04,148.92,148.8,8.75170515
2019-09-03 06:00:00,147.83,148.75,148.45,148.47,19.7861767
2019-09-03 07:00:00,148.07,149.04,148.47,148.81,34.22807207
2019-09-03 08:00:00,148.07,148.94,148.38,148.85,80.79382581
2019-09-03 09:00:00,146.0,148.61,147.95,146.64,203.24283379
2019-09-03 10:00:00,146.02,147.42,146.62,146.96,133.84164813
2019-09-03 11:00:00,146.34,147.73,146.45,147.6,72.44301887
2019-09-03 12:00:00,146.44,149.51,146.99,148.29,177.33141127
2019-09-03 13:00:00,148.14,149.57,148.56,148.21,135.99874542
2019-09-03 14:00:00,148.17,151.91,148.7,150.48,428.07867764
2019-09-03 15:00:00,148.68,150.25,150.0,150.17,115.63467309
2019-09-03 16:00:00,148.78,150.38,149.73,149.05,80.5232431
2019-09-03 17:00:00,148.04,149.37,149.01,148.17,102.99230449
2019-09-03 18:00:00,148.02,148.78,148.56,148.78,23.81380792
2019-09-03 19:00:00,148.05,149.73,148.43,149.27,85.14795046
2019-09-03 20:00:00,149.27,150.43,149.27,150.17,105.20219976
2019-09-03 21:00:00,149.06,150.2,149.6,149.06,190.89796881
2019-09-03 22:00:00,148.82,149.54,149.47,149.5,32.8152397
2019-09-03 23:00:00,147.28,150.03,149.5,148.1,285.96477272
2019-09-04 00:00:00,147.28,148.46,147.35,148.11,4.98817196
2019-09-04 01:00:00,146.49,147.93,147.5,147.12,13.25599958
2019-09-04 02:00:00,146.47,147.67,146.61,147.3,15.41985127
2019-09-04 03:00:00,147.61,148.3,147.8,148.3,44.75076182
2019-09-04 04:00:00,147.34,148.35,148.35,147.34,6.29084016
2019-09-04 05:00:00,147.42,148.11,147.94,148.11,8.70731527
2019-09-04 06:00:00,147.14,148.22,148.16,147.26,28.78865935
2019-09-04 07:00:00,146.14,147.56,147.26,146.37,244.14963179
2019-09-04 08:00:00,145.01,146.84,146.37,145.43,99.91891614
2019-09-04 09:00:00,145.17,146.05,145.23,145.21,33.07572814
2019-09-04 10:00:00,145.0,146.24,145.01,145.9,59.2139116
2019-09-04 11:00:00,144.75,146.09,145.35,145.51,59.64152016
2019-09-04 12:00:00,144.75,145.93,145.26,144.75,32.18157611
2019-09-04 13:00:00,143.51,145.0,144.75,143.95,333.39126731
2019-09-04 14:00:00,143.72,145.12,143.94,144.06,90.30876907
2019-09-04 15:00:00,143.67,144.55,144.09,143.9,67.89278373
2019-09-04 16:00:00,144.27,145.62,144.31,145.23,100.29245885
2019-09-04 17:00:00,144.91,145.92,145.25,145.61,72.53371046
2019-09-04 18:00:00,143.74,145.69,145.18,144.18,88.79650611
2019-09-04 19:00:00,143.9,145.53,144.54,145.53,237.16332697
2019-09-04 20:00:00,143.7,145.87,145.07,144.1,226.95472218
2019-09-04 21:00:00,143.22,144.35,144.04,143.93,112.58420521
2019-09-04 22:00:00,141.77,144.84,143.96,142.76,218.22876787
2019-09-04 23:00:00,141.7,143.12,142.26,142.35,82.74398916
2019-09-05 00:00:00,141.82,142.73,142.06,142.4,29.43435362
2019-09-05 01:00:00,141.81,142.97,142.24,142.97,7.43527333
2019-09-05 02:00:00,142.0,142.98,142.83,142.26,9.69379688
2019-09-05 03:00:00,142.3,142.97,142.3,142.97,1.13784302
2019-09-05 04:00:00,142.87,143.29,143.05,143.24,3.03668717
2019-09-05 05:00:00,142.48,143.62,142.48,142.63,4.23068785
2019-09-05 06:00:00,142.13,143.43,142.54,142.35,38.46889064
2019-09-05 07:00:00,142.35,143.04,142.88,142.41,46.27558564
2019-09-05 08:00:00,141.97,142.87,142.76,142.48,54.71321745
2019-09-05 09:00:00,139.49,142.63,142.41,139.49,583.15650432
2019-09-05 10:00:00,137.9,140.19,140.05,139.95,409.96894666
2019-09-05 11:00:00,138.75,139.95,139.61,139.2,137.42201205
2019-09-05 12:00:00,138.73,139.53,139.2,139.39,95.90131542
2019-09-05 13:00:00,138.87,139.72,139.09,139.26,138.19502523
2019-09-05 14:00:00,138.76,139.67,139.17,138.76,87.41408983
2019-09-05 15:00:00,138.57,139.39,138.99,138.99,85.54761435
2019-09-05 16:00:00,138.91,139.93,139.2,139.1,288.92215008
2019-09-05 17:00:00,138.53,139.71,139.3,139.65,74.39961358
2019-09-05 18:00:00,139.25,140.17,139.25,139.99,78.36593601
2019-09-05 19:00:00,139.0,140.39,139.48,139.26,69.67640174
2019-09-05 20:00:00,139.09,139.8,139.72,139.26,36.12400632
2019-09-05 21:00:00,139.4,140.73,140.0,140.73,86.79579142
2019-09-05 22:00:00,140.7,142.46,140.97,141.78,218.47053441
2019-09-05 23:00:00,141.39,142.57,142.57,141.39,83.24296831
2019-09-06 00:00:00,140.76,141.65,141.65,140.86,29.74387133
2019-09-06 01:00:00,140.36,141.67,140.81,140.98,24.88750094
2019-09-06 02:00:00,141.27,142.2,141.67,141.67,5.27179519
2019-09-06 03:00:00,141.45,142.46,142.08,141.58,17.75312779
2019-09-06 04:00:00,141.95,143.02,142.17,143.02,50.92576886
2019-09-06 05:00:00,142.22,143.72,143.44,142.52,69.65567893
2019-09-06 06:00:00,142.0,143.18,142.5,142.37,22.42282124
2019-09-06 07:00:00,142.01,142.9,142.88,142.55,66.8452236
2019-09-06 08:00:00,142.35,143.45,142.76,142.64,23.269643
2019-09-06 09:00:00,142.12,142.94,142.63,142.76,70.53780446
2019-09-06 10:00:00,142.4,144.2,142.4,143.54,118.98372859
2019-09-06 11:00:00,143.49,145.21,143.62,143.49,355.42796776
2019-09-06 12:00:00,142.8,144.35,143.46,143.1,61.21066724
2019-09-06 13:00:00,142.68,144.3,143.11,143.97,116.45330889
2019-09-06 14:00:00,143.01,144.48,143.53,143.04,144.35108567
2019-09-06 15:00:00,143.1,144.12,143.58,143.89,68.78340791
2019-09-06 16:00:00,142.38,143.67,143.67,143.59,21.46572765
2019-09-06 17:00:00,138.32,143.57,143.57,138.76,497.70407543
2019-09-06 18:00:00,138.45,139.74,139.68,139.41,79.0025159
2019-09-06 19:00:00,138.0,139.31,139.01,138.65,206.4254329
2019-09-06 20:00:00,133.47,138.56,138.5,137.52,432.89898389
2019-09-06 21:00:00,136.88,138.5,137.1,138.13,123.43984426
2019-09-06 22:00:00,137.5,138.78,138.74,137.5,148.84452657
2019-09-06 23:00:00,137.17,138.11,138.04,137.98,79.4176919
2019-09-07 00:00:00,137.25,138.33,137.7,137.25,80.28686096
2019-09-07 01:00:00,136.94,137.93,137.14,137.7,34.82612937
2019-09-07 02:00:00,137.57,137.99,137.98,137.9,27.24943952
2019-09-07 03:00:00,137.34,137.88,137.38,137.38,44.10937113
2019-09-07 04:00:00,137.38,138.0,137.75,138.0,18.84609402
2019-09-07 05:00:00,137.53,139.4,137.92,138.44,13.56652226
2019-09-07 06:00:00,137.73,138.5,138.5,138.28,16.8984272
2019-09-07 07:00:00,136.8,139.63,137.81,136.8,420.47243274
2019-09-07 08:00:00,138.07,139.14,138.54,138.85,194.49545556
2019-09-07 09:00:00,137.89,138.85,138.85,138.67,66.41172732
2019-09-07 10:00:00,137.72,139.2,138.55,138.1,117.63622218
2019-09-07 11:00:00,138.14,140.56,138.2,140.55,163.65857845
2019-09-07 12:00:00,139.5,140.56,140.56,139.95,119.14921
2019-09-07 13:00:00,139.5,140.47,139.5,139.76,80.85162021
2019-09-07 14:00:00,139.75,141.37,139.75,141.19,50.78955976
2019-09-07 15:00:00,140.69,142.0,140.69,142.0,130.09717528
2019-09-07 16:00:00,141.55,146.04,142.71,144.79,212.74522856
2019-09-07 17:00:00,145.11,147.38,145.16,145.59,171.82384959
2019-09-07 18:00:00,145.53,146.98,146.0,146.41,109.11423159
2019-09-07 19:00:00,144.74,146.84,146.38,145.84,107.69205233
2019-09-07 20:00:00,144.64,146.31,145.35,145.57,96.72905072
2019-09-07 21:00:00,144.79,147.06,145.98,146.87,113.42555326
2019-09-07 22:00:00,145.04,146.87,146.87,145.04,23.37713445
2019-09-07 23:00:00,144.61,145.32,145.29,144.67,25.04431206
2019-09-08 00:00:00,145.12,146.34,145.35,145.56,12.30751652
2019-09-08 01:00:00,145.52,146.11,146.0,145.52,2.09707141
2019-09-08 02:00:00,145.77,145.83,145.83,145.79,6.50087985
2019-09-08 03:00:00,145.4,149.94,145.71,148.72,41.27970371
2019-09-08 04:00:00,147.85,149.69,149.69,147.85,36.10282879
2019-09-08 05:00:00,147.68,148.57,148.41,147.89,16.97235457
2019-09-08 06:00:00,147.68,148.85,147.89,148.85,245.02943807
2019-09-08 07:00:00,146.4,148.29,148.29,147.57,116.31996791
2019-09-08 08:00:00,146.87,148.34,147.61,147.5,85.99469571
2019-09-08 09:00:00,147.28,148.19,147.5,147.58,212.44691406
2019-09-08 10:00:00,147.58,148.99,148.13,148.31,422.05235766
2019-09-08 11:00:00,144.22,148.66,148.66,147.19,59.30781953
2019-09-08 12:00:00,145.83,147.57,146.36,145.83,149.08523518
2019-09-08 13:00:00,145.54,146.97,146.01,146.2,94.30889902
2019-09-08 14:00:00,145.54,148.76,145.61,148.76,575.77987545
2019-09-08 15:00:00,146.25,149.54,148.53,148.44,289.1562339
2019-09-08 16:00:00,147.06,148.9,148.0,148.66,120.94391957
2019-09-08 17:00:00,146.34,148.46,148.39,146.47,64.02514859
2019-09-08 18:00:00,146.13,147.5,147.14,146.24,54.20565426
2019-09-08 19:00:00,146.18,147.39,146.25,146.86,50.02106961
2019-09-08 20:00:00,146.49,147.48,146.86,146.59,179.7187886
2019-09-08 21:00:00,146.19,148.35,147.17,148.26,200.06325335
2019-09-08 22:00:00,147.45,148.5,148.38,147.56,31.30279538
2019-09-08 23:00:00,146.94,148.29,148.04,147.2,17.91827345
2019-09-09 00:00:00,146.9,147.83,147.7,147.55,12.61894363
2019-09-09 01:00:00,146.87,147.88,147.54,147.88,0.70726938
2019-09-09 02:00:00,145.73,147.96,147.46,145.73,5.02994269
2019-09-09 03:00:00,144.8,146.2,145.42,144.8,15.8222667
2019-09-09 04:00:00,144.53,146.05,144.53,146.05,18.55844712
2019-09-09 05:00:00,144.61,146.1,145.44,144.61,49.19976621
2019-09-09 06:00:00,144.37,146.01,145.19,144.43,5.67662366
2019-09-09 07:00:00,143.75,145.34,144.42,144.74,164.22417468
2019-09-09 08:00:00,143.97,145.62,144.23,145.17,152.89974653
2019-09-09 09:00:00,144.52,146.5,144.52,145.95,16.26492774
2019-09-09 10:00:00,145.29,147.44,146.26,147.29,56.10039947
2019-09-09 11:00:00,146.4,150.62,146.6,147.89,460.37824002
2019-09-09 12:00:00,147.15,148.62,147.65,147.39,99.39409957
2019-09-09 13:00:00,147.16,148.34,147.43,147.71,57.38469824
2019-09-09 14:00:00,147.15,148.35,147.16,148.01,35.68221098
2019-09-09 15:00:00,146.43,148.05,147.56,146.43,37.8502577
2019-09-09 16:00:00,144.47,146.4,146.4,145.88,229.29501663
2019-09-09 17:00:00,145.6,147.47,147.21,146.25,90.18484278
2019-09-09 18:00:00,145.52,146.96,146.29,146.03,71.05121456
2019-09-09 19:00:00,145.03,147.15,145.53,146.74,96.88079377
2019-09-09 20:00:00,145.32,147.25,146.35,145.36,238.7731516
2019-09-09 21:00:00,145.04,146.86,145.89,145.73,116.2200847
2019-09-09 22:00:00,145.35,147.93,145.99,147.26,298.302888
2019-09-09 23:00:00,146.01,147.83,147.78,146.79,16.96343112
2019-09-10 00:00:00,146.86,147.89,147.43,147.89,38.13867981
2019-09-10 01:00:00,147.89,148.77,147.89,148.17,42.91020184
2019-09-10 02:00:00,147.89,148.87,148.48,148.22,79.58437512
2019-09-10 03:00:00,147.11,148.88,148.88,148.54,14.87223802
2019-09-10 04:00:00,147.25,148.53,148.53,148.45,42.03453049
2019-09-10 05:00:00,147.57,148.73,148.73,148.0,5.99743431
2019-09-10 06:00:00,146.67,148.11,148.11,146.81,34.69483168
2019-09-10 07:00:00,146.89,148.9,146.89,148.16,60.56764298
2019-09-10 08:00:00,147.08,148.59,148.49,147.95,21.60348997
2019-09-10 09:00:00,146.38,147.96,147.95,147.14,103.98295392
2019-09-10 10:00:00,146.49,147.77,146.68,146.5,87.68880035
2019-09-10 11:00:00,146.5,147.44,146.5,147.19,43.8063414
2019-09-10 12:00:00,146.49,147.33,146.62,147.01,12.96392371
2019-09-10 13:00:00,144.83,146.9,146.9,146.1,139.47525925
2019-09-10 14:00:00,144.51,146.05,145.51,146.0,65.39760269
2019-09-10 15:00:00,144.79,145.92,145.88,145.29,76.31441289
2019-09-10 16:00:00,144.72,146.64,144.88,145.62,96.3284287
2019-09-10 17:00:00,144.8,146.51,146.26,146.3,130.10116017
2019-09-10 18:00:00,144.88,146.12,146.12,145.43,139.86651684
2019-09-10 19:00:00,143.1,145.46,145.46,144.1,369.80475207
2019-09-10 20:00:00,143.64,144.67,144.25,143.74,69.1348639
2019-09-10 21:00:00,143.67,145.76,144.19,145.04,64.47661945
2019-09-10 22:00:00,145.0,145.92,145.65,145.55,40.67573806
2019-09-10 23:00:00,145.03,145.96,145.12,145.96,7.88414737
2019-09-11 00:00:00,145.38,148.5,145.71,147.24,110.2198849
2019-09-11 01:00:00,145.57,146.99,146.92,145.58,3.58713336
2019-09-11 02:00:00,145.02,146.47,145.67,145.8,1.59287183
2019-09-11 03:00:00,145.3,146.08,145.51,145.3,8.7316
2019-09-11 04:00:00,144.83,146.05,145.91,145.01,90.91885181
2019-09-11 05:00:00,143.03,145.67,145.67,144.94,88.29916324
2019-09-11 06:00:00,142.25,144.71,143.7,144.71,66.25737167
2019-09-11 07:00:00,143.97,145.84,143.97,144.24,51.60689959
2019-09-11 08:00:00,144.04,145.01,144.23,144.04,181.22963242
2019-09-11 09:00:00,143.26,144.18,144.18,143.58,190.52348097
2019-09-11 10:00:00,144.0,146.0,144.11,145.66,63.80356437
2019-09-11 11:00:00,144.56,145.86,145.23,144.62,215.75759415
2019-09-11 12:00:00,144.04,145.18,144.6,144.35,91.82214572
2019-09-11 13:00:00,143.38,145.04,144.47,143.38,265.14045372
2019-09-11 14:00:00,142.16,144.48,143.38,143.59,310.02801654
2019-09-11 15:00:00,142.02,143.59,143.53,142.88,33.04899132
2019-09-11 16:00:00,141.73,144.33,142.22,143.73,98.34881719
2019-09-11 17:00:00,143.14,144.92,144.4,143.92,73.78643279
2019-09-11 18:00:00,142.76,144.25,143.41,142.76,63.06017115
2019-09-11 19:00:00,142.37,143.53,142.9,142.58,59.40825466
2019-09-11 20:00:00,142.4,144.36,142.4,144.02,90.01297835
2019-09-11 21:00:00,143.02,145.61,143.44,145.15,79.45545474
2019-09-11 22:00:00,143.59,145.19,144.4,145.19,43.66255752
2019-09-11 23:00:00,143.79,145.19,144.65,144.23,21.70151613
2019-09-12 00:00:00,143.79,145.48,145.08,145.07,15.24121993
2019-09-12 01:00:00,144.22,145.43,145.41,144.78,12.15712656
2019-09-12 02:00:00,143.7,144.39,144.11,144.2,3.57703489
2019-09-12 03:00:00,143.84,144.58,144.18,143.85,3.54225903
2019-09-12 04:00:00,144.05,144.95,144.8,144.05,12.49716097
2019-09-12 05:00:00,143.73,144.75,144.7,144.54,9.63684496
2019-09-12 06:00:00,143.04,144.53,144.53,143.23,9.20811121
2019-09-12 07:00:00,143.22,144.24,143.36,144.0,18.88347778
2019-09-12 08:00:00,143.64,144.5,144.0,144.5,23.7810799
2019-09-12 09:00:00,143.65,144.97,144.5,144.97,14.88509224
2019-09-12 10:00:00,143.71,145.42,144.59,144.72,25.13155669
2019-09-12 11:00:00,144.14,145.43,145.26,144.29,74.36469439
2019-09-12 12:00:00,144.21,145.72,144.28,145.69,63.73774922
2019-09-12 13:00:00,145.2,146.55,145.77,145.59,92.41689538
2019-09-12 14:00:00,145.11,146.23,146.16,145.8,89.38525332
2019-09-12 15:00:00,145.25,146.5,145.9,145.5,105.12181411
2019-09-12 16:00:00,144.6,146.1,145.46,144.6,43.725494
2019-09-12 17:00:00,144.53,145.45,144.94,145.35,22.79348025
2019-09-12 18:00:00,145.07,146.28,145.91,145.72,28.31101629
2019-09-12 19:00:00,144.7,146.12,145.34,145.75,156.85453138
2019-09-12 20:00:00,145.19,146.95,146.01,146.19,99.4318484
2019-09-12 21:00:00,146.19,147.73,146.48,146.9,116.46377238
2019-09-12 22:00:00,146.53,148.0,147.14,146.96,44.63702236
2019-09-12 23:00:00,146.2,147.28,147.12,147.28,33.61716901
2019-09-13 00:00:00,146.09,147.41,147.24,146.69,13.64157064
2019-09-13 01:00:00,146.1,146.68,146.68,146.51,11.28720888
2019-09-13 02:00:00,145.79,146.67,146.05,146.61,13.43178687
2019-09-13 03:00:00,145.61,146.69,146.41,146.68,20.68416151
2019-09-13 04:00:00,145.03,146.61,146.61,145.82,10.4936865
2019-09-13 05:00:00,144.65,145.78,145.32,145.13,16.141106
2019-09-13 06:00:00,145.01,145.91,145.62,145.26,189.30985355
2019-09-13 07:00:00,144.07,145.26,145.26,144.23,20.32006137
2019-09-13 08:00:00,144.66,145.52,144.71,144.76,690.06451804
2019-09-13 09:00:00,144.02,144.92,144.61,144.51,67.04186511
2019-09-13 10:00:00,143.54,144.5,144.29,143.82,156.03314219
2019-09-13 11:00:00,143.23,144.62,143.82,143.97,25.9952432
2019-09-13 12:00:00,143.59,144.77,144.55,144.28,71.97907636
2019-09-13 13:00:00,143.85,144.76,144.45,143.86,54.22191201
2019-09-13 14:00:00,143.22,144.18,143.76,143.22,164.64666525
2019-09-13 15:00:00,143.31,144.28,143.67,143.45,349.53590631
2019-09-13 16:00:00,143.01,143.8,143.76,143.21,87.35121157
2019-09-13 17:00:00,142.52,143.88,143.68,143.5,164.40416859
2019-09-13 18:00:00,142.63,143.61,143.48,143.25,47.75431338
2019-09-13 19:00:00,142.57,143.54,142.83,142.93,37.5955308
2019-09-13 20:00:00,142.72,145.99,143.04,144.43,111.01266354
2019-09-13 21:00:00,144.43,146.71,145.32,145.26,128.24755883
2019-09-13 22:00:00,144.39,145.5,145.5,144.78,30.17141372
2019-09-13 23:00:00,144.62,145.76,144.7,145.76,13.67567367
2019-09-14 00:00:00,144.47,145.52,145.32,144.98,46.79828585
2019-09-14 01:00:00,144.48,145.12,145.12,144.6,4.80257452
2019-09-14 02:00:00,144.35,145.48,145.48,144.56,3.53712407
2019-09-14 03:00:00,144.34,145.25,145.24,144.81,0.3708757
2019-09-14 04:00:00,144.18,144.32,144.18,144.32,0.07342622
2019-09-14 05:00:00,144.32,145.29,144.5,144.32,12.63166984
2019-09-14 06:00:00,144.28,145.15,144.43,144.32,13.43647944
2019-09-14 07:00:00,144.4,145.34,144.72,144.77,255.21511637
2019-09-14 08:00:00,144.34,145.35,145.1,144.93,20.09216428
2019-09-14 09:00:00,144.48,145.2,144.92,145.08,25.35855427
2019-09-14 10:00:00,144.61,145.38,144.74,144.78,96.38953233
2019-09-14 11:00:00,144.44,145.6,145.32,144.99,68.66849955
2019-09-14 12:00:00,144.04,145.73,144.59,144.16,244.44180757
2019-09-14 13:00:00,144.06,147.92,144.78,146.95,81.56405215
2019-09-14 14:00:00,147.07,148.63,147.77,148.63,43.27187265
2019-09-14 15:00:00,147.57,148.96,148.29,148.94,100.60346079
2019-09-14 16:00:00,147.93,148.96,148.88,148.41,90.83524383
2019-09-14 17:00:00,148.62,151.24,148.96,150.93,172.05532036
2019-09-14 18:00:00,149.23,150.98,150.53,150.2,263.62895835
2019-09-14 19:00:00,149.2,150.46,150.22,149.57,406.38905288
2019-09-14 20:00:00,149.53,150.97,149.57,150.94,345.51065032
2019-09-14 21:00:00,149.68,151.5,150.42,151.19,176.29504081
2019-09-14 22:00:00,150.24,151.55,150.77,150.57,145.17544664
2019-09-14 23:00:00,150.36,151.95,150.36,151.44,404.9557173
2019-09-15 00:00:00,150.9,152.99,151.13,150.96,67.74054229
2019-09-15 01:00:00,151.0,151.83,151.63,151.03,6.92245253
2019-09-15 02:00:00,150.44,152.1,151.38,150.48,2.67049028
2019-09-15 03:00:00,149.26,151.42,151.42,149.58,36.79990095
2019-09-15 04:00:00,149.31,151.52,149.85,151.09,53.67030656
2019-09-15 05:00:00,149.57,151.59,149.57,150.55,21.48113571
2019-09-15 06:00:00,149.9,151.6,151.18,151.53,37.93101209
2019-09-15 07:00:00,150.78,152.17,151.53,151.25,101.65489493
2019-09-15 08:00:00,150.78,152.18,151.25,150.83,100.59076998
2019-09-15 09:00:00,150.78,151.68,151.51,151.14,72.1027435
2019-09-15 10:00:00,150.78,152.52,151.28,152.52,78.43997974
2019-09-15 11:00:00,150.93,152.7,151.85,152.18,61.38615656
2019-09-15 12:00:00,150.94,152.98,152.17,151.92,94.05432686
2019-09-15 13:00:00,150.32,151.89,151.16,151.3,78.02884287
2019-09-15 14:00:00,150.15,151.37,150.5,150.95,69.99293237
2019-09-15 15:00:00,150.23,152.07,151.13,151.64,13.54280526
2019-09-15 16:00:00,150.51,152.2,151.26,150.7,73.99109841
2019-09-15 17:00:00,150.47,151.73,150.56,151.01,90.19092904
2019-09-15 18:00:00,150.56,151.73,151.01,150.79,39.58943518
2019-09-15 19:00:00,150.79,152.22,151.38,151.56,78.93814935
2019-09-15 20:00:00,150.73,152.51,151.6,151.53,161.93848708
2019-09-15 21:00:00,150.7,152.9,151.43,151.37,60.31021689
2019-09-15 22:00:00,150.84,152.98,150.84,151.78,39.15187089
2019-09-15 23:00:00,150.85,152.49,150.86,152.46,45.89485829
2019-09-16 00:00:00,151.56,154.94,151.56,154.57,49.63479418
2019-09-16 01:00:00,154.54,156.47,154.54,156.02,68.59363159
2019-09-16 02:00:00,155.12,156.47,155.12,155.86,12.84633237
2019-09-16 03:00:00,155.78,156.99,156.47,156.99,125.03123848
2019-09-16 04:00:00,155.79,157.95,155.96,156.87,68.97000337
2019-09-16 05:00:00,155.77,156.94,156.12,155.77,70.55774642
2019-09-16 06:00:00,155.02,156.97,155.85,155.36,106.60229005
2019-09-16 07:00:00,155.01,156.89,155.32,155.73,51.12452687
2019-09-16 08:00:00,155.72,157.59,155.74,156.28,142.87786769
2019-09-16 09:00:00,155.37,156.9,156.23,155.49,466.33793878
2019-09-16 10:00:00,155.29,156.37,155.48,155.54,229.76269348
2019-09-16 11:00:00,155.58,156.7,156.06,155.89,55.40960091
2019-09-16 12:00:00,152.41,156.21,155.01,152.41,529.51840059
2019-09-16 13:00:00,151.58,153.15,152.0,152.69,323.64744737
2019-09-16 14:00:00,152.04,153.61,152.58,152.71,180.27034524
2019-09-16 15:00:00,152.38,153.65,152.51,152.81,545.89783973
2019-09-16 16:00:00,152.14,154.81,153.17,154.03,69.4889535
2019-09-16 17:00:00,153.6,155.65,154.03,154.36,126.77975475
2019-09-16 18:00:00,153.68,155.52,154.29,153.83,88.19423998
2019-09-16 19:00:00,153.78,154.88,154.53,154.0,58.3778312
2019-09-16 20:00:00,154.64,160.0,154.64,160.0,331.7127557
2019-09-16 21:00:00,158.15,160.99,159.99,159.51,972.33303253
2019-09-16 22:00:00,159.05,160.73,159.67,159.33,153.15767009
2019-09-16 23:00:00,158.41,160.13,159.15,159.51,168.34216575
2019-09-17 00:00:00,159.51,160.63,160.11,159.6,38.30665818
2019-09-17 01:00:00,159.15,159.94,159.55,159.23,5.46648547
2019-09-17 02:00:00,158.46,159.84,159.84,159.45,84.81373659
2019-09-17 03:00:00,158.07,159.3,158.45,159.3,10.34611497
2019-09-17 04:00:00,158.47,159.19,158.95,159.0,13.94211834
2019-09-17 05:00:00,159.0,160.29,159.0,160.02,20.52891714
2019-09-17 06:00:00,159.03,160.32,159.86,159.61,75.31826359
2019-09-17 07:00:00,159.6,160.99,159.98,160.5,239.39269513
2019-09-17 08:00:00,159.6,160.81,160.01,160.26,109.83578991
2019-09-17 09:00:00,159.0,160.22,160.22,159.44,369.75346919
2019-09-17 10:00:00,159.66,160.54,160.0,159.93,37.7742117
2019-09-17 11:00:00,159.21,160.23,159.93,159.7,73.90115668
2019-09-17 12:00:00,159.24,161.98,159.24,161.13,622.584264
2019-09-17 13:00:00,161.14,163.05,161.15,162.08,178.27111368
2019-09-17 14:00:00,161.77,162.3,162.08,161.83,284.56665399
2019-09-17 15:00:00,161.34,162.3,161.83,161.83,147.29062186
2019-09-17 16:00:00,161.69,168.79,161.79,167.69,1102.3700276
2019-09-17 17:00:00,166.43,168.31,167.74,168.31,340.11227277
2019-09-17 18:00:00,166.1,168.68,168.27,166.63,275.58895616
2019-09-17 19:00:00,166.63,168.04,166.63,167.48,136.14116408
2019-09-17 20:00:00,167.75,171.43,168.0,170.95,391.9464918
2019-09-17 21:00:00,168.83,172.83,170.43,170.29,454.85513545
2019-09-17 22:00:00,169.29,172.39,170.29,170.23,205.41794892
2019-09-17 23:00:00,166.1,170.56,169.75,166.1,306.47318922
2019-09-18 00:00:00,166.85,170.14,166.85,170.14,20.79994107
2019-09-18 01:00:00,168.77,170.72,170.13,169.76,115.0529231
2019-09-18 02:00:00,169.48,170.43,170.36,169.72,27.8099002
2019-09-18 03:00:00,168.64,169.94,169.73,169.94,33.42513014
2019-09-18 04:00:00,169.92,171.17,169.92,170.71,16.48558931
2019-09-18 05:00:00,169.68,171.11,170.36,170.47,12.58609518
2019-09-18 06:00:00,169.91,171.8,170.4,171.13,83.5653057
2019-09-18 07:00:00,170.97,174.81,172.0,173.97,200.36426133
2019-09-18 08:00:00,171.24,173.85,173.24,172.13,172.0501407
2019-09-18 09:00:00,171.08,172.33,172.08,171.08,203.36316482
2019-09-18 10:00:00,171.46,173.29,171.54,172.52,489.11537732
2019-09-18 11:00:00,169.0,172.52,172.52,170.18,199.64491298
2019-09-18 12:00:00,169.17,171.83,170.15,170.63,167.0227134
2019-09-18 13:00:00,170.62,172.47,170.65,172.46,203.33535046
2019-09-18 14:00:00,170.81,172.77,171.76,170.94,342.1426375
2019-09-18 15:00:00,170.02,171.93,171.64,171.93,131.51401107
2019-09-18 16:00:00,169.0,172.12,172.03,171.25,171.27973782
2019-09-18 17:00:00,170.36,171.76,171.43,170.69,101.63998285
2019-09-18 18:00:00,169.7,172.21,171.2,170.33,217.00640553
2019-09-18 19:00:00,168.3,170.63,170.31,169.82,170.82261605
2019-09-18 20:00:00,168.16,169.97,169.66,168.85,130.74517958
2019-09-18 21:00:00,169.03,170.0,169.61,169.53,291.630945
2019-09-18 22:00:00,169.51,171.09,170.0,169.51,101.43352685
2019-09-18 23:00:00,168.25,170.07,170.07,168.92,190.20015932
2019-09-19 00:00:00,166.02,168.17,168.0,166.93,182.79661038
2019-09-19 01:00:00,165.27,166.98,166.84,165.27,72.76427473
2019-09-19 02:00:00,164.67,166.95,166.19,164.8,60.81327786
2019-09-19 03:00:00,162.57,164.69,164.69,163.78,294.4101932
2019-09-19 04:00:00,163.01,164.13,163.62,164.13,132.24928608
2019-09-19 05:00:00,163.87,166.05,164.12,164.98,132.9503646
2019-09-19 06:00:00,164.67,165.87,165.87,165.36,87.46778909
2019-09-19 07:00:00,164.2,165.59,165.16,165.34,105.75404132
2019-09-19 08:00:00,164.39,167.05,165.29,166.73,50.21332256
2019-09-19 09:00:00,165.92,167.86,165.92,167.42,147.50373484
2019-09-19 10:00:00,166.3,167.8,167.01,166.45,164.45862892
2019-09-19 11:00:00,165.29,167.5,166.99,166.22,119.11508309
2019-09-19 12:00:00,165.87,167.5,165.92,167.0,115.8598417
2019-09-19 13:00:00,166.9,168.21,167.86,168.0,115.62479439
2019-09-19 14:00:00,166.21,167.91,167.43,166.64,46.7448022
2019-09-19 15:00:00,166.56,169.88,166.64,169.38,46.89547257
2019-09-19 16:00:00,169.86,177.29,169.86,176.9,424.37812197
2019-09-19 17:00:00,175.0,179.48,176.26,175.0,544.62918679
2019-09-19 18:00:00,175.01,176.94,175.01,175.73,139.39326512
2019-09-19 19:00:00,175.17,178.02,175.7,178.02,219.01666158
2019-09-19 20:00:00,173.91,179.0,177.26,175.35,342.82415858
2019-09-19 21:00:00,175.4,176.96,175.86,176.1,175.08193326
2019-09-19 22:00:00,175.42,177.16,175.49,175.82,100.71360557
2019-09-19 23:00:00,175.87,178.0,176.2,176.8,58.37824438
2019-09-20 00:00:00,174.5,177.56,177.33,174.5,62.69732124
2019-09-20 01:00:00,172.59,175.29,175.29,173.45,63.37054247
2019-09-20 02:00:00,172.98,174.42,173.12,174.37,11.17232914
2019-09-20 03:00:00,174.33,175.79,175.62,175.31,11.9732963
2019-09-20 04:00:00,173.05,175.09,175.09,173.05,5.61757845
2019-09-20 05:00:00,172.14,173.91,173.91,173.46,129.55418951
2019-09-20 06:00:00,172.32,173.89,173.45,173.37,34.32010648
2019-09-20 07:00:00,172.62,173.39,173.3,173.3,25.22511422
2019-09-20 08:00:00,172.75,174.38,173.0,173.64,89.84284525
2019-09-20 09:00:00,172.69,173.77,173.23,173.27,131.63100225
2019-09-20 10:00:00,172.83,173.67,172.92,173.17,87.78650834
2019-09-20 11:00:00,171.74,175.0,173.23,174.95,171.90025857
2019-09-20 12:00:00,174.66,176.43,175.0,175.57,97.47116679
2019-09-20 12:00:00,174.66,176.43,175.0,175.57,97.47116679
2019-09-20 13:00:00,174.67,176.29,175.69,175.19,82.01720565
2019-09-20 14:00:00,173.05,174.86,174.64,173.56,89.91706032
2019-09-20 15:00:00,172.14,174.19,173.24,173.69,116.14376798
2019-09-20 16:00:00,172.85,173.99,173.03,173.0,27.78911707
2019-09-20 17:00:00,170.07,173.83,172.48,173.2,88.26996587
2019-09-20 18:00:00,172.72,174.0,172.72,173.95,66.74498327
2019-09-20 19:00:00,173.31,175.0,173.91,173.94,63.27700774
2019-09-20 20:00:00,172.92,174.28,173.62,173.37,38.01316598
2019-09-20 21:00:00,172.29,174.1,173.88,172.78,27.73673142
2019-09-20 22:00:00,172.3,173.92,173.52,172.31,46.06982769
2019-09-20 23:00:00,172.29,175.94,172.29,175.94,44.33252693
2019-09-21 00:00:00,174.49,175.99,175.07,175.98,21.75700513
2019-09-21 01:00:00,175.92,177.11,175.99,176.59,53.16305039
2019-09-21 02:00:00,175.33,176.85,176.05,175.65,10.7976856
2019-09-21 04:00:00,174.01,175.27,175.09,174.01,9.52905564
2019-09-21 05:00:00,174.4,175.92,175.1,175.22,24.79987523
2019-09-21 06:00:00,173.83,175.73,175.72,174.9,24.71733891
2019-09-21 07:00:00,174.02,175.2,174.96,174.5,90.05169913
2019-09-21 08:00:00,172.57,174.34,174.25,173.81,129.20549951
2019-09-21 09:00:00,172.6,173.82,173.72,172.67,73.89647337
2019-09-21 10:00:00,172.02,173.42,172.33,172.28,64.82173092
2019-09-21 11:00:00,172.29,174.35,172.29,174.35,83.13617782
2019-09-21 12:00:00,172.44,174.24,173.53,172.6,73.34002945
2019-09-21 13:00:00,172.33,173.92,173.72,173.15,116.64222995
2019-09-21 14:00:00,172.61,174.44,173.89,174.44,114.98586708
2019-09-21 15:00:00,174.2,175.85,174.93,174.64,74.55778918
2019-09-21 16:00:00,172.63,175.01,174.44,172.7,27.47701051
2019-09-21 17:00:00,172.33,173.43,173.21,172.4,24.36867911
2019-09-21 18:00:00,172.4,173.42,172.47,173.01,61.40383564
2019-09-21 19:00:00,173.0,174.57,173.3,174.12,76.22544298
2019-09-21 20:00:00,172.9,174.99,174.18,173.11,37.55334851
2019-09-21 21:00:00,172.37,173.75,173.55,173.13,45.92762565
2019-09-21 22:00:00,171.71,174.1,172.87,173.06,372.26592011
2019-09-21 23:00:00,171.94,173.8,172.5,172.47,16.81653761
2019-09-22 00:00:00,170.84,172.58,172.47,171.19,53.53175939
2019-09-22 01:00:00,168.0,171.2,170.8,169.48,239.86438539
2019-09-22 02:00:00,168.57,169.97,169.55,168.57,3.40056935
2019-09-22 03:00:00,167.13,169.36,169.36,167.27,41.84356851
2019-09-22 04:00:00,166.59,167.6,167.6,166.8,20.67201587
2019-09-22 05:00:00,166.9,169.68,166.91,169.68,46.43804616
2019-09-22 06:00:00,167.97,169.68,169.68,168.58,21.15764564
2019-09-22 07:00:00,168.28,170.74,168.43,170.27,66.9451406
2019-09-22 08:00:00,168.92,171.24,170.74,168.92,197.71651483
2019-09-22 09:00:00,168.29,172.48,168.93,170.0,41.82451721
2019-09-22 10:00:00,168.05,170.39,170.0,168.66,45.05918486
2019-09-22 11:00:00,167.01,168.82,168.65,168.37,349.22333619
2019-09-22 12:00:00,168.53,170.01,168.53,169.22,50.03502178
2019-09-22 13:00:00,168.33,170.08,169.25,168.72,90.50413547
2019-09-22 14:00:00,167.69,168.84,168.51,168.61,141.99338086
2019-09-22 15:00:00,167.85,169.4,168.5,168.48,64.97097315
2019-09-22 16:00:00,165.52,169.1,168.56,166.43,188.89035457
2019-09-22 17:00:00,166.0,167.25,166.35,166.0,132.97513597
2019-09-22 18:00:00,165.7,167.03,166.0,166.0,101.0413234
2019-09-22 19:00:00,165.55,167.15,166.55,165.55,95.38981327
2019-09-22 20:00:00,165.03,167.33,165.55,166.75,319.47632936
2019-09-22 21:00:00,165.88,168.2,166.73,168.14,116.63012032
2019-09-22 22:00:00,167.99,169.28,168.17,169.21,32.64619839
2019-09-22 23:00:00,168.69,170.08,168.69,169.16,57.15291757
2019-09-23 00:00:00,167.31,169.83,169.83,167.31,28.05067921
2019-09-23 01:00:00,166.29,167.73,167.73,167.35,52.02923004
2019-09-23 02:00:00,166.7,167.07,167.07,166.7,2.04888004
2019-09-23 03:00:00,165.76,166.85,166.04,166.78,14.22043711
2019-09-23 04:00:00,166.9,167.78,166.9,167.63,2.63526894
2019-09-23 05:00:00,166.92,167.72,167.58,166.97,40.95709294
2019-09-23 06:00:00,165.85,167.9,166.97,167.88,11.4219275
2019-09-23 07:00:00,167.11,167.96,167.12,167.37,29.59046694
2019-09-23 08:00:00,167.67,169.14,167.9,167.91,47.24816457
2019-09-23 09:00:00,168.56,169.45,168.71,168.84,31.19412842
2019-09-23 10:00:00,167.92,169.11,168.85,168.0,81.90190107
2019-09-23 11:00:00,168.07,169.21,168.5,168.07,45.75818691
2019-09-23 12:00:00,168.01,168.93,168.03,168.54,46.41975966
2019-09-23 13:00:00,168.0,168.6,168.17,168.0,48.80928779
2019-09-23 14:00:00,164.61,168.95,168.01,168.95,223.40370036
2019-09-23 15:00:00,167.83,169.42,169.0,168.31,220.58264359
2019-09-23 16:00:00,166.56,169.28,168.99,166.99,97.37562188
2019-09-23 17:00:00,165.92,168.05,167.52,166.73,280.2118071
2019-09-23 18:00:00,166.05,167.11,166.66,166.65,195.09756441
2019-09-23 19:00:00,165.11,166.9,166.65,165.2,99.20275228
2019-09-23 20:00:00,164.46,166.79,165.26,165.32,144.11190805
2019-09-23 21:00:00,159.14,165.21,165.21,161.81,858.49227008
2019-09-23 22:00:00,159.93,162.44,162.44,162.21,41.40637768
2019-09-23 23:00:00,161.24,162.82,161.85,162.01,94.94973606
2019-09-24 00:00:00,160.51,163.04,161.4,163.04,23.38962432
2019-09-24 01:00:00,161.91,163.13,162.96,161.91,71.050495
2019-09-24 02:00:00,161.52,162.66,162.61,161.52,71.83198202
2019-09-24 03:00:00,160.74,162.08,161.58,161.76,5.76947223
2019-09-24 04:00:00,161.18,162.17,161.84,162.08,12.80973963
2019-09-24 05:00:00,161.17,162.82,161.67,162.0,299.87595315
2019-09-24 06:00:00,160.0,162.18,161.98,160.0,392.90968366
2019-09-24 07:00:00,159.38,160.94,160.0,160.11,154.20391994
2019-09-24 08:00:00,157.29,160.89,160.75,158.01,306.04933227
2019-09-24 09:00:00,157.01,158.89,157.6,158.56,182.71240437
2019-09-24 10:00:00,156.65,158.46,157.98,157.56,213.64602398
2019-09-24 11:00:00,157.4,159.0,158.56,158.45,41.66504331
2019-09-24 12:00:00,156.6,158.45,158.45,156.86,50.66086966
2019-09-24 13:00:00,155.37,157.5,157.5,155.69,140.89235554
2019-09-24 14:00:00,152.6,156.19,156.19,152.6,476.92056945
2019-09-24 15:00:00,150.31,155.0,152.6,154.71,1418.66174094
2019-09-24 16:00:00,151.22,155.48,154.07,152.13,180.14593417
2019-09-24 17:00:00,150.69,152.42,152.18,152.0,848.61850121
2019-09-24 18:00:00,130.03,152.33,151.55,130.03,3597.60444007
2019-09-24 19:00:00,125.85,139.14,131.63,137.99,4002.10125798
2019-09-24 20:00:00,133.34,149.99,137.56,134.52,3356.10883249
2019-09-24 21:00:00,131.13,139.36,134.03,137.49,1694.99423435
2019-09-24 22:00:00,134.98,139.15,137.0,137.92,742.59723323
2019-09-24 23:00:00,133.5,139.92,137.44,134.26,720.46685265
2019-09-25 00:00:00,134.7,138.49,134.7,137.66,305.66804571
2019-09-25 01:00:00,136.37,139.87,136.37,139.86,79.24811225
2019-09-25 02:00:00,138.02,140.75,139.81,138.09,96.07568973
2019-09-25 03:00:00,138.01,139.46,139.46,138.07,85.92707036
2019-09-25 04:00:00,136.12,139.98,138.31,137.97,196.94543446
2019-09-25 05:00:00,135.7,139.65,137.72,137.73,284.55963754
2019-09-25 06:00:00,135.97,138.63,136.52,136.21,370.72046049
2019-09-25 07:00:00,132.15,137.09,136.0,133.22,297.74425602
2019-09-25 08:00:00,130.55,134.12,133.34,132.7,1637.06164443
2019-09-25 09:00:00,132.22,136.77,132.22,136.48,875.77523312
2019-09-25 10:00:00,134.28,137.56,135.71,137.09,226.07537898
2019-09-25 11:00:00,133.97,137.51,137.03,135.1,202.87234746
2019-09-25 12:00:00,133.52,136.3,135.47,134.55,484.6597134
2019-09-25 13:00:00,133.74,135.83,134.48,135.32,407.40441372
2019-09-25 14:00:00,135.33,137.57,135.81,135.33,216.044108
2019-09-25 15:00:00,134.0,137.56,135.34,134.0,245.57291194
2019-09-25 16:00:00,133.62,137.31,134.34,137.11,186.40272991
2019-09-25 17:00:00,136.44,138.12,137.12,136.9,173.09820153
2019-09-25 18:00:00,134.8,137.02,136.37,135.83,108.22853698
2019-09-25 19:00:00,135.35,137.22,135.8,136.76,276.1667547
2019-09-25 20:00:00,136.65,139.29,136.69,138.51,286.15857941
2019-09-25 21:00:00,136.95,139.73,138.29,138.86,572.71777869
2019-09-25 22:00:00,137.22,141.99,138.53,137.22,352.94852248
2019-09-25 23:00:00,136.37,138.35,137.63,137.61,49.89736067
2019-09-26 00:00:00,136.72,139.95,137.59,136.85,334.6753582
2019-09-26 01:00:00,135.67,137.12,136.73,135.97,24.24278301
2019-09-26 02:00:00,135.45,136.66,135.59,136.66,174.39645992
2019-09-26 03:00:00,135.84,136.63,135.86,136.12,6.80482025
2019-09-26 04:00:00,136.13,137.1,136.24,136.2,21.34142873
2019-09-26 05:00:00,136.3,137.75,136.65,137.25,183.39777923
2019-09-26 06:00:00,136.75,137.87,136.75,137.14,278.53384205
2019-09-26 07:00:00,137.02,137.83,137.14,137.14,115.57051941
2019-09-26 08:00:00,137.58,138.93,137.58,138.55,273.96437546
2019-09-26 09:00:00,137.81,139.28,138.55,138.55,140.18438174
2019-09-26 10:00:00,137.54,138.55,138.55,137.7,106.53790763
2019-09-26 11:00:00,136.85,138.14,138.09,137.24,149.50436661
2019-09-26 12:00:00,136.59,137.55,136.59,137.55,131.75837653
2019-09-26 13:00:00,132.5,137.55,137.55,136.37,731.5715434
2019-09-26 14:00:00,132.0,136.26,135.94,133.79,543.77528374
2019-09-26 15:00:00,127.09,134.72,133.64,129.63,630.79484512
2019-09-26 16:00:00,123.33,131.14,129.05,129.26,791.60614295
2019-09-26 17:00:00,128.31,130.91,129.45,129.29,235.51917289
2019-09-26 18:00:00,128.93,133.97,128.93,133.29,423.1396614
2019-09-26 19:00:00,132.23,134.54,133.19,134.08,307.68569307
2019-09-26 20:00:00,132.57,134.25,133.72,132.92,121.64884626
2019-09-26 21:00:00,131.79,134.91,133.23,134.66,131.58850668
2019-09-26 22:00:00,133.15,135.96,134.2,135.42,144.28525919
2019-09-26 23:00:00,134.29,135.94,135.86,134.66,174.12446774
2019-09-27 00:00:00,132.98,135.16,134.83,133.32,55.12967461
2019-09-27 01:00:00,132.94,134.63,132.95,134.63,18.55943403
2019-09-27 02:00:00,133.05,134.01,133.49,134.01,9.02189417
2019-09-27 03:00:00,133.73,134.46,133.84,134.45,6.54251554
2019-09-27 04:00:00,133.45,134.22,133.71,134.22,77.1744702
2019-09-27 05:00:00,132.85,133.77,133.77,133.67,53.85581402
2019-09-27 06:00:00,133.19,134.7,133.29,134.02,146.06939533
2019-09-27 07:00:00,134.74,136.79,135.02,135.38,316.74534673
2019-09-27 08:00:00,134.89,135.98,135.51,135.37,63.77920994
2019-09-27 09:00:00,134.4,135.8,135.52,135.8,89.76908811
2019-09-27 10:00:00,134.57,135.88,135.46,134.88,251.83024671
2019-09-27 11:00:00,133.49,135.16,135.15,133.98,97.32220298
2019-09-27 12:00:00,134.01,135.26,134.2,134.27,174.28866349
2019-09-27 13:00:00,134.0,135.36,134.62,134.0,147.30248704
2019-09-27 14:00:00,133.77,135.56,134.23,134.47,276.91166053
2019-09-27 15:00:00,130.67,134.47,134.1,133.68,432.13001913
2019-09-27 16:00:00,132.87,137.46,132.87,135.99,196.93412893
2019-09-27 17:00:00,135.1,137.06,135.8,136.2,189.53940183
2019-09-27 18:00:00,135.69,137.42,136.33,135.97,101.37021993
2019-09-27 19:00:00,135.61,137.26,136.54,136.49,115.99005444
2019-09-27 20:00:00,136.14,139.85,136.14,139.43,190.6715602
2019-09-27 21:00:00,139.13,144.25,139.43,143.69,544.86274484
2019-09-27 22:00:00,140.72,143.63,143.63,140.72,343.13758131
2019-09-27 23:00:00,140.11,142.41,140.89,141.54,164.59506278
2019-09-28 00:00:00,141.08,143.31,141.68,143.06,38.25470732
2019-09-28 01:00:00,141.23,143.28,143.14,141.89,50.34399576
2019-09-28 02:00:00,141.85,143.12,142.45,143.03,5.54607544
2019-09-28 03:00:00,141.7,142.83,142.76,142.13,3.12420589
2019-09-28 04:00:00,142.61,142.82,142.61,142.7,8.23588524
2019-09-28 05:00:00,141.55,142.66,142.43,142.34,11.84847893
2019-09-28 06:00:00,141.32,142.35,142.35,141.48,32.27510411
2019-09-28 07:00:00,141.4,142.53,141.4,142.4,126.7374292
2019-09-28 08:00:00,141.73,143.01,142.5,142.1,174.09751513
2019-09-28 09:00:00,141.46,143.13,141.52,143.13,99.24272821
2019-09-28 10:00:00,141.72,143.27,142.8,142.07,169.20039901
2019-09-28 11:00:00,140.79,142.15,142.15,140.79,212.40538514
2019-09-28 12:00:00,138.51,142.14,140.5,139.82,554.21120534
2019-09-28 13:00:00,139.14,141.0,139.29,140.99,54.57186096
2019-09-28 14:00:00,138.82,141.0,141.0,138.82,209.60027044
2019-09-28 15:00:00,136.98,139.05,138.94,138.6,163.83237579
2019-09-28 16:00:00,137.44,142.15,138.34,141.18,280.44313719
2019-09-28 17:00:00,140.73,142.13,140.96,141.44,85.20378569
2019-09-28 18:00:00,141.26,142.5,141.42,141.8,132.23047374
2019-09-28 19:00:00,140.6,141.63,141.63,141.38,50.77410791
2019-09-28 20:00:00,140.5,142.0,141.51,141.98,92.61748886
2019-09-28 21:00:00,141.11,142.0,142.0,141.52,136.83649356
2019-09-28 22:00:00,138.29,142.0,141.11,141.53,248.72319041
2019-09-28 23:00:00,140.56,142.47,140.64,141.72,46.85841377
2019-09-29 00:00:00,140.76,142.44,141.71,141.35,32.83171858
2019-09-29 01:00:00,140.91,141.97,141.75,141.02,15.15112765
2019-09-29 02:00:00,139.3,140.92,140.92,139.3,0.328207
2019-09-29 03:00:00,139.48,140.3,139.85,139.48,10.30232961
2019-09-29 04:00:00,139.28,140.44,140.18,139.89,31.46495995
2019-09-29 05:00:00,139.41,140.7,139.89,139.66,6.99212704
2019-09-29 06:00:00,138.97,141.13,139.89,139.33,44.89150612
2019-09-29 07:00:00,138.45,139.73,138.65,139.54,53.35190258
2019-09-29 08:00:00,138.9,140.07,139.54,138.9,30.95810767
2019-09-29 09:00:00,138.8,139.56,139.23,139.38,169.15424643
2019-09-29 10:00:00,138.01,139.84,139.7,138.99,107.48613311
2019-09-29 11:00:00,136.18,139.1,139.1,138.06,366.41021826
2019-09-29 12:00:00,135.07,139.56,138.39,136.02,190.52299657
2019-09-29 13:00:00,134.83,136.79,136.2,135.64,144.6116263
2019-09-29 14:00:00,135.01,136.84,135.18,135.65,157.65141592
2019-09-29 15:00:00,134.08,137.54,135.83,136.43,201.54731825
2019-09-29 16:00:00,135.81,138.84,135.92,138.56,140.59745451
2019-09-29 17:00:00,136.88,138.69,138.62,137.55,53.73911431
2019-09-29 18:00:00,135.52,137.89,137.2,136.26,202.17039862
2019-09-29 19:00:00,135.02,139.88,136.64,136.43,345.07844346
2019-09-29 20:00:00,135.72,137.7,135.85,137.46,75.99493142
2019-09-29 21:00:00,136.82,138.52,136.87,138.35,77.35038089
2019-09-29 22:00:00,137.27,140.26,137.27,139.12,103.55472025
2019-09-29 23:00:00,138.11,139.89,139.25,138.56,36.90590368
2019-09-30 00:00:00,137.23,138.99,138.22,138.47,27.52825842
2019-09-30 01:00:00,137.64,138.57,137.98,138.29,13.06939584
2019-09-30 02:00:00,136.88,138.46,137.89,136.88,98.11243917
2019-09-30 03:00:00,136.6,138.94,137.47,137.45,13.56358808
2019-09-30 04:00:00,134.37,138.89,138.89,135.59,139.91577905
2019-09-30 05:00:00,135.05,138.03,136.37,135.25,26.29886191
2019-09-30 06:00:00,134.76,136.43,135.54,135.89,83.96981212
2019-09-30 07:00:00,134.78,136.71,135.2,136.22,80.88280376
2019-09-30 08:00:00,135.46,137.14,136.17,136.7,61.95879646
2019-09-30 09:00:00,135.63,141.41,135.63,141.41,78.63383158
2019-09-30 10:00:00,139.65,143.72,141.64,139.65,240.65988236
2019-09-30 11:00:00,140.06,141.86,140.81,141.0,94.56834609
2019-09-30 12:00:00,140.6,141.6,140.98,140.66,150.73211451
2019-09-30 13:00:00,140.6,142.49,141.3,142.49,386.43709333
2019-09-30 14:00:00,141.76,144.79,142.03,144.79,85.60952893
2019-09-30 15:00:00,144.14,146.49,145.0,145.79,742.95271242
2019-09-30 16:00:00,144.12,147.67,145.66,146.09,645.07130352
2019-09-30 17:00:00,144.88,146.28,145.99,145.83,120.76682946
2019-09-30 18:00:00,145.33,146.0,145.33,145.42,115.04555942
2019-09-30 19:00:00,144.53,145.91,145.42,144.79,137.95251927
2019-09-30 20:00:00,143.01,145.29,144.79,144.03,284.64046993
2019-09-30 21:00:00,143.41,145.77,143.95,145.09,209.42680734
2019-09-30 22:00:00,144.67,146.12,145.08,145.62,148.355806
2019-09-30 23:00:00,145.18,148.22,145.18,147.98,75.51571324
2019-10-01 00:00:00,146.28,149.77,148.48,146.76,176.71370578
2019-10-01 01:00:00,146.6,149.31,146.6,148.55,9.14707825
2019-10-01 02:00:00,149.02,151.97,149.02,149.73,153.67410228
2019-10-01 03:00:00,149.07,151.35,150.81,149.5,226.17923816
2019-10-01 04:00:00,149.17,150.57,149.31,149.21,33.93729827
2019-10-01 05:00:00,148.13,149.81,149.55,148.82,98.49188445
2019-10-01 06:00:00,147.52,149.06,148.8,148.25,152.83501487
2019-10-01 07:00:00,146.94,148.83,148.5,148.37,240.98748171
2019-10-01 08:00:00,146.58,148.51,148.3,147.52,70.88711882
2019-10-01 09:00:00,145.22,148.25,148.23,145.86,371.69743207
2019-10-01 10:00:00,146.28,148.19,146.28,147.27,124.00857785
2019-10-01 11:00:00,145.87,148.94,146.57,148.25,134.1019081
2019-10-01 12:00:00,146.8,151.01,148.8,146.8,81.34933043
2019-10-01 13:00:00,146.81,149.74,146.81,149.27,75.80940815
2019-10-01 14:00:00,147.16,149.53,149.28,147.89,90.86293051
2019-10-01 15:00:00,145.53,147.84,147.42,147.58,120.92470511
2019-10-01 16:00:00,145.86,147.92,147.17,147.18,72.77077744
2019-10-01 17:00:00,142.39,148.09,147.17,143.55,367.21708429
2019-10-01 18:00:00,142.85,145.2,143.6,143.52,134.91127713
2019-10-01 19:00:00,142.01,144.55,142.66,143.95,130.49125421
2019-10-01 20:00:00,142.7,145.58,143.93,145.58,53.48567132
2019-10-01 21:00:00,144.29,146.21,145.84,144.6,66.62794945
2019-10-01 22:00:00,143.71,145.58,144.67,144.31,65.97173356
2019-10-01 23:00:00,143.7,145.86,144.75,144.37,93.39136657
2019-10-02 00:00:00,142.79,144.77,143.7,144.0,74.99431555
2019-10-02 01:00:00,143.64,145.19,144.26,144.27,14.99401432
2019-10-02 02:00:00,143.29,144.59,143.84,143.38,16.24980223
2019-10-02 03:00:00,143.26,144.01,143.26,143.46,8.59438284
2019-10-02 04:00:00,143.28,143.84,143.28,143.54,5.8244494
2019-10-02 05:00:00,142.42,142.93,142.72,142.71,36.95560541
2019-10-02 06:00:00,142.09,143.87,142.09,143.69,13.84556664
2019-10-02 07:00:00,143.32,144.13,143.74,143.53,41.54757389
2019-10-02 08:00:00,143.32,145.29,143.59,144.84,104.30339523
2019-10-02 09:00:00,144.2,145.53,145.12,144.68,129.18295824
2019-10-02 10:00:00,143.62,145.19,144.68,145.19,49.81383221
2019-10-02 11:00:00,143.92,145.31,145.13,144.84,5.42023516
2019-10-02 12:00:00,143.64,145.33,144.34,144.23,56.31905031
2019-10-02 13:00:00,143.53,145.07,144.19,143.78,146.61922278
2019-10-02 14:00:00,143.32,144.75,144.26,143.96,94.22338777
2019-10-02 15:00:00,142.56,144.07,143.52,142.74,146.85783612
2019-10-02 16:00:00,142.76,145.0,143.2,144.46,55.28741788
2019-10-02 17:00:00,143.15,144.2,143.44,144.2,32.00827017
2019-10-02 18:00:00,143.32,144.46,143.74,143.48,74.27145469
2019-10-02 19:00:00,143.54,145.0,143.9,144.53,152.28974028
2019-10-02 20:00:00,144.09,145.0,144.99,144.55,61.17925512
2019-10-02 21:00:00,143.95,145.72,144.56,145.72,82.90034665
2019-10-02 22:00:00,144.66,146.11,145.2,145.51,142.31051863
2019-10-02 23:00:00,145.75,147.99,145.75,147.09,42.86293187
2019-10-03 00:00:00,146.24,147.16,147.03,146.9,42.24212317
2019-10-03 00:00:00,146.24,147.16,147.03,146.9,42.24212317
2019-10-03 01:00:00,146.16,147.15,147.15,146.3,10.68921095
2019-10-03 02:00:00,146.5,147.06,146.5,146.54,18.25229817
2019-10-03 03:00:00,146.29,147.01,147.01,146.38,69.38704892
2019-10-03 04:00:00,145.98,146.79,146.29,145.98,7.21684861
2019-10-03 05:00:00,145.5,146.59,146.59,145.5,198.21968947
2019-10-03 06:00:00,145.14,146.01,145.5,145.47,21.55269484
2019-10-03 07:00:00,144.14,145.46,145.46,144.81,147.56339229
2019-10-03 08:00:00,144.46,145.49,144.81,144.76,164.92553517
2019-10-03 09:00:00,144.61,145.41,145.1,145.0,254.637104
2019-10-03 10:00:00,143.32,145.65,145.12,143.33,78.9795643
2019-10-03 11:00:00,143.21,143.92,143.64,143.39,133.81865582
2019-10-03 12:00:00,143.0,143.82,143.49,143.0,178.84715759
2019-10-03 13:00:00,142.47,143.45,143.0,142.91,81.83743184
2019-10-03 14:00:00,137.0,142.77,142.77,139.03,517.59048673
2019-10-03 15:00:00,138.65,140.0,139.19,139.25,100.10282025
2019-10-03 16:00:00,138.78,141.11,138.78,140.48,59.03237539
2019-10-03 17:00:00,139.6,140.64,140.38,140.18,81.9250556
2019-10-03 18:00:00,139.86,140.29,140.17,140.12,104.42958279
2019-10-03 19:00:00,138.0,140.29,140.0,140.29,316.34291402
2019-10-03 20:00:00,140.0,140.98,140.29,140.47,241.52814889
2019-10-03 21:00:00,139.82,141.79,140.14,141.13,54.40638099
2019-10-03 22:00:00,140.64,142.96,141.41,142.65,64.69220042
2019-10-03 23:00:00,141.89,143.49,142.98,141.89,180.48467057
2019-10-04 00:00:00,140.38,142.19,142.16,140.38,13.18906377
2019-10-04 01:00:00,139.78,140.96,140.81,140.96,20.16583307
2019-10-04 02:00:00,139.8,141.03,140.38,139.8,2.91468751
2019-10-04 03:00:00,139.95,140.66,140.47,140.44,26.1976424
2019-10-04 04:00:00,139.25,140.57,140.57,139.25,8.03533657
2019-10-04 05:00:00,139.76,141.02,140.08,140.67,7.80043264
2019-10-04 06:00:00,140.36,141.04,140.98,140.51,21.91317609
2019-10-04 07:00:00,140.79,141.96,140.96,141.96,44.99689602
2019-10-04 08:00:00,140.01,141.85,141.53,140.59,210.83385648
2019-10-04 09:00:00,140.13,141.58,140.66,141.1,86.76791809
2019-10-04 10:00:00,141.06,142.53,141.59,141.18,24.96967095
2019-10-04 11:00:00,141.22,142.2,141.75,142.2,80.96663577
2019-10-04 12:00:00,141.57,142.19,141.78,141.93,138.95206556
2019-10-04 13:00:00,141.62,143.09,141.73,142.58,129.56538728
2019-10-04 14:00:00,142.46,143.69,142.68,142.87,252.89788831
2019-10-04 15:00:00,141.91,143.33,142.93,142.96,64.96104088
2019-10-04 16:00:00,142.34,145.0,142.51,144.6,126.09428833
2019-10-04 17:00:00,143.68,144.84,144.59,143.81,119.74960165
2019-10-04 18:00:00,143.81,144.77,143.81,144.15,110.00542011
2019-10-04 19:00:00,143.98,145.0,144.57,145.0,471.69383779
2019-10-04 20:00:00,144.01,145.37,145.0,144.18,85.72460957
2019-10-04 21:00:00,142.94,145.68,144.31,143.62,348.2509219
2019-10-04 22:00:00,143.29,145.99,143.89,143.74,824.6378922
2019-10-04 23:00:00,142.39,143.74,143.74,142.39,97.09763883
2019-10-05 00:00:00,142.2,143.08,142.87,142.68,49.56025119
2019-10-05 01:00:00,141.97,142.5,142.23,141.99,8.20461603
2019-10-05 02:00:00,141.99,143.72,142.43,142.28,15.17938182
2019-10-05 03:00:00,142.53,143.29,143.26,143.28,0.67574471
2019-10-05 04:00:00,143.4,144.23,143.4,144.23,2.08227672
2019-10-05 05:00:00,143.0,144.64,143.66,144.6,5.48153791
2019-10-05 06:00:00,143.01,144.51,144.23,143.08,19.66375344
2019-10-05 07:00:00,142.53,143.73,143.28,142.54,79.83928576
2019-10-05 08:00:00,141.68,142.72,142.54,142.27,51.34834587
2019-10-05 09:00:00,141.13,142.38,141.88,141.13,58.3124506
2019-10-05 10:00:00,140.99,142.29,140.99,141.97,105.81691378
2019-10-05 11:00:00,141.34,142.33,141.83,141.39,36.76248781
2019-10-05 12:00:00,140.31,141.59,141.31,140.31,129.9113471
2019-10-05 13:00:00,139.75,141.64,140.39,141.64,579.59226169
2019-10-05 14:00:00,140.58,141.79,141.27,140.58,28.88147394
2019-10-05 15:00:00,140.64,142.91,140.67,142.77,44.13251091
2019-10-05 16:00:00,141.75,143.5,143.0,142.78,25.31062406
2019-10-05 17:00:00,141.43,142.76,142.33,141.99,42.94337284
2019-10-05 18:00:00,141.16,142.22,141.64,141.39,115.10223509
2019-10-05 19:00:00,141.07,142.23,141.07,141.98,67.4928139
2019-10-05 20:00:00,141.07,142.23,141.98,142.22,38.32091626
2019-10-05 21:00:00,141.56,143.44,142.17,143.44,50.91994814
2019-10-05 22:00:00,142.83,143.45,143.43,143.34,12.40638337
2019-10-05 23:00:00,142.69,143.4,142.94,143.14,9.83237376
2019-10-06 00:00:00,142.92,143.45,143.14,143.45,13.02480047
2019-10-06 01:00:00,142.24,143.45,143.45,142.24,9.87339952
2019-10-06 02:00:00,142.05,142.95,142.24,142.64,6.86116193
2019-10-06 03:00:00,142.26,142.71,142.71,142.49,15.93271259
2019-10-06 05:00:00,142.37,143.06,142.37,143.06,0.44896808
2019-10-06 06:00:00,141.86,143.05,142.51,141.89,20.33481628
2019-10-06 07:00:00,141.01,142.22,141.81,141.01,44.07375756
2019-10-06 08:00:00,140.08,141.13,140.93,140.33,45.48578116
2019-10-06 09:00:00,140.17,141.05,140.17,141.03,31.12444262
2019-10-06 10:00:00,140.25,141.13,141.12,140.3,38.58965392
2019-10-06 11:00:00,140.23,141.92,140.23,141.45,25.18266696
2019-10-06 12:00:00,140.98,141.89,141.86,141.55,80.50541585
2019-10-06 13:00:00,138.83,141.39,141.09,139.71,83.88799396
2019-10-06 14:00:00,138.5,140.12,139.38,139.91,18.8319786
2019-10-06 15:00:00,140.15,141.36,140.3,141.34,30.42793014
2019-10-06 16:00:00,139.79,141.5,141.37,140.85,61.49371159
2019-10-06 17:00:00,140.39,141.29,140.84,140.5,62.12284273
2019-10-06 18:00:00,136.0,140.81,140.14,137.11,199.55673565
2019-10-06 19:00:00,136.75,137.87,136.75,137.47,140.49037396
2019-10-06 20:00:00,137.94,142.44,137.96,138.8,467.4101948
2019-10-06 21:00:00,138.92,139.7,139.24,139.38,102.05475132
2019-10-06 22:00:00,137.47,139.32,139.25,137.47,77.7410109
2019-10-06 23:00:00,136.79,138.57,137.69,138.22,63.33751515
2019-10-07 00:00:00,137.15,138.5,137.95,138.18,187.61601415
2019-10-07 01:00:00,137.03,138.34,138.33,137.5,150.66600259
2019-10-07 02:00:00,137.23,137.9,137.23,137.85,14.62196364
2019-10-07 03:00:00,138.83,140.22,138.83,139.93,8.48992046
2019-10-07 04:00:00,138.85,139.95,139.38,138.85,6.85418927
2019-10-07 05:00:00,138.54,139.26,139.26,139.18,10.09224879
2019-10-07 06:00:00,138.56,139.58,139.54,138.87,77.53760796
2019-10-07 07:00:00,139.25,140.21,139.3,139.89,52.61976826
2019-10-07 08:00:00,139.45,141.2,139.9,140.6,70.75642596
2019-10-07 09:00:00,140.32,141.93,140.99,141.83,116.56430738
2019-10-07 10:00:00,141.83,143.34,141.83,142.88,146.52081636
2019-10-07 11:00:00,141.92,143.39,142.2,142.55,130.3025401
2019-10-07 12:00:00,142.27,145.0,142.3,144.4,350.01435055
2019-10-07 13:00:00,144.03,145.36,144.32,144.51,182.92796197
2019-10-07 14:00:00,143.08,144.79,144.51,143.57,145.46804251
2019-10-07 15:00:00,143.67,144.98,143.99,144.98,189.64829259
2019-10-07 16:00:00,143.67,148.0,144.32,147.93,202.17217837
2019-10-07 17:00:00,146.54,148.37,147.48,148.07,314.54049828
2019-10-07 18:00:00,146.54,148.78,147.68,147.26,218.22068347
2019-10-07 19:00:00,146.08,147.49,147.25,146.98,185.46490081
2019-10-07 20:00:00,146.0,147.87,147.61,146.0,53.84550781
2019-10-07 21:00:00,145.75,147.46,146.23,146.0,95.03372204
2019-10-07 22:00:00,146.0,148.4,146.0,147.75,25.03397809
2019-10-07 23:00:00,147.19,148.88,148.27,147.33,41.18444172
2019-10-08 00:00:00,146.6,147.84,147.48,147.66,16.48874376
2019-10-08 01:00:00,147.55,150.62,147.74,149.85,163.75946999
2019-10-08 02:00:00,149.04,150.42,150.12,149.29,5.89029627
2019-10-08 03:00:00,148.25,149.46,149.0,148.59,25.25492195
2019-10-08 04:00:00,148.26,149.18,148.97,148.47,14.28240791
2019-10-08 05:00:00,147.88,148.76,147.98,148.41,7.8504328
2019-10-08 06:00:00,147.93,149.06,148.32,148.26,23.91008321
2019-10-08 07:00:00,147.46,148.42,148.06,147.94,43.31335144
2019-10-08 08:00:00,146.3,147.78,147.12,147.17,31.16196559
2019-10-08 09:00:00,147.1,148.24,147.17,148.23,96.21418502
2019-10-08 10:00:00,147.75,148.99,147.75,147.83,108.21374007
2019-10-08 11:00:00,147.82,148.99,147.82,148.33,352.25786446
2019-10-08 12:00:00,146.44,148.98,148.35,148.64,42.84770456
2019-10-08 13:00:00,147.13,148.97,148.57,147.13,88.30601383
2019-10-08 14:00:00,146.14,147.61,146.95,146.55,92.65551662
2019-10-08 15:00:00,146.23,147.75,147.34,147.26,16.10767114
2019-10-08 16:00:00,146.61,147.92,146.8,147.14,60.99457359
2019-10-08 17:00:00,146.32,147.41,147.07,147.4,37.72344341
2019-10-08 18:00:00,146.54,147.76,147.58,147.59,24.41193811
2019-10-08 19:00:00,146.36,147.78,147.59,146.86,58.68817072
2019-10-08 20:00:00,145.46,147.27,146.47,145.88,105.22364415
2019-10-08 21:00:00,145.36,146.68,145.57,146.17,35.67730442
2019-10-08 22:00:00,146.44,148.34,146.44,148.07,83.13214572
2019-10-08 23:00:00,147.14,148.99,147.89,148.99,26.4998765
2019-10-09 00:00:00,148.18,149.25,149.0,148.76,200.97985356
2019-10-09 01:00:00,147.89,149.26,149.26,147.89,10.23740546
2019-10-09 02:00:00,147.59,148.24,147.76,148.24,4.72381244
2019-10-09 03:00:00,147.25,148.2,148.2,147.48,9.34998014
2019-10-09 04:00:00,147.04,147.65,147.28,147.61,3.0931435
2019-10-09 05:00:00,147.76,148.5,147.76,147.85,12.79010746
2019-10-09 06:00:00,147.61,148.72,148.02,148.14,11.60598458
2019-10-09 07:00:00,148.16,149.24,148.29,148.6,102.48475207
2019-10-09 08:00:00,147.26,149.24,148.82,149.24,87.03760192
2019-10-09 09:00:00,148.76,149.98,148.76,149.85,141.2057285
2019-10-09 10:00:00,149.3,151.28,149.31,151.15,203.55297102
2019-10-09 11:00:00,149.57,151.12,151.07,150.3,120.81946883
2019-10-09 12:00:00,148.94,150.3,149.98,149.86,43.06927095
2019-10-09 13:00:00,149.17,154.0,149.86,154.0,204.50307789
2019-10-09 14:00:00,154.07,158.67,154.48,156.5,637.36383591
2019-10-09 15:00:00,155.21,157.63,156.91,156.18,187.46858477
2019-10-09 16:00:00,155.87,160.0,156.23,158.21,464.2848903
2019-10-09 17:00:00,156.35,158.37,157.56,157.96,195.64385751
2019-10-09 18:00:00,156.11,158.54,157.81,157.14,318.7539354
2019-10-09 19:00:00,156.15,158.05,156.86,157.34,112.53289606
2019-10-09 20:00:00,156.73,158.17,157.87,158.17,121.15998381
2019-10-09 21:00:00,156.8,158.49,158.17,157.26,87.38596777
2019-10-09 22:00:00,157.48,159.51,157.48,158.09,217.49841008
2019-10-09 23:00:00,158.14,160.0,158.14,158.68,289.91227031
2019-10-10 00:00:00,158.0,159.26,158.22,158.61,195.22091602
2019-10-10 01:00:00,157.86,158.97,158.77,157.86,23.46241715
2019-10-10 02:00:00,157.17,158.57,157.77,158.57,2.20577246
2019-10-10 03:00:00,157.38,159.1,157.6,158.38,4.97903932
2019-10-10 04:00:00,158.67,159.19,159.19,158.88,8.09601824
2019-10-10 05:00:00,158.09,159.04,158.57,158.44,177.07987816
2019-10-10 06:00:00,157.58,159.35,157.87,158.05,219.67381298
2019-10-10 07:00:00,157.29,158.7,158.7,158.13,21.25656806
2019-10-10 08:00:00,155.59,158.13,158.13,155.79,193.29849617
2019-10-10 09:00:00,153.71,156.5,156.42,153.71,456.82413668
2019-10-10 10:00:00,153.26,155.54,154.11,154.46,123.78138733
2019-10-10 11:00:00,154.92,156.0,155.09,155.2,51.33155099
2019-10-10 12:00:00,153.96,155.51,154.48,155.51,38.23617724
2019-10-10 13:00:00,154.31,157.41,154.94,157.01,142.15643867
2019-10-10 14:00:00,155.38,157.43,157.2,156.33,100.95669184
2019-10-10 15:00:00,155.35,157.22,156.52,156.09,73.06122952
2019-10-10 16:00:00,154.53,156.71,155.64,155.27,62.71096379
2019-10-10 17:00:00,153.21,155.23,154.5,153.31,117.18873539
2019-10-10 18:00:00,153.0,154.65,153.0,153.83,49.4935771
2019-10-10 19:00:00,153.81,155.09,154.25,154.78,105.95661261
2019-10-10 20:00:00,154.05,155.3,154.74,154.97,226.73698917
2019-10-10 21:00:00,154.18,155.82,154.97,154.91,276.26867697
2019-10-10 22:00:00,154.32,155.38,154.38,154.48,37.37267034
2019-10-10 23:00:00,154.16,154.96,154.71,154.79,25.41235266
2019-10-11 00:00:00,152.65,154.95,154.95,152.91,25.0070259
2019-10-11 01:00:00,152.5,153.74,153.46,153.66,11.77617391
2019-10-11 02:00:00,153.11,154.12,153.97,153.77,2.56618146
2019-10-11 03:00:00,153.41,155.51,153.41,155.51,5.88292975
2019-10-11 04:00:00,154.72,158.27,155.57,158.02,58.45701265
2019-10-11 05:00:00,150.45,157.4,157.4,151.5,446.97371062
2019-10-11 06:00:00,148.71,151.54,151.53,150.34,74.89889429
2019-10-11 07:00:00,149.37,150.84,150.53,149.77,214.67797292
2019-10-11 08:00:00,148.68,150.14,149.86,149.72,154.04806261
2019-10-11 09:00:00,148.52,149.89,149.0,149.01,45.23626113
2019-10-11 10:00:00,147.73,149.37,148.83,148.21,211.80295247
2019-10-11 11:00:00,144.5,148.57,148.23,145.51,303.23756749
2019-10-11 12:00:00,144.86,147.46,145.59,147.18,111.5853344
2019-10-11 13:00:00,146.23,147.34,147.17,146.63,91.4379762
2019-10-11 14:00:00,145.55,146.65,146.63,145.55,86.23714969
2019-10-11 15:00:00,144.72,146.39,145.06,145.55,167.07915568
2019-10-11 16:00:00,142.0,146.23,145.7,144.54,299.96960755
2019-10-11 17:00:00,143.29,144.78,144.61,144.1,67.93716158
2019-10-11 18:00:00,142.72,144.41,144.2,143.9,206.71219502
2019-10-11 19:00:00,142.95,144.29,143.22,144.29,48.7991403
2019-10-11 20:00:00,143.5,144.65,143.78,144.61,155.52788174
2019-10-11 21:00:00,142.35,144.71,144.62,143.47,182.08866803
2019-10-11 22:00:00,142.95,144.34,143.41,143.74,61.45079541
2019-10-11 23:00:00,142.57,144.0,143.74,142.99,118.88589838
2019-10-12 00:00:00,143.26,144.58,143.61,143.77,70.58892017
2019-10-12 01:00:00,143.53,145.97,143.53,145.97,56.34334205
2019-10-12 02:00:00,144.14,145.66,145.48,144.5,58.00909489
2019-10-12 03:00:00,143.9,145.54,144.48,145.54,56.05695497
2019-10-12 04:00:00,144.5,145.65,144.77,145.65,12.47255198
2019-10-12 05:00:00,145.04,147.57,145.07,145.58,35.27936927
2019-10-12 06:00:00,145.05,147.76,145.7,145.82,228.66955992
2019-10-12 07:00:00,144.88,145.82,145.82,145.24,36.14248151
2019-10-12 08:00:00,145.08,146.3,145.21,145.85,19.08812711
2019-10-12 09:00:00,145.19,146.81,145.48,145.53,31.94233345
2019-10-12 10:00:00,144.14,145.81,144.89,145.03,17.88243644
2019-10-12 11:00:00,144.54,146.1,144.67,144.54,47.68053411
2019-10-12 12:00:00,144.44,145.5,144.54,145.5,25.81293357
2019-10-12 13:00:00,144.69,146.15,145.33,145.12,117.46268912
2019-10-12 14:00:00,144.4,145.82,144.7,145.42,51.48216413
2019-10-12 15:00:00,144.68,145.91,145.67,145.91,167.46962366
2019-10-12 16:00:00,144.55,145.94,145.67,145.47,60.52374989
2019-10-12 17:00:00,144.81,145.57,145.57,144.87,54.98271342
2019-10-12 18:00:00,142.8,144.83,144.8,142.8,64.8242999
2019-10-12 19:00:00,140.73,143.27,142.0,142.08,160.50646201
2019-10-12 20:00:00,141.95,143.55,141.95,143.06,24.72814224
2019-10-12 21:00:00,142.6,143.38,143.17,142.73,26.54384864
2019-10-12 22:00:00,142.68,143.75,143.14,143.17,20.17684509
2019-10-12 23:00:00,142.56,143.33,142.66,142.56,6.19937728
2019-10-13 00:00:00,141.8,143.42,142.56,143.42,73.87641809
2019-10-13 01:00:00,143.09,144.55,143.92,144.17,3.81034723
2019-10-13 03:00:00,144.15,144.43,144.38,144.15,2.01476225
2019-10-13 04:00:00,142.55,144.7,144.51,142.55,65.24530606
2019-10-13 05:00:00,143.37,143.72,143.37,143.71,16.23401809
2019-10-13 06:00:00,142.97,143.65,143.32,142.97,4.55057806
2019-10-13 07:00:00,143.21,144.13,143.62,143.64,18.19547807
2019-10-13 08:00:00,143.59,144.53,144.13,144.13,56.41308872
2019-10-13 09:00:00,143.62,144.59,144.59,144.28,57.46171571
2019-10-13 10:00:00,143.6,144.7,144.28,144.04,107.60472215
2019-10-13 11:00:00,143.77,145.26,144.17,144.0,155.21537206
2019-10-13 12:00:00,144.31,145.99,144.31,145.15,61.22992037
2019-10-13 13:00:00,144.87,145.97,145.08,145.26,48.41899794
2019-10-13 14:00:00,144.62,146.26,145.19,146.26,193.18251558
2019-10-13 15:00:00,144.85,146.07,145.76,146.07,71.31642748
2019-10-13 16:00:00,145.36,146.26,145.56,145.91,57.82065802
2019-10-13 17:00:00,145.07,146.0,145.7,145.25,51.62440651
2019-10-13 18:00:00,145.2,146.19,145.64,145.51,19.44268982
2019-10-13 19:00:00,144.57,146.02,145.81,145.12,185.54096295
2019-10-13 20:00:00,142.04,144.13,144.13,143.23,106.94817192
2019-10-13 21:00:00,142.69,143.66,143.23,143.66,44.06643259
2019-10-13 22:00:00,143.25,144.28,143.48,144.15,25.66709285
2019-10-13 23:00:00,143.24,144.34,143.28,144.04,81.23482997
2019-10-14 00:00:00,143.15,144.08,143.5,144.08,336.14052812
2019-10-14 01:00:00,143.6,144.78,143.7,144.57,2.49124464
2019-10-14 02:00:00,144.54,145.48,144.78,145.16,22.0252849
2019-10-14 03:00:00,144.79,145.37,145.37,144.79,5.07402406
2019-10-14 04:00:00,145.0,145.11,145.0,145.11,4.61624798
2019-10-14 05:00:00,144.87,145.99,144.87,145.52,1.61423688
2019-10-14 06:00:00,145.48,146.53,145.48,146.37,22.00533187
2019-10-14 07:00:00,145.31,146.74,146.73,145.53,134.34922316
2019-10-14 08:00:00,145.34,146.48,145.34,145.68,32.20119801
2019-10-14 09:00:00,145.56,146.75,145.85,145.67,89.70337043
2019-10-14 10:00:00,145.62,146.33,145.94,146.25,58.24796498
2019-10-14 11:00:00,145.37,146.47,146.12,146.12,140.3390152
2019-10-14 12:00:00,145.1,146.53,146.08,145.28,209.23597605
2019-10-14 13:00:00,145.13,146.21,145.54,146.01,117.87900763
2019-10-14 14:00:00,144.95,145.98,145.98,145.22,44.56626017
2019-10-14 15:00:00,144.39,145.62,145.03,144.4,30.90281928
2019-10-14 16:00:00,144.19,148.54,144.44,147.57,369.34945095
2019-10-14 17:00:00,148.07,150.13,148.42,148.7,105.15823581
2019-10-14 18:00:00,148.2,149.64,148.39,148.4,108.89409883
2019-10-14 19:00:00,148.07,148.96,148.79,148.57,94.77666714
2019-10-14 20:00:00,148.25,149.57,148.94,148.92,225.42993998
2019-10-14 21:00:00,147.34,149.28,149.26,147.53,29.75763307
2019-10-14 22:00:00,147.5,148.46,148.06,148.34,38.49448553
2019-10-14 23:00:00,147.79,148.77,148.33,148.75,27.8923142
2019-10-15 00:00:00,148.37,149.77,148.37,148.45,22.46344641
2019-10-15 01:00:00,148.23,148.36,148.36,148.23,2.21288321
2019-10-15 02:00:00,147.76,148.37,148.04,147.76,15.63554817
2019-10-15 03:00:00,146.0,148.0,148.0,146.0,15.51035449
2019-10-15 04:00:00,146.25,147.26,146.32,147.08,12.1530396
2019-10-15 05:00:00,146.37,147.51,146.53,147.33,12.19198408
2019-10-15 06:00:00,145.76,147.21,147.21,146.42,11.23448582
2019-10-15 07:00:00,145.04,146.53,146.33,145.17,92.85203015
2019-10-15 08:00:00,144.04,145.51,145.0,144.95,102.62326334
2019-10-15 09:00:00,144.47,145.57,145.01,144.55,104.47817666
2019-10-15 10:00:00,144.94,146.2,144.94,145.43,125.92599964
2019-10-15 11:00:00,145.44,146.2,145.53,145.91,16.20191266
2019-10-15 12:00:00,145.13,146.27,146.06,145.77,54.44842963
2019-10-15 13:00:00,145.1,146.04,145.78,145.96,67.68633494
2019-10-15 14:00:00,141.81,145.7,145.51,142.51,183.6400629
2019-10-15 15:00:00,142.39,144.78,142.39,144.77,29.04335896
2019-10-15 16:00:00,139.6,144.74,144.33,141.15,838.98679204
2019-10-15 17:00:00,140.63,142.28,140.95,140.85,114.02779032
2019-10-15 18:00:00,140.49,141.99,140.74,141.73,156.78087333
2019-10-15 19:00:00,141.05,141.79,141.44,141.43,111.13200673
2019-10-15 20:00:00,139.85,141.39,141.09,139.85,208.16218839
2019-10-15 21:00:00,139.01,140.52,139.55,140.47,272.91858493
2019-10-15 22:00:00,140.0,141.01,140.35,140.39,116.19293974
2019-10-15 23:00:00,140.31,141.8,140.31,141.34,33.15880009
2019-10-16 00:00:00,140.99,142.06,141.73,141.36,18.36092331
2019-10-16 01:00:00,141.27,141.76,141.45,141.49,12.11424734
2019-10-16 02:00:00,140.61,141.22,140.76,140.64,10.97455956
2019-10-16 03:00:00,140.22,140.88,140.63,140.22,184.6837933
2019-10-16 04:00:00,140.76,141.12,140.76,141.12,5.31117963
2019-10-16 05:00:00,140.52,141.19,141.02,141.0,84.30846217
2019-10-16 06:00:00,140.17,141.2,140.85,140.17,37.94540033
2019-10-16 07:00:00,140.0,141.34,140.46,140.67,48.61329816
2019-10-16 08:00:00,140.03,140.81,140.73,140.37,71.86660835
2019-10-16 09:00:00,140.32,141.28,140.76,140.64,177.59475984
2019-10-16 10:00:00,140.02,140.92,140.9,140.63,158.33419076
2019-10-16 11:00:00,138.01,140.54,140.36,138.21,163.41217563
2019-10-16 12:00:00,134.98,138.68,138.5,136.47,456.10730849
2019-10-16 13:00:00,135.36,136.89,135.92,135.84,158.03542507
2019-10-16 14:00:00,134.84,135.93,135.39,135.67,229.23259541
2019-10-16 15:00:00,135.07,136.5,135.35,135.23,278.60161215
2019-10-16 16:00:00,134.0,136.14,134.8,135.53,207.19854484
2019-10-16 17:00:00,134.48,135.87,135.48,135.6,193.16641356
2019-10-16 18:00:00,134.86,135.71,135.18,135.39,68.1965968
2019-10-16 19:00:00,134.66,135.82,135.25,135.37,190.65168717
2019-10-16 20:00:00,135.35,136.38,135.72,136.38,203.04644138
2019-10-16 21:00:00,135.48,136.52,136.0,135.92,273.14354009
2019-10-16 22:00:00,135.98,137.07,136.36,136.65,127.21243047
2019-10-16 23:00:00,136.39,137.33,136.75,136.69,20.85655533
2019-10-17 00:00:00,135.44,136.74,136.74,135.87,38.58531848
2019-10-17 01:00:00,135.77,136.15,136.02,135.77,124.27527359
2019-10-17 02:00:00,135.77,135.97,135.77,135.77,2.34521163
2019-10-17 03:00:00,135.63,135.94,135.77,135.94,43.38781035
2019-10-17 04:00:00,135.0,135.72,135.51,135.1,47.45366403
2019-10-17 05:00:00,135.25,136.13,135.57,136.13,56.27788112
2019-10-17 06:00:00,136.11,137.77,136.8,136.62,108.51561931
2019-10-17 07:00:00,136.03,136.75,136.25,136.4,43.93623169
2019-10-17 08:00:00,136.59,138.23,136.98,138.14,134.6003322
2019-10-17 09:00:00,136.03,138.21,137.66,136.35,115.67545433
2019-10-17 10:00:00,136.5,137.85,136.5,137.13,169.551859
2019-10-17 11:00:00,136.94,138.09,136.97,137.51,65.06683406
2019-10-17 12:00:00,136.99,138.49,137.05,138.37,244.26349499
2019-10-17 13:00:00,137.62,138.81,138.43,138.1,86.78027387
2019-10-17 14:00:00,136.11,138.03,137.53,137.73,378.56847865
2019-10-17 15:00:00,137.43,138.73,138.16,138.41,109.04695033
2019-10-17 16:00:00,137.64,139.65,138.4,138.08,98.08155246
2019-10-17 17:00:00,137.84,138.62,138.16,137.95,63.60272052
2019-10-17 18:00:00,137.56,138.37,138.25,138.0,94.01350976
2019-10-17 19:00:00,137.01,137.94,137.94,137.5,120.36899023
2019-10-17 20:00:00,136.59,137.96,137.41,137.27,85.75380986
2019-10-17 21:00:00,135.9,137.15,136.77,136.62,120.21419161
2019-10-17 22:00:00,136.45,137.75,136.61,137.75,125.99867594
2019-10-17 23:00:00,137.24,138.0,137.73,138.0,71.96781803
2019-10-18 00:00:00,137.1,138.31,138.0,138.0,45.97696714
2019-10-18 01:00:00,137.02,138.04,138.04,137.97,214.21708395
2019-10-18 02:00:00,137.08,138.06,137.52,137.79,82.35445638
2019-10-18 03:00:00,136.64,138.0,137.81,136.7,53.64670326
2019-10-18 04:00:00,137.05,137.53,137.05,137.2,0.52814175
2019-10-18 05:00:00,135.08,137.05,137.05,135.2,110.4734018
2019-10-18 06:00:00,134.49,135.62,135.32,135.44,51.5953328
2019-10-18 07:00:00,134.0,135.33,135.33,134.66,162.77501378
2019-10-18 08:00:00,130.58,134.52,134.52,132.51,334.55919391
2019-10-18 09:00:00,132.6,133.95,132.6,132.82,153.57401739
2019-10-18 10:00:00,132.0,133.55,132.89,132.93,142.33293987
2019-10-18 11:00:00,133.12,134.09,133.19,133.7,115.03491317
2019-10-18 12:00:00,133.12,134.28,133.94,133.64,96.48530854
2019-10-18 13:00:00,133.11,133.83,133.14,133.83,94.60952267
2019-10-18 14:00:00,132.88,133.56,133.05,133.05,53.30858362
2019-10-18 15:00:00,133.05,134.47,133.34,133.98,353.92753668
2019-10-18 16:00:00,133.35,134.84,133.53,134.15,62.01835579
2019-10-18 17:00:00,132.89,134.24,134.17,133.98,180.92162995
2019-10-18 18:00:00,133.5,135.85,133.64,133.96,321.38432516
2019-10-18 19:00:00,134.08,135.37,134.52,135.11,55.64149877
2019-10-18 20:00:00,134.11,135.15,134.64,134.59,123.29598102
2019-10-18 21:00:00,133.54,134.55,134.22,133.98,60.95003232
2019-10-18 22:00:00,133.6,134.64,134.26,134.64,44.6214443
2019-10-18 23:00:00,133.55,134.77,134.33,133.99,57.81370947
2019-10-19 00:00:00,132.52,134.02,134.02,133.16,55.19270721
2019-10-19 01:00:00,132.58,133.37,132.78,132.58,8.22751557
2019-10-19 02:00:00,132.28,133.28,132.29,133.22,22.81286746
2019-10-19 03:00:00,133.38,134.36,133.38,134.36,7.29774968
2019-10-19 04:00:00,133.71,134.35,134.0,134.17,12.50288223
2019-10-19 05:00:00,133.49,134.38,133.7,134.38,9.32050296
2019-10-19 06:00:00,133.15,134.41,134.41,134.01,12.95680888
2019-10-19 07:00:00,133.29,134.3,134.15,134.07,30.53372397
2019-10-19 08:00:00,134.04,135.28,134.61,134.72,49.11558047
2019-10-19 09:00:00,133.79,134.78,134.11,134.18,60.69322505
2019-10-19 10:00:00,133.51,134.3,134.19,134.15,64.21784882
2019-10-19 11:00:00,133.52,134.37,134.31,133.71,127.12569807
2019-10-19 12:00:00,132.39,135.42,134.1,135.35,103.24814857
2019-10-19 13:00:00,134.14,135.15,135.09,134.52,86.83432403
2019-10-19 14:00:00,134.09,135.78,134.56,134.83,124.17726154
2019-10-19 15:00:00,134.08,135.57,134.92,134.48,247.1923421
2019-10-19 16:00:00,132.93,134.89,134.73,133.44,144.26019329
2019-10-19 17:00:00,133.26,134.54,133.26,134.36,72.5879869
2019-10-19 18:00:00,133.95,134.89,134.45,134.68,282.40532362
2019-10-19 19:00:00,133.35,134.53,134.3,134.23,52.8049989
2019-10-19 20:00:00,132.2,134.81,134.06,134.81,75.78239238
2019-10-19 21:00:00,133.41,135.1,134.81,133.82,204.44019778
2019-10-19 22:00:00,132.72,133.84,133.84,133.1,65.46274938
2019-10-19 23:00:00,132.47,133.59,132.93,133.59,32.18802233
2019-10-20 00:00:00,132.83,134.18,133.24,132.94,126.38116763
2019-10-20 01:00:00,131.42,134.14,132.94,131.61,93.63696284
2019-10-20 02:00:00,131.61,132.45,131.61,132.3,7.16289967
2019-10-20 03:00:00,131.77,134.19,132.55,131.77,6.90577127
2019-10-20 04:00:00,132.02,132.57,132.52,132.02,15.06762596
2019-10-20 05:00:00,132.31,132.86,132.66,132.86,19.1811601
2019-10-20 06:00:00,132.13,132.99,132.68,132.82,6.51511436
2019-10-20 07:00:00,132.24,133.09,132.69,132.33,27.12435675
2019-10-20 08:00:00,131.57,132.94,132.33,132.7,98.2911442
2019-10-20 09:00:00,132.39,134.35,132.39,133.72,30.30198507
2019-10-20 10:00:00,132.73,133.8,133.78,133.78,34.00111077
2019-10-20 11:00:00,132.57,133.8,133.76,133.24,29.79966541
2019-10-20 12:00:00,132.6,134.9,133.18,133.43,52.01598386
2019-10-20 13:00:00,133.13,134.13,134.08,133.6,47.69382715
2019-10-20 14:00:00,133.79,135.16,134.04,135.16,85.74286959
2019-10-20 15:00:00,134.38,135.83,134.87,135.0,95.87341344
2019-10-20 16:00:00,134.66,135.77,135.0,135.67,97.60906295
2019-10-20 17:00:00,135.13,136.99,135.49,136.94,80.60830091
2019-10-20 18:00:00,135.51,136.98,136.22,136.25,131.84120974
2019-10-20 19:00:00,135.78,136.97,135.95,136.08,257.87785061
2019-10-20 20:00:00,135.31,136.98,136.98,135.31,133.12731946
2019-10-20 21:00:00,134.73,135.75,134.92,135.75,64.15741247
2019-10-20 22:00:00,135.34,136.99,135.75,136.08,47.02413351
2019-10-20 23:00:00,135.53,136.38,135.77,136.38,55.68562977
2019-10-21 00:00:00,135.09,136.35,136.35,135.09,25.53155487
2019-10-21 01:00:00,135.45,135.86,135.51,135.72,73.21192475
2019-10-21 02:00:00,135.43,135.85,135.72,135.76,22.65341945
2019-10-21 03:00:00,135.26,135.76,135.76,135.26,4.29427264
2019-10-21 04:00:00,135.23,135.82,135.23,135.54,13.03806492
2019-10-21 05:00:00,135.0,135.61,135.01,135.61,18.9555857
2019-10-21 06:00:00,134.81,135.65,135.25,135.2,90.2548634
2019-10-21 07:00:00,134.5,136.68,135.2,134.5,171.48056813
2019-10-21 08:00:00,133.54,134.6,134.48,134.17,95.9570975
2019-10-21 09:00:00,133.67,134.53,134.45,134.37,168.20221014
2019-10-21 10:00:00,133.93,136.79,133.95,136.52,70.3140696
2019-10-21 11:00:00,135.6,137.12,136.89,135.86,182.27045434
2019-10-21 12:00:00,134.61,136.42,135.62,134.61,212.04421602
2019-10-21 13:00:00,135.45,136.53,135.88,135.62,67.17366785
2019-10-21 14:00:00,135.23,136.03,135.89,135.73,79.99586263
2019-10-21 15:00:00,132.38,136.21,136.0,133.06,229.68320579
2019-10-21 16:00:00,131.7,133.59,133.02,132.99,124.41145023
2019-10-21 17:00:00,133.11,134.16,133.42,134.16,119.95598049
2019-10-21 18:00:00,133.15,134.31,134.31,133.97,43.66969024
2019-10-21 19:00:00,133.34,134.24,133.95,133.61,61.4610802
2019-10-21 20:00:00,133.55,134.49,134.07,134.28,124.68187538
2019-10-21 21:00:00,133.89,135.06,134.41,134.62,91.46467857
2019-10-21 22:00:00,133.79,135.08,135.08,134.58,18.92950164
2019-10-21 23:00:00,133.93,134.72,134.33,134.72,10.64138459
2019-10-22 00:00:00,133.87,134.72,134.68,134.25,98.61667343
2019-10-22 01:00:00,133.79,134.87,134.24,133.79,52.42993669
2019-10-22 02:00:00,134.46,134.97,134.46,134.5,12.46674751
2019-10-22 03:00:00,134.33,135.45,134.79,135.45,5.44772147
2019-10-22 04:00:00,134.3,135.23,135.23,134.86,2.70050139
2019-10-22 05:00:00,134.44,134.89,134.81,134.89,6.41084168
2019-10-22 06:00:00,133.77,135.07,134.95,134.19,50.85897243
2019-10-22 07:00:00,133.98,135.04,133.98,134.39,31.49249206
2019-10-22 08:00:00,134.34,135.29,134.86,134.53,22.34085059
2019-10-22 09:00:00,134.42,135.09,134.58,134.57,120.46014801
2019-10-22 10:00:00,133.32,134.95,134.61,133.59,24.30049755
2019-10-22 11:00:00,133.26,134.87,133.5,134.51,76.48713418
2019-10-22 12:00:00,133.67,135.32,135.32,134.58,68.17660352
2019-10-22 13:00:00,133.77,134.56,134.16,134.45,29.7482535
2019-10-22 14:00:00,133.39,134.45,134.45,133.83,168.76365463
2019-10-22 15:00:00,132.91,134.19,133.39,134.19,135.26603712
2019-10-22 16:00:00,133.12,134.25,134.12,133.63,59.71696651
2019-10-22 17:00:00,133.17,133.94,133.75,133.32,34.06050237
2019-10-22 18:00:00,132.99,134.47,133.62,134.43,337.61214752
2019-10-22 19:00:00,132.93,134.46,134.39,132.93,54.67595961
2019-10-22 20:00:00,132.91,134.39,133.8,133.52,229.99619217
2019-10-22 21:00:00,133.59,134.4,133.99,133.82,26.99074409
2019-10-22 22:00:00,133.25,134.36,133.65,133.25,111.43938153
2019-10-22 23:00:00,132.45,133.4,132.94,133.14,97.274828
2019-10-23 00:00:00,133.01,133.5,133.14,133.39,52.27478269
2019-10-23 01:00:00,133.09,133.62,133.38,133.48,11.65275967
2019-10-23 02:00:00,131.38,133.56,133.32,131.38,70.19736753
2019-10-23 03:00:00,127.4,131.35,131.35,129.69,764.31771366
2019-10-23 04:00:00,129.38,130.37,129.79,129.97,23.12353359
2019-10-23 05:00:00,129.02,130.24,129.95,129.51,89.1559346
2019-10-23 06:00:00,129.39,130.83,129.62,129.48,207.60267025
2019-10-23 07:00:00,129.05,129.86,129.32,129.22,201.66621874
2019-10-23 08:00:00,129.22,130.15,129.22,129.76,64.59381657
2019-10-23 09:00:00,129.59,130.43,129.96,130.0,71.75023535
2019-10-23 10:00:00,129.69,130.42,130.0,130.42,150.57201856
2019-10-23 11:00:00,129.32,130.39,130.39,129.52,132.09824049
2019-10-23 12:00:00,121.21,130.91,129.3,124.77,833.62159804
2019-10-23 13:00:00,122.43,125.27,124.77,124.03,354.46973703
2019-10-23 14:00:00,123.5,124.64,124.17,123.5,379.29843046
2019-10-23 15:00:00,122.28,124.42,123.35,123.34,234.96300704
2019-10-23 16:00:00,120.0,125.2,122.51,124.54,742.34238763
2019-10-23 17:00:00,124.0,125.07,124.56,124.88,260.12498431
2019-10-23 18:00:00,124.23,125.47,124.78,125.06,239.0600033
2019-10-23 19:00:00,124.18,125.41,124.99,125.0,177.79790569
2019-10-23 20:00:00,123.32,124.88,124.88,124.24,463.29263848
2019-10-23 21:00:00,123.69,124.46,124.22,123.69,319.16542119
2019-10-23 22:00:00,122.82,125.0,124.08,123.94,527.21512222
2019-10-23 23:00:00,123.52,125.5,123.52,125.5,65.33770742
2019-10-24 00:00:00,125.01,126.49,126.0,125.31,361.31165078
2019-10-24 01:00:00,124.47,125.49,125.32,125.01,82.82990176
2019-10-24 02:00:00,123.77,125.84,124.84,125.84,78.04203302
2019-10-24 03:00:00,124.12,125.19,124.97,124.4,30.69828515
2019-10-24 04:00:00,124.17,124.9,124.4,124.9,50.22179342
2019-10-24 05:00:00,124.46,125.37,124.99,124.46,63.53916807
2019-10-24 06:00:00,123.36,124.99,124.99,123.36,56.77914166
2019-10-24 07:00:00,123.38,124.96,123.76,124.78,76.28744988
2019-10-24 08:00:00,123.82,125.37,124.83,125.18,105.74466543
2019-10-24 09:00:00,125.19,125.98,125.5,125.44,74.0297895
2019-10-24 10:00:00,125.11,125.89,125.56,125.48,132.76332869
2019-10-24 11:00:00,125.1,125.77,125.5,125.12,34.15895211
2019-10-24 12:00:00,125.56,126.46,125.58,125.65,83.76206157
2019-10-24 13:00:00,125.65,126.82,125.8,126.77,265.11198855
2019-10-24 14:00:00,126.63,128.36,126.91,127.3,237.97742079
2019-10-24 15:00:00,125.89,127.45,127.1,127.45,175.89962593
2019-10-24 16:00:00,125.94,127.78,127.29,127.0,155.44928307
2019-10-24 17:00:00,126.06,127.0,126.65,126.57,83.43484846
2019-10-24 18:00:00,125.91,127.27,126.57,126.28,80.11572189
2019-10-24 19:00:00,125.91,126.79,126.28,126.41,113.70552712
2019-10-24 20:00:00,125.26,126.58,126.35,125.26,91.67343269
2019-10-24 21:00:00,124.43,125.64,125.61,124.71,163.51073319
2019-10-24 22:00:00,124.61,125.92,124.89,125.44,51.82405894
2019-10-24 23:00:00,124.92,126.32,125.77,125.2,152.91959231
2019-10-25 00:00:00,125.03,125.88,125.2,125.72,12.71260478
2019-10-25 01:00:00,125.21,125.99,125.67,125.83,30.44122804
2019-10-25 02:00:00,125.63,126.41,125.81,126.41,4.97777419
2019-10-25 03:00:00,126.15,126.6,126.4,126.29,12.76494338
2019-10-25 04:00:00,125.5,126.28,126.28,125.66,7.72081272
2019-10-25 05:00:00,125.1,126.14,125.89,126.0,76.58362016
2019-10-25 06:00:00,125.54,126.77,125.79,125.83,301.45981581
2019-10-25 07:00:00,125.78,127.12,126.14,126.9,33.21674632
2019-10-25 08:00:00,126.46,127.89,127.21,126.79,93.07135236
2019-10-25 09:00:00,126.45,127.23,126.75,126.82,90.93424659
2019-10-25 10:00:00,126.77,129.4,127.17,128.89,278.7139649
2019-10-25 11:00:00,128.75,130.54,129.16,128.93,372.03049955
2019-10-25 12:00:00,129.22,131.0,129.3,129.81,299.19630167
2019-10-25 13:00:00,129.84,131.0,130.43,130.84,170.98182334
2019-10-25 14:00:00,130.05,131.64,130.99,130.05,204.77471841
2019-10-25 15:00:00,130.28,140.03,130.28,137.17,423.59398719
2019-10-25 16:00:00,137.16,140.91,137.16,139.57,724.22454127
2019-10-25 17:00:00,138.83,146.85,140.16,140.2,1069.04207954
2019-10-25 18:00:00,139.6,142.64,140.05,141.49,694.818373
2019-10-25 19:00:00,139.57,141.79,141.09,141.24,207.10955937
2019-10-25 20:00:00,140.53,142.34,141.22,141.0,188.60715788
2019-10-25 21:00:00,140.32,142.26,140.91,141.11,113.71279752
2019-10-25 22:00:00,140.02,142.24,141.3,140.2,75.79745935
2019-10-25 23:00:00,140.35,142.18,140.61,142.18,30.97825299
2019-10-26 00:00:00,141.51,147.77,142.1,146.55,487.87452491
2019-10-26 01:00:00,146.57,155.27,146.57,152.91,1057.69194402
2019-10-26 02:00:00,146.27,154.69,152.75,147.76,370.43785223
2019-10-26 03:00:00,144.55,147.57,146.46,145.43,79.410171
2019-10-26 04:00:00,145.26,148.15,146.01,147.56,464.82152953
2019-10-26 05:00:00,146.43,147.94,146.87,146.53,72.63314163
2019-10-26 06:00:00,144.78,147.11,146.27,145.41,132.77930764
2019-10-26 07:00:00,142.0,146.55,145.63,144.51,428.09552038
2019-10-26 08:00:00,139.87,145.26,144.61,140.0,251.0333926
2019-10-26 09:00:00,137.53,141.76,139.55,140.94,328.18431919
2019-10-26 10:00:00,139.23,142.85,140.68,141.27,227.19177157
2019-10-26 11:00:00,140.62,142.39,141.59,142.24,149.02570164
2019-10-26 12:00:00,141.1,143.16,141.52,141.85,117.64816477
2019-10-26 13:00:00,139.46,141.67,141.67,140.0,274.35449741
2019-10-26 14:00:00,139.28,140.66,139.69,140.35,65.45196977
2019-10-26 15:00:00,139.9,142.37,140.06,141.22,88.84041257
2019-10-26 16:00:00,138.65,141.93,141.93,140.08,327.16591941
2019-10-26 17:00:00,137.77,139.8,139.23,138.25,261.06399301
2019-10-26 18:00:00,136.15,138.83,138.25,138.0,551.91273729
2019-10-26 19:00:00,136.23,140.3,138.57,138.37,609.95379122
2019-10-26 20:00:00,138.83,140.3,138.83,139.91,109.73762799
2019-10-26 21:00:00,138.59,140.33,139.79,139.06,36.11671489
2019-10-26 22:00:00,138.28,139.35,139.06,138.79,41.55817528
2019-10-26 23:00:00,138.35,141.25,138.87,140.78,80.62918334
2019-10-27 00:00:00,140.05,141.99,141.16,140.05,21.39256323
2019-10-27 01:00:00,139.07,140.33,139.73,139.73,25.63398304
2019-10-27 02:00:00,139.42,139.9,139.9,139.67,17.33812101
2019-10-27 03:00:00,138.44,139.22,138.83,138.98,39.95994639
2019-10-27 04:00:00,138.21,139.52,138.21,138.89,8.83178402
2019-10-27 05:00:00,138.89,139.99,138.89,139.99,59.89074902
2019-10-27 06:00:00,139.68,140.85,139.91,140.85,6.21262868
2019-10-27 07:00:00,139.2,140.69,140.69,140.1,17.16384895
2019-10-27 08:00:00,139.97,141.28,140.06,141.22,71.9128874
2019-10-27 09:00:00,140.72,141.63,140.85,141.49,18.8479483
2019-10-27 10:00:00,141.09,142.76,141.57,142.76,531.20984745
2019-10-27 11:00:00,138.83,144.75,142.63,140.07,492.70416046
2019-10-27 12:00:00,139.53,140.94,140.21,140.94,476.67862822
2019-10-27 13:00:00,140.91,142.4,140.91,141.6,118.47003994
2019-10-27 14:00:00,140.48,145.0,142.38,144.65,902.49237273
2019-10-27 15:00:00,141.87,145.34,144.42,143.3,131.74089629
2019-10-27 16:00:00,141.8,146.06,143.47,145.72,476.3394529
2019-10-27 17:00:00,143.73,146.0,144.81,146.0,160.34667753
2019-10-27 18:00:00,145.08,147.29,145.65,146.82,171.02355865
2019-10-27 19:00:00,143.86,147.29,146.73,146.2,679.88379676
2019-10-27 20:00:00,144.75,146.17,146.17,145.61,63.74874517
2019-10-27 21:00:00,144.41,145.35,145.04,144.97,79.27046681
2019-10-27 22:00:00,142.83,146.99,144.66,143.84,491.86971443
2019-10-27 23:00:00,143.0,144.68,144.34,143.72,71.34557149
2019-10-28 00:00:00,143.3,146.31,143.43,146.31,70.52716102
2019-10-28 01:00:00,144.56,148.0,145.66,144.96,198.41018852
2019-10-28 02:00:00,144.86,146.72,144.89,145.52,4.92339278
2019-10-28 03:00:00,143.29,145.65,145.65,143.29,57.33650684
2019-10-28 04:00:00,143.6,144.78,143.6,144.78,5.66960938
2019-10-28 05:00:00,143.64,144.78,144.41,143.64,14.17550982
2019-10-28 06:00:00,141.8,143.72,143.32,143.11,221.02317364
2019-10-28 07:00:00,141.75,142.94,142.48,142.74,171.48991618
2019-10-28 08:00:00,141.07,142.56,142.03,141.94,86.91255349
2019-10-28 09:00:00,141.76,143.11,142.38,143.04,216.20291594
2019-10-28 10:00:00,142.48,144.58,142.82,144.16,353.83152008
2019-10-28 11:00:00,143.46,144.99,144.2,144.3,63.12472496
2019-10-28 12:00:00,141.81,143.47,143.36,142.87,58.90012742
2019-10-28 13:00:00,142.12,143.9,142.69,142.45,89.6675283
2019-10-28 14:00:00,141.57,143.02,142.47,141.57,71.88125104
2019-10-28 15:00:00,141.39,143.01,141.67,142.44,75.95808013
2019-10-28 16:00:00,141.42,142.51,142.25,141.42,91.48716971
2019-10-28 17:00:00,140.04,141.78,141.07,140.44,219.9031689
2019-10-28 18:00:00,140.52,143.17,140.52,142.04,67.2043507
2019-10-28 19:00:00,141.47,143.08,142.03,142.35,121.54082305
2019-10-28 20:00:00,142.09,143.26,142.78,143.22,142.51946613
2019-10-28 21:00:00,143.07,144.41,143.16,143.42,159.67550011
2019-10-28 22:00:00,142.71,144.18,143.34,143.24,97.9928041
2019-10-28 23:00:00,141.45,143.74,143.25,141.75,191.46770462
2019-10-29 00:00:00,141.17,142.65,141.17,142.32,41.29613603
2019-10-29 01:00:00,141.78,144.16,141.86,144.16,29.52672187
2019-10-29 02:00:00,142.51,144.25,144.25,143.13,9.90070836
2019-10-29 03:00:00,142.61,143.52,142.93,143.32,2.38269442
2019-10-29 04:00:00,143.84,144.78,143.84,144.63,129.86090966
2019-10-29 05:00:00,144.6,145.76,144.99,144.64,30.57695271
2019-10-29 06:00:00,144.31,145.57,144.65,144.73,18.95252975
2019-10-29 07:00:00,144.29,145.5,144.29,144.9,47.3051843
2019-10-29 08:00:00,144.32,145.48,145.43,145.38,57.41981226
2019-10-29 09:00:00,144.51,145.54,144.91,145.07,40.06861686
2019-10-29 10:00:00,144.76,147.56,145.06,146.2,275.30541063
2019-10-29 11:00:00,145.13,146.57,146.15,145.98,307.44081318
2019-10-29 12:00:00,144.98,146.88,145.97,145.25,172.00592667
2019-10-29 13:00:00,143.68,146.32,145.87,144.67,254.03819492
2019-10-29 14:00:00,144.01,145.99,144.57,145.75,294.23299724
2019-10-29 15:00:00,144.12,145.75,145.75,144.94,92.53785828
2019-10-29 16:00:00,144.11,145.32,145.12,144.89,96.31978051
2019-10-29 17:00:00,144.5,146.07,144.89,145.4,527.1137499
2019-10-29 18:00:00,144.94,146.78,145.3,145.91,210.75980799
2019-10-29 19:00:00,144.38,146.52,145.74,146.4,422.67214914
2019-10-29 20:00:00,146.2,150.46,146.2,149.2,987.68310281
2019-10-29 21:00:00,148.01,150.37,149.01,148.89,497.47601801
2019-10-29 22:00:00,148.93,151.97,149.32,150.37,509.70676865
2019-10-29 23:00:00,148.0,150.37,150.37,148.72,313.62916574
2019-10-30 00:00:00,147.06,149.38,148.93,147.56,171.44471051
2019-10-30 01:00:00,147.23,149.27,147.33,149.27,123.37763087
2019-10-30 02:00:00,148.62,149.79,149.33,148.62,19.07199489
2019-10-30 03:00:00,147.7,148.8,148.8,147.85,30.83421143
2019-10-30 04:00:00,145.34,147.0,147.0,145.8,172.75462235
2019-10-30 05:00:00,144.45,145.56,145.47,145.5,60.9631571
2019-10-30 06:00:00,144.79,146.26,145.39,145.35,130.03616177
2019-10-30 07:00:00,144.39,145.7,144.95,145.7,86.54969281
2019-10-30 08:00:00,144.21,146.13,145.56,145.03,209.78219744
2019-10-30 09:00:00,144.56,145.98,145.17,145.68,598.41878106
2019-10-30 10:00:00,141.85,145.3,145.3,142.94,144.24387212
2019-10-30 11:00:00,141.57,142.81,142.53,142.81,277.21443454
2019-10-30 12:00:00,142.16,143.29,142.83,142.75,56.01982542
2019-10-30 13:00:00,140.22,142.79,142.75,141.31,190.80200382
2019-10-30 14:00:00,140.54,142.28,141.08,142.25,101.93953713
2019-10-30 15:00:00,140.37,142.17,142.17,142.02,38.16483521
2019-10-30 16:00:00,140.43,142.14,142.02,141.03,43.4727786
2019-10-30 17:00:00,140.59,141.78,141.03,141.42,48.8552116
2019-10-30 18:00:00,141.79,142.77,142.33,142.72,91.17527324
2019-10-30 19:00:00,141.78,142.6,142.54,142.16,43.62632529
2019-10-30 20:00:00,141.71,142.6,142.6,142.25,68.92735662
2019-10-30 21:00:00,140.84,142.1,141.99,141.25,56.12179346
2019-10-30 22:00:00,141.12,142.87,141.12,141.96,53.93758218
2019-10-30 23:00:00,141.62,142.75,142.23,142.75,16.25693362
2019-10-31 00:00:00,142.23,143.77,142.23,142.96,34.54046975
2019-10-31 01:00:00,140.88,143.0,142.96,140.93,70.42122554
2019-10-31 02:00:00,140.85,142.23,141.02,141.57,44.53374231
2019-10-31 03:00:00,140.73,141.93,140.87,141.71,34.27768393
2019-10-31 04:00:00,140.96,141.65,141.26,141.65,21.70221188
2019-10-31 05:00:00,141.24,142.44,141.71,142.44,33.40632603
2019-10-31 06:00:00,141.55,142.66,142.55,141.66,17.82373217
2019-10-31 07:00:00,141.08,141.46,141.13,141.42,12.44270714
2019-10-31 08:00:00,140.6,141.42,141.0,140.76,82.38903271
2019-10-31 09:00:00,138.28,141.03,140.74,138.97,167.09803193
2019-10-31 10:00:00,137.56,139.44,138.5,139.04,398.04876879
2019-10-31 11:00:00,138.96,139.97,138.96,139.59,160.84541146
2019-10-31 12:00:00,139.4,142.76,139.66,142.15,197.57988344
2019-10-31 13:00:00,141.38,142.53,141.89,142.01,88.86976757
2019-10-31 14:00:00,141.21,142.01,142.0,141.68,64.40800979
2019-10-31 15:00:00,140.33,142.44,142.0,140.99,188.7680567
2019-10-31 16:00:00,140.67,141.77,140.85,141.38,143.21307744
2019-10-31 17:00:00,141.39,142.55,141.4,141.82,50.60061831
2019-10-31 18:00:00,141.22,142.7,142.04,141.53,200.95324743
2019-10-31 19:00:00,141.22,142.11,141.83,141.73,125.5661644
2019-10-31 20:00:00,139.79,141.89,141.45,140.52,38.02826544
2019-10-31 21:00:00,139.29,141.52,140.56,140.73,105.77768513
2019-10-31 22:00:00,139.99,141.67,141.15,140.7,68.30177707
2019-10-31 23:00:00,140.55,141.8,140.7,141.25,12.29730608
2019-11-01 00:00:00,140.54,141.31,141.13,141.02,71.25789704
2019-11-01 01:00:00,140.62,141.66,140.81,140.88,43.18713732
2019-11-01 02:00:00,140.21,141.08,141.04,141.08,16.25473943
2019-11-01 03:00:00,139.46,140.91,140.59,139.69,22.0851715
2019-11-01 04:00:00,139.58,140.19,139.58,139.71,14.40377436
2019-11-01 05:00:00,139.64,140.12,139.64,139.73,52.30810993
2019-11-01 06:00:00,140.07,140.55,140.07,140.44,10.68826624
2019-11-01 07:00:00,139.45,140.41,140.09,139.8,121.69634077
2019-11-01 08:00:00,139.73,141.46,139.91,140.58,42.49554497
2019-11-01 09:00:00,139.41,141.07,140.87,140.25,214.58148872
2019-11-01 10:00:00,139.76,141.28,139.77,140.75,134.4091799
2019-11-01 11:00:00,140.39,141.79,141.0,140.85,55.93607341
2019-11-01 12:00:00,140.03,141.45,140.41,141.26,123.66067895
2019-11-01 13:00:00,139.01,141.45,141.44,139.92,157.34994968
2019-11-01 14:00:00,139.05,140.15,139.65,140.15,162.54421288
2019-11-01 15:00:00,139.0,140.13,139.59,139.0,77.24940333
2019-11-01 16:00:00,137.5,139.74,138.83,139.26,203.05725173
2019-11-01 17:00:00,139.2,140.06,139.2,139.58,94.08302192
2019-11-01 18:00:00,139.32,140.22,140.05,140.07,23.81378087
2019-11-01 19:00:00,139.68,140.81,140.07,140.81,30.17663147
2019-11-01 20:00:00,141.0,143.12,141.0,143.12,159.47087008
2019-11-01 21:00:00,141.46,142.84,142.68,142.33,63.73482989
2019-11-01 22:00:00,141.32,142.66,142.24,141.95,56.54174349
2019-11-01 23:00:00,141.38,142.27,141.9,141.53,24.67358887
2019-11-02 00:00:00,141.72,142.63,142.27,141.86,36.28790974
2019-11-02 01:00:00,141.11,142.46,142.36,141.11,8.83440433
2019-11-02 02:00:00,141.41,142.19,141.44,142.19,2.81610935
2019-11-02 03:00:00,141.78,141.92,141.92,141.79,2.36080128
2019-11-02 04:00:00,140.84,141.96,141.96,141.4,13.98918336
2019-11-02 05:00:00,140.84,141.86,141.27,141.69,3.46859165
2019-11-02 06:00:00,141.08,141.7,141.08,141.51,18.5802863
2019-11-02 07:00:00,140.89,141.77,140.89,141.77,34.30071485
2019-11-02 08:00:00,140.64,142.03,141.74,140.93,56.41790509
2019-11-02 09:00:00,140.96,142.37,141.29,141.21,59.81842944
2019-11-02 10:00:00,140.68,142.12,141.21,141.6,119.90744703
2019-11-02 11:00:00,141.23,142.78,141.48,141.91,226.23162281
2019-11-02 12:00:00,141.04,142.4,141.55,142.4,49.76844749
2019-11-02 13:00:00,141.91,143.1,142.4,143.1,21.23708133
2019-11-02 14:00:00,141.94,143.1,143.1,142.03,33.04284701
2019-11-02 15:00:00,141.72,142.75,142.03,142.34,72.13941937
2019-11-02 16:00:00,142.16,143.8,142.96,143.35,43.34110683
2019-11-02 17:00:00,142.35,143.55,143.02,142.73,43.85650449
2019-11-02 18:00:00,142.26,142.97,142.73,142.77,53.61054589
2019-11-02 19:00:00,142.22,142.8,142.58,142.72,32.85860277
2019-11-02 20:00:00,141.25,142.97,142.72,142.07,75.9759779
2019-11-02 21:00:00,141.14,142.0,142.0,141.26,37.84124321
2019-11-02 22:00:00,141.26,141.97,141.26,141.97,25.0221301
2019-11-02 23:00:00,141.32,142.0,141.38,142.0,5.78217172
2019-11-03 00:00:00,141.7,142.65,141.78,141.81,8.71404079
2019-11-03 01:00:00,141.75,142.29,141.81,142.29,22.83349924
2019-11-03 02:00:00,142.23,142.97,142.72,142.23,7.13790037
2019-11-03 03:00:00,142.17,142.87,142.36,142.82,2.0892473
2019-11-03 04:00:00,142.47,142.64,142.47,142.5,14.47666685
2019-11-03 05:00:00,141.97,142.48,142.28,141.97,4.09957309
2019-11-03 06:00:00,141.6,142.49,141.87,141.6,13.49601162
2019-11-03 07:00:00,141.66,142.23,142.14,141.98,6.32432589
2019-11-03 08:00:00,141.07,141.98,141.98,141.07,102.82758529
2019-11-03 09:00:00,141.11,141.99,141.12,141.38,121.70570852
2019-11-03 10:00:00,140.06,141.37,141.37,140.6,76.07292362
2019-11-03 11:00:00,140.47,141.25,140.82,140.47,166.51371416
2019-11-03 12:00:00,140.26,141.16,140.7,140.72,125.3203403
2019-11-03 13:00:00,140.2,140.72,140.72,140.63,25.3302042
2019-11-03 14:00:00,139.5,140.96,140.63,139.88,62.04180008
2019-11-03 15:00:00,139.58,140.48,139.58,140.02,73.5309954
2019-11-03 16:00:00,140.2,140.73,140.39,140.51,81.03385223
2019-11-03 17:00:00,138.53,140.6,140.51,139.04,190.16470685
2019-11-03 18:00:00,139.0,139.81,139.4,139.81,26.11609469
2019-11-03 19:00:00,139.47,140.28,139.94,140.23,29.21955396
2019-11-03 20:00:00,139.57,140.31,139.78,140.19,41.81692998
2019-11-03 21:00:00,139.2,140.37,140.18,140.37,35.84913563
2019-11-03 22:00:00,140.23,141.5,140.23,141.29,67.53309724
2019-11-03 23:00:00,140.11,141.34,140.98,140.54,264.24681888
2019-11-04 00:00:00,140.02,140.82,140.45,140.56,42.41857642
2019-11-04 01:00:00,139.82,140.8,140.58,140.8,18.42274296
2019-11-04 02:00:00,140.41,140.89,140.41,140.44,28.25073845
2019-11-04 03:00:00,139.93,140.58,140.44,140.55,2.27406211
2019-11-04 04:00:00,139.61,140.1,140.06,139.61,5.84052543
2019-11-04 05:00:00,139.61,140.09,139.61,139.79,28.41911319
2019-11-04 06:00:00,140.15,140.75,140.55,140.75,4.55850527
2019-11-04 07:00:00,140.32,141.13,141.13,140.37,100.08883491
2019-11-04 08:00:00,140.17,141.1,140.68,140.71,102.71141433
2019-11-04 09:00:00,140.35,141.64,140.35,141.64,57.81355684
2019-11-04 10:00:00,141.15,142.68,141.15,141.57,131.72155601
2019-11-04 11:00:00,142.02,143.29,142.02,143.29,185.04106316
2019-11-04 12:00:00,142.97,143.85,143.49,143.42,104.42097061
2019-11-04 13:00:00,143.16,144.77,143.86,143.78,274.60982692
2019-11-04 14:00:00,143.76,144.98,143.78,144.87,50.25083687
2019-11-04 15:00:00,144.01,145.0,144.69,144.35,69.91151013
2019-11-04 16:00:00,144.1,145.86,144.39,144.68,178.13050777
2019-11-04 17:00:00,144.86,145.65,145.29,144.91,31.0202486
2019-11-04 18:00:00,144.42,145.37,145.37,144.99,27.81822582
2019-11-04 19:00:00,144.44,145.43,144.55,144.63,111.72934357
2019-11-04 20:00:00,144.66,146.98,145.1,145.78,178.73316892
2019-11-04 21:00:00,144.15,146.44,145.8,144.38,144.23464595
2019-11-04 22:00:00,143.85,144.96,144.29,144.48,95.5405434
2019-11-04 23:00:00,143.98,144.93,144.35,144.93,21.12635668
2019-11-05 00:00:00,143.8,144.92,144.82,144.23,40.41929787
2019-11-05 01:00:00,144.11,145.83,144.11,144.9,32.06941644
2019-11-05 02:00:00,144.66,145.31,145.02,144.76,5.39538093
2019-11-05 03:00:00,144.23,145.13,145.13,144.35,4.00808703
2019-11-05 04:00:00,143.95,144.49,143.97,144.47,9.86823686
2019-11-05 05:00:00,143.84,145.06,144.76,143.84,7.13514951
2019-11-05 06:00:00,143.0,143.79,143.79,143.0,23.71267282
2019-11-05 07:00:00,142.0,143.09,143.09,142.88,34.7290936
2019-11-05 08:00:00,142.06,144.08,142.43,143.08,40.26180247
2019-11-05 09:00:00,143.0,144.77,143.2,144.59,21.85534965
2019-11-05 10:00:00,143.76,144.55,144.13,143.79,86.53395791
2019-11-05 11:00:00,143.69,144.71,144.13,143.99,79.90091487
2019-11-05 12:00:00,144.25,146.19,144.27,145.06,105.84340774
2019-11-05 13:00:00,144.54,146.0,145.5,144.63,542.01777837
2019-11-05 14:00:00,144.66,148.44,144.94,147.01,451.15414008
2019-11-05 15:00:00,146.94,148.58,147.22,148.18,190.31066693
2019-11-05 16:00:00,147.17,149.43,147.7,147.87,134.50212264
2019-11-05 17:00:00,147.61,148.99,147.61,147.67,120.77348423
2019-11-05 18:00:00,147.16,148.17,147.57,147.16,175.4930046
2019-11-05 19:00:00,146.73,147.87,147.47,147.3,40.41633016
2019-11-05 20:00:00,147.36,147.89,147.36,147.85,41.49659427
2019-11-05 21:00:00,147.43,148.29,147.43,147.89,114.24560931
2019-11-05 22:00:00,146.84,147.84,147.41,147.02,80.35024661
2019-11-05 23:00:00,146.84,147.34,147.02,146.95,61.12379925
2019-11-06 00:00:00,146.02,147.05,146.51,146.08,21.22913425
2019-11-06 01:00:00,145.86,146.88,146.25,146.88,15.99726335
2019-11-06 02:00:00,147.03,148.3,147.03,147.35,58.23199827
2019-11-06 03:00:00,146.95,147.69,147.05,147.62,5.94388976
2019-11-06 04:00:00,147.44,148.6,147.8,148.28,12.42970945
2019-11-06 05:00:00,148.79,150.24,148.79,149.37,87.36564533
2019-11-06 06:00:00,149.39,151.0,149.69,151.0,58.57848265
2019-11-06 07:00:00,149.7,150.64,150.49,149.87,108.00541569
2019-11-06 08:00:00,149.26,150.17,149.7,149.72,159.06742112
2019-11-06 09:00:00,148.14,150.27,150.04,148.54,73.5315752
2019-11-06 10:00:00,147.57,148.95,148.08,147.66,38.42052725
2019-11-06 11:00:00,147.52,148.88,147.52,148.22,29.04506435
2019-11-06 12:00:00,147.7,148.98,148.37,147.74,164.16175682
2019-11-06 13:00:00,146.93,148.0,147.7,146.93,282.05689891
2019-11-06 14:00:00,147.07,148.2,147.09,147.5,75.46779741
2019-11-06 15:00:00,147.34,148.77,147.5,148.71,138.51053032
2019-11-06 16:00:00,146.81,148.09,148.09,147.62,112.63994632
2019-11-06 17:00:00,147.06,148.06,147.06,147.98,42.67039349
2019-11-06 18:00:00,147.59,148.18,148.06,147.59,130.22531022
2019-11-06 19:00:00,147.44,148.19,147.62,147.75,107.24074122
2019-11-06 20:00:00,146.42,147.8,147.8,147.13,128.99167043
2019-11-06 21:00:00,146.98,148.53,147.39,148.21,76.95133462
2019-11-06 22:00:00,147.93,148.99,148.19,148.72,90.97357972
2019-11-06 23:00:00,148.55,149.69,149.0,148.55,110.43912549
2019-11-07 00:00:00,148.53,149.48,149.15,148.71,43.03507124
2019-11-07 01:00:00,147.62,149.75,148.74,147.86,16.2701314
2019-11-07 02:00:00,147.0,148.1,147.79,148.1,17.20016023
2019-11-07 03:00:00,147.33,147.63,147.36,147.6,1.19308985
2019-11-07 04:00:00,147.2,147.99,147.99,147.55,11.66811778
2019-11-07 05:00:00,145.9,147.54,147.06,147.54,20.92655974
2019-11-07 06:00:00,147.33,147.91,147.39,147.33,10.49180669
2019-11-07 07:00:00,146.56,147.85,147.41,146.56,108.88431495
2019-11-07 08:00:00,145.95,147.07,146.86,145.95,35.37367584
2019-11-07 09:00:00,145.0,146.49,146.01,145.17,103.69687594
2019-11-07 10:00:00,143.79,145.77,145.49,145.77,173.05453971
2019-11-07 11:00:00,145.15,145.77,145.43,145.58,98.70564553
2019-11-07 12:00:00,144.8,145.57,145.15,145.56,114.44758855
2019-11-07 13:00:00,145.12,146.26,145.41,145.77,61.92361544
2019-11-07 14:00:00,145.51,146.11,145.77,145.98,48.18924604
2019-11-07 15:00:00,144.5,145.98,145.55,145.1,149.56744138
2019-11-07 16:00:00,144.33,145.96,145.08,145.25,47.20859487
2019-11-07 17:00:00,144.76,145.51,145.25,145.08,47.18042082
2019-11-07 18:00:00,144.29,145.32,144.6,144.91,128.22055522
2019-11-07 19:00:00,144.88,145.85,144.94,145.34,19.99169451
2019-11-07 20:00:00,144.79,145.46,145.38,145.01,71.35193978
2019-11-07 21:00:00,144.28,145.86,145.42,145.81,148.62619278
2019-11-07 22:00:00,145.52,145.9,145.75,145.81,29.73729342
2019-11-07 23:00:00,145.48,145.9,145.9,145.75,26.7113073
2019-11-08 00:00:00,145.4,146.74,145.82,146.74,139.6891876
2019-11-08 01:00:00,146.4,147.0,146.71,146.4,17.37620585
2019-11-08 02:00:00,145.85,146.56,146.4,146.53,6.38399807
2019-11-08 03:00:00,146.07,146.78,146.52,146.52,8.00439606
2019-11-08 04:00:00,145.59,146.3,145.94,146.11,5.70210257
2019-11-08 05:00:00,145.24,145.71,145.63,145.25,8.62335765
2019-11-08 06:00:00,144.79,145.65,145.57,144.98,18.03244767
2019-11-08 07:00:00,143.92,145.42,145.41,144.19,108.77477172
2019-11-08 08:00:00,142.57,144.07,144.07,142.95,59.6156615
2019-11-08 09:00:00,142.5,143.97,142.68,143.5,154.10143414
2019-11-08 10:00:00,143.27,144.28,143.62,143.81,48.34838862
2019-11-08 11:00:00,143.38,144.36,143.91,143.75,52.54663334
2019-11-08 12:00:00,142.8,143.71,143.38,143.23,51.57000481
2019-11-08 13:00:00,141.36,143.34,143.27,142.23,208.42576796
2019-11-08 14:00:00,141.42,143.11,142.65,142.9,74.41787217
2019-11-08 15:00:00,141.79,142.97,142.43,142.92,183.71422823
2019-11-08 16:00:00,142.63,143.54,142.86,143.25,76.83454477
2019-11-08 17:00:00,142.89,143.67,142.93,143.13,118.07257704
2019-11-08 18:00:00,143.13,144.17,143.13,144.01,37.00343768
2019-11-08 19:00:00,143.85,144.41,144.01,143.86,42.61165037
2019-11-08 20:00:00,143.86,144.63,144.04,143.88,68.74714964
2019-11-08 21:00:00,144.21,145.47,144.53,145.08,54.36976479
2019-11-08 22:00:00,144.1,145.51,145.51,144.76,58.34752505
2019-11-08 23:00:00,143.57,144.93,144.72,143.7,17.76256379
2019-11-09 00:00:00,143.38,144.83,143.62,144.36,112.88030601
2019-11-09 01:00:00,144.24,144.94,144.38,144.72,1.44414777
2019-11-09 02:00:00,144.3,145.01,144.3,144.43,7.32205465
2019-11-09 03:00:00,144.42,144.72,144.47,144.42,19.79425442
2019-11-09 04:00:00,144.0,144.87,144.34,144.87,16.14841069
2019-11-09 05:00:00,144.41,145.13,144.47,145.13,1.08976685
2019-11-09 06:00:00,144.95,145.2,144.95,145.2,1.28675961
2019-11-09 07:00:00,144.67,145.2,145.2,144.98,29.56352258
2019-11-09 08:00:00,144.51,145.2,144.98,144.91,30.08563422
2019-11-09 09:00:00,144.55,145.2,144.55,145.2,23.73329089
2019-11-09 10:00:00,144.73,145.2,145.2,145.2,39.08848068
2019-11-09 11:00:00,144.14,145.2,145.2,144.19,24.19310583
2019-11-09 12:00:00,144.09,145.15,144.09,144.87,38.46015165
2019-11-09 12:00:00,144.09,145.15,144.09,144.87,38.46015165
2019-11-09 13:00:00,144.14,145.15,144.51,144.99,40.81436878
2019-11-09 14:00:00,144.04,145.14,145.14,144.24,80.81680349
2019-11-09 15:00:00,143.07,144.24,143.99,143.56,32.57220303
2019-11-09 16:00:00,143.43,144.3,143.72,144.0,30.8072759
2019-11-09 17:00:00,143.82,144.56,144.01,144.38,132.1209377
2019-11-09 18:00:00,144.01,144.79,144.01,144.61,54.36468956
2019-11-09 19:00:00,143.91,144.6,144.26,144.37,76.05203054
2019-11-09 20:00:00,143.82,144.97,144.37,144.45,28.18578567
2019-11-09 21:00:00,144.3,145.15,144.45,144.8,26.53995288
2019-11-09 22:00:00,144.64,145.2,144.83,145.2,16.01135041
2019-11-09 23:00:00,144.72,145.2,145.2,145.05,20.78532126
2019-11-10 00:00:00,144.45,145.06,144.69,144.51,67.99669143
2019-11-10 01:00:00,144.26,144.81,144.26,144.6,11.02114356
2019-11-10 02:00:00,143.63,144.35,144.34,143.63,32.17120424
2019-11-10 03:00:00,143.92,144.32,143.97,144.32,4.6926378
2019-11-10 04:00:00,143.9,144.92,143.98,144.76,4.57105474
2019-11-10 05:00:00,144.44,147.83,144.44,147.83,40.36150862
2019-11-10 06:00:00,146.45,147.65,147.38,146.62,15.99514952
2019-11-10 07:00:00,146.14,146.84,146.71,146.48,87.50758378
2019-11-10 08:00:00,146.08,146.85,146.48,146.42,25.36319284
2019-11-10 09:00:00,146.22,147.02,146.49,147.02,52.27022714
2019-11-10 10:00:00,146.4,147.12,146.91,147.12,22.90874341
2019-11-10 11:00:00,146.11,147.76,146.65,146.11,78.24284578
2019-11-10 12:00:00,146.37,147.27,146.82,146.86,136.60560037
2019-11-10 13:00:00,145.88,146.99,146.86,146.44,113.85380226
2019-11-10 14:00:00,145.8,147.01,145.86,146.58,56.85180576
2019-11-10 15:00:00,146.27,147.21,146.45,146.69,75.36666646
2019-11-10 16:00:00,145.28,150.17,146.37,149.01,312.7542694
2019-11-10 17:00:00,148.57,149.41,148.71,148.57,71.57342124
2019-11-10 18:00:00,148.42,149.06,148.93,149.06,53.18513542
2019-11-10 19:00:00,148.25,149.0,148.7,148.59,86.44763374
2019-11-10 20:00:00,148.27,148.87,148.87,148.27,40.1762469
2019-11-10 21:00:00,148.11,148.74,148.27,148.69,64.98486186
2019-11-10 22:00:00,147.83,148.96,148.62,148.01,159.58597973
2019-11-10 23:00:00,147.41,148.73,148.65,148.19,191.01427834
2019-11-11 00:00:00,147.8,148.35,147.81,148.28,93.49160117
2019-11-11 01:00:00,147.82,148.75,147.82,148.75,42.91392544
2019-11-11 02:00:00,148.24,148.75,148.75,148.24,1.50824794
2019-11-11 03:00:00,147.87,148.34,148.27,148.0,33.41339112
2019-11-11 04:00:00,147.39,148.18,147.8,147.39,20.93062519
2019-11-11 05:00:00,146.5,147.86,147.83,146.5,28.52366074
2019-11-11 06:00:00,145.57,146.5,146.5,145.75,13.2866293
2019-11-11 07:00:00,145.45,146.28,145.92,145.83,137.5509685
2019-11-11 08:00:00,145.06,146.21,145.45,145.76,33.75229179
2019-11-11 09:00:00,144.41,145.74,145.36,144.83,52.68404656
2019-11-11 10:00:00,144.7,145.98,145.01,145.64,78.95390376
2019-11-11 11:00:00,144.95,145.71,145.71,145.25,77.23804675
2019-11-11 12:00:00,144.46,145.42,145.24,144.87,47.78937979
2019-11-11 13:00:00,144.23,145.24,144.52,145.16,68.15862311
2019-11-11 14:00:00,143.92,145.52,144.95,144.98,197.3790784
2019-11-11 15:00:00,144.06,145.4,144.98,144.25,31.75137901
2019-11-11 16:00:00,143.93,144.79,144.33,144.36,108.89878542
2019-11-11 17:00:00,144.06,144.87,144.35,144.4,59.94870366
2019-11-11 18:00:00,143.91,145.0,144.4,144.99,40.51419676
2019-11-11 19:00:00,144.59,145.0,144.89,145.0,23.35197299
2019-11-11 20:00:00,144.59,145.13,144.98,144.7,129.20654826
2019-11-11 21:00:00,144.6,145.23,144.6,145.22,58.5939779
2019-11-11 22:00:00,144.24,145.2,145.2,144.64,68.91556497
2019-11-11 23:00:00,143.19,144.46,144.24,144.0,72.90130824
2019-11-12 00:00:00,143.22,144.78,143.91,144.75,19.27499558
2019-11-12 01:00:00,144.09,144.78,144.42,144.23,12.60359567
2019-11-12 02:00:00,144.43,145.18,144.82,144.61,71.81413254
2019-11-12 03:00:00,143.95,144.36,144.2,144.36,9.328539
2019-11-12 04:00:00,144.37,145.08,144.84,144.66,12.56509949
2019-11-12 05:00:00,144.59,145.17,144.59,145.17,5.75727045
2019-11-12 06:00:00,144.71,145.31,145.26,145.08,43.28820912
2019-11-12 07:00:00,144.79,145.52,145.08,145.21,155.31684397
2019-11-12 08:00:00,144.79,145.35,145.21,145.33,15.2294219
2019-11-12 09:00:00,144.34,145.21,145.08,144.53,47.06379921
2019-11-12 10:00:00,144.51,145.34,144.89,144.94,83.62655445
2019-11-12 11:00:00,144.21,145.01,144.87,144.86,132.54026925
2019-11-12 12:00:00,144.64,146.07,144.86,145.22,251.23541538
2019-11-12 13:00:00,143.13,145.4,144.9,143.13,59.78355219
2019-11-12 14:00:00,142.28,143.58,143.05,143.4,164.83986557
2019-11-12 15:00:00,142.36,144.26,143.18,143.9,132.26987178
2019-11-12 16:00:00,143.44,144.22,143.61,143.77,166.33101065
2019-11-12 17:00:00,143.19,144.61,143.62,144.19,85.95096129
2019-11-12 18:00:00,144.02,144.71,144.43,144.45,37.42180249
2019-11-12 19:00:00,144.02,144.72,144.45,144.44,30.04687175
2019-11-12 20:00:00,144.35,145.79,144.44,145.76,313.72443775
2019-11-12 21:00:00,144.57,145.61,145.58,144.83,212.85052791
2019-11-12 22:00:00,144.65,145.47,144.82,145.47,79.47677614
2019-11-12 23:00:00,144.98,145.91,145.47,145.91,38.6017092
2019-11-13 00:00:00,144.6,145.92,145.91,145.16,43.57846674
2019-11-13 01:00:00,144.42,144.96,144.84,144.86,20.1273394
2019-11-13 02:00:00,144.45,144.98,144.45,144.95,1.37050216
2019-11-13 03:00:00,144.44,144.88,144.84,144.44,0.77124062
2019-11-13 04:00:00,144.16,144.65,144.65,144.55,4.71248769
2019-11-13 05:00:00,144.33,144.36,144.36,144.33,2.0712538
2019-11-13 06:00:00,144.4,145.05,144.68,144.74,73.25342811
2019-11-13 07:00:00,144.41,145.12,144.74,144.62,15.00432848
2019-11-13 08:00:00,144.79,145.89,145.02,145.63,16.9170148
2019-11-13 09:00:00,144.93,145.69,145.61,145.36,39.16214358
2019-11-13 10:00:00,145.56,146.78,145.65,146.33,31.79391624
2019-11-13 11:00:00,145.42,146.28,146.28,146.26,60.03506645
2019-11-13 12:00:00,145.25,146.23,146.13,145.29,46.21570814
2019-11-13 13:00:00,144.81,145.74,145.6,145.71,54.09577668
2019-11-13 14:00:00,145.17,145.99,145.67,145.34,90.50589309
2019-11-13 15:00:00,145.25,146.25,145.69,145.25,15.33357615
2019-11-13 16:00:00,145.42,146.32,145.67,146.15,137.38268471
2019-11-13 17:00:00,145.9,147.65,146.14,146.81,248.74949582
2019-11-13 18:00:00,145.88,147.08,146.8,146.22,103.4169939
2019-11-13 19:00:00,145.68,146.54,146.21,146.54,124.98582449
2019-11-13 20:00:00,145.92,146.78,146.54,146.21,187.00621562
2019-11-13 21:00:00,145.49,146.44,145.96,146.21,97.87747985
2019-11-13 22:00:00,145.65,146.47,146.21,145.65,75.90820745
2019-11-13 23:00:00,145.7,147.31,145.7,146.46,38.96775712
2019-11-14 00:00:00,146.08,146.88,146.46,146.33,6.07691238
2019-11-14 01:00:00,145.67,146.5,146.46,145.67,38.34674604
2019-11-14 02:00:00,145.63,146.18,145.85,146.09,3.53599597
2019-11-14 03:00:00,145.78,146.21,145.85,146.13,20.72281825
2019-11-14 04:00:00,144.34,146.06,145.78,144.52,103.21090571
2019-11-14 05:00:00,144.46,145.31,144.72,144.99,2.49172696
2019-11-14 06:00:00,144.64,145.59,145.59,144.71,37.28772453
2019-11-14 07:00:00,143.75,145.02,144.67,143.75,10.05462468
2019-11-14 08:00:00,143.5,144.78,144.08,144.34,92.49423238
2019-11-14 09:00:00,143.71,144.59,143.71,144.06,48.16860283
2019-11-14 10:00:00,143.63,144.5,144.38,143.63,193.00967659
2019-11-14 11:00:00,143.2,144.23,143.95,143.88,37.35774327
2019-11-14 12:00:00,143.22,144.77,143.71,144.53,163.89866473
2019-11-14 13:00:00,143.42,145.01,143.86,144.91,50.3176575
2019-11-14 14:00:00,143.86,144.9,144.9,144.63,31.74638579
2019-11-14 15:00:00,143.02,144.63,144.63,143.16,87.04652329
2019-11-14 16:00:00,142.73,143.86,143.13,143.06,111.89179719
2019-11-14 17:00:00,143.05,143.55,143.46,143.55,70.45011423
2019-11-14 18:00:00,142.11,143.55,143.55,142.38,160.16657046
2019-11-14 19:00:00,142.4,143.13,142.4,142.88,80.2574938
2019-11-14 20:00:00,142.41,143.54,142.41,143.16,61.44887676
2019-11-14 21:00:00,143.11,144.23,143.11,143.83,127.38737075
2019-11-14 22:00:00,143.14,144.09,143.83,143.6,53.93332196
2019-11-14 23:00:00,143.16,144.13,144.02,143.16,51.10422266
2019-11-15 00:00:00,143.0,143.94,143.57,143.03,71.65531996
2019-11-15 01:00:00,142.31,143.32,143.0,142.31,48.29894965
2019-11-15 02:00:00,140.31,142.72,142.3,140.99,156.52545786
2019-11-15 03:00:00,141.03,141.44,141.1,141.43,14.76547646
2019-11-15 04:00:00,140.9,141.71,141.31,141.43,43.95799582
2019-11-15 05:00:00,141.14,141.75,141.25,141.18,123.15259794
2019-11-15 06:00:00,141.56,142.36,141.59,142.36,11.36027468
2019-11-15 07:00:00,141.34,142.53,142.53,142.26,218.37071152
2019-11-15 08:00:00,141.91,143.14,142.41,142.81,18.62618338
2019-11-15 09:00:00,142.12,144.79,142.58,142.38,267.4149054
2019-11-15 10:00:00,142.01,142.98,142.67,142.71,36.24210863
2019-11-15 11:00:00,142.12,142.83,142.52,142.29,104.36465434
2019-11-15 12:00:00,142.32,143.2,142.75,142.73,214.02750556
2019-11-15 13:00:00,142.0,143.49,142.82,142.0,43.24748602
2019-11-15 14:00:00,137.51,142.19,142.01,139.19,393.56277379
2019-11-15 15:00:00,138.96,140.13,139.32,139.63,274.91283739
2019-11-15 16:00:00,137.94,139.98,139.72,139.1,167.11241676
2019-11-15 17:00:00,138.44,139.38,139.09,138.73,73.34955846
2019-11-15 18:00:00,138.5,139.59,138.54,139.14,53.74371632
2019-11-15 19:00:00,138.84,139.68,139.23,139.51,28.91463377
2019-11-15 20:00:00,139.0,139.65,139.04,139.2,97.66143345
2019-11-15 21:00:00,139.2,139.71,139.53,139.6,35.20530256
2019-11-15 22:00:00,139.33,140.28,139.58,139.89,31.87424957
2019-11-15 23:00:00,139.34,140.3,140.3,139.51,98.87805879
2019-11-16 00:00:00,139.0,139.96,139.62,139.86,44.27547913
2019-11-16 01:00:00,139.32,140.3,139.78,140.3,15.47528828
2019-11-16 02:00:00,139.64,140.23,140.23,139.89,2.79449794
2019-11-16 03:00:00,139.38,139.97,139.54,139.89,5.07282351
2019-11-16 04:00:00,139.5,140.16,139.52,139.65,13.38921254
2019-11-16 05:00:00,140.18,140.29,140.18,140.29,0.18820358
2019-11-16 06:00:00,139.79,140.4,140.31,139.95,6.57766845
2019-11-16 07:00:00,140.38,140.93,140.5,140.48,12.10145829
2019-11-16 08:00:00,140.34,141.07,140.58,140.57,21.99782633
2019-11-16 09:00:00,140.39,141.56,140.39,141.56,14.32209825
2019-11-16 10:00:00,140.73,141.53,141.0,140.91,11.82605106
2019-11-16 11:00:00,140.39,141.14,140.51,141.14,106.98299172
2019-11-16 12:00:00,140.46,141.19,140.89,140.74,24.22854986
2019-11-16 13:00:00,140.58,141.35,140.73,141.04,52.45892226
2019-11-16 14:00:00,140.69,141.8,141.8,141.6,93.39566593
2019-11-16 15:00:00,141.21,142.0,141.57,141.91,31.66571628
2019-11-16 16:00:00,141.34,141.99,141.72,141.64,28.63429811
2019-11-16 17:00:00,141.13,141.84,141.56,141.79,22.78197221
2019-11-16 18:00:00,141.29,142.08,141.57,141.53,29.25568393
2019-11-16 19:00:00,141.31,142.03,142.03,141.35,31.97886201
2019-11-16 20:00:00,140.91,141.73,141.66,141.07,25.9189933
2019-11-16 21:00:00,141.24,142.46,141.48,142.46,28.56122163
2019-11-16 22:00:00,140.94,142.0,142.0,141.65,107.904701
2019-11-16 23:00:00,141.06,141.85,141.31,141.7,21.28049459
2019-11-17 00:00:00,141.36,142.23,141.7,141.66,12.25241969
2019-11-17 01:00:00,141.18,142.13,142.13,141.34,6.15798644
2019-11-17 02:00:00,141.22,141.77,141.38,141.22,13.71044569
2019-11-17 03:00:00,140.95,141.44,141.44,141.1,0.90517562
2019-11-17 05:00:00,140.51,140.94,140.94,140.9,8.93164118
2019-11-17 06:00:00,140.32,140.97,140.97,140.32,14.66045877
2019-11-17 07:00:00,140.33,140.69,140.4,140.43,24.51793665
2019-11-17 08:00:00,140.01,142.06,140.31,141.78,74.41826513
2019-11-17 09:00:00,141.87,142.6,142.54,142.36,46.28552104
2019-11-17 10:00:00,141.74,142.6,142.0,142.6,18.33349783
2019-11-17 11:00:00,142.35,143.92,142.37,143.18,158.10441187
2019-11-17 12:00:00,143.16,144.09,143.21,144.0,28.37197574
2019-11-17 13:00:00,142.64,144.22,144.12,143.24,54.57106806
2019-11-17 14:00:00,142.24,143.12,142.72,142.65,41.00135615
2019-11-17 15:00:00,142.65,143.69,142.99,142.92,22.00561293
2019-11-17 16:00:00,142.82,143.64,142.97,143.62,44.02069698
2019-11-17 17:00:00,143.2,144.25,143.2,143.83,16.534401
2019-11-17 18:00:00,143.41,144.19,143.51,143.46,42.45961513
2019-11-17 19:00:00,143.23,143.93,143.93,143.89,15.74173214
2019-11-17 20:00:00,143.0,144.43,143.55,143.26,77.9287311
2019-11-17 21:00:00,143.0,143.89,143.0,143.76,65.71454027
2019-11-17 22:00:00,142.61,143.88,143.76,143.09,76.36021609
2019-11-17 23:00:00,142.14,143.09,143.09,142.75,28.44900761
2019-11-18 00:00:00,142.01,142.75,142.75,142.73,75.30652397
2019-11-18 01:00:00,142.0,142.63,142.63,142.0,37.48793337
2019-11-18 02:00:00,141.35,142.32,142.16,141.35,43.76305164
2019-11-18 03:00:00,141.11,141.95,141.89,141.11,42.27426662
2019-11-18 04:00:00,141.64,142.02,141.64,141.97,3.22445507
2019-11-18 05:00:00,141.88,142.31,142.17,142.01,7.13658563
2019-11-18 06:00:00,141.39,142.57,142.01,141.39,27.25040333
2019-11-18 07:00:00,141.04,141.81,141.66,141.37,48.18118184
2019-11-18 08:00:00,140.85,141.74,141.33,141.34,29.65955429
2019-11-18 09:00:00,141.06,141.72,141.65,141.57,170.02500768
2019-11-18 10:00:00,140.87,141.57,141.23,140.87,24.99531156
2019-11-18 11:00:00,140.4,141.39,140.66,140.9,108.70061308
2019-11-18 12:00:00,140.13,141.04,140.62,140.66,40.0970006
2019-11-18 13:00:00,140.06,141.12,140.42,141.02,68.64022832
2019-11-18 14:00:00,140.06,141.02,141.0,140.06,19.99245204
2019-11-18 15:00:00,139.7,140.69,140.48,140.03,56.09844697
2019-11-18 16:00:00,139.72,140.62,139.72,139.83,346.39919171
2019-11-18 17:00:00,138.5,140.04,140.04,139.04,84.53113529
2019-11-18 18:00:00,134.42,139.54,139.04,138.0,894.55533905
2019-11-18 19:00:00,137.24,138.49,138.0,137.93,150.68532223
2019-11-18 20:00:00,136.59,138.13,138.13,137.7,214.72343012
2019-11-18 21:00:00,137.28,138.24,137.5,137.74,116.84669356
2019-11-18 22:00:00,137.44,138.34,138.05,138.26,50.69723247
2019-11-18 23:00:00,137.61,138.08,137.94,137.83,11.43874823
2019-11-19 00:00:00,136.77,137.79,137.37,136.77,27.45784685
2019-11-19 01:00:00,137.06,137.85,137.12,137.36,51.07982306
2019-11-19 02:00:00,136.91,137.87,137.41,137.52,29.76609283
2019-11-19 03:00:00,136.47,137.6,137.6,136.65,4.58611181
2019-11-19 04:00:00,136.01,136.96,136.63,136.82,12.20408947
2019-11-19 05:00:00,136.5,137.14,137.07,136.62,8.94288517
2019-11-19 06:00:00,135.63,136.65,136.58,136.13,12.82226724
2019-11-19 07:00:00,135.31,136.6,136.11,135.75,41.51769255
2019-11-19 08:00:00,135.68,137.02,136.11,136.98,54.43525601
2019-11-19 09:00:00,136.12,136.86,136.65,136.78,240.32458352
2019-11-19 10:00:00,136.09,137.24,136.63,136.34,104.80636695
2019-11-19 11:00:00,134.08,136.39,136.21,134.36,75.76382708
2019-11-19 12:00:00,134.01,135.7,134.58,134.01,133.81404724
2019-11-19 13:00:00,134.01,135.02,134.6,134.5,178.31081446
2019-11-19 14:00:00,134.29,135.94,134.88,135.27,57.94824144
2019-11-19 15:00:00,134.5,135.6,135.44,135.57,234.85674727
2019-11-19 16:00:00,134.49,136.0,135.95,134.49,117.35110196
2019-11-19 17:00:00,133.64,135.03,134.5,134.53,115.3544324
2019-11-19 18:00:00,134.27,135.71,134.66,134.73,150.34457638
2019-11-19 19:00:00,134.52,135.14,134.52,134.7,51.07486806
2019-11-19 20:00:00,133.61,135.05,134.7,135.05,90.15796068
2019-11-19 21:00:00,134.25,135.27,135.05,135.01,40.83384806
2019-11-19 22:00:00,134.95,136.43,135.44,135.84,110.21544807
2019-11-19 23:00:00,135.48,136.38,136.1,135.94,22.10176166
2019-11-20 00:00:00,135.29,136.43,135.83,136.39,436.18670098
2019-11-20 01:00:00,136.09,137.21,136.09,136.97,23.39459124
2019-11-20 02:00:00,136.48,137.11,136.67,136.8,7.02174863
2019-11-20 03:00:00,136.14,136.69,136.31,136.69,6.66214717
2019-11-20 04:00:00,135.28,136.49,136.14,135.28,10.71164032
2019-11-20 05:00:00,135.64,137.13,135.64,137.13,3.252798
2019-11-20 06:00:00,136.75,137.26,137.26,137.17,4.6302658
2019-11-20 07:00:00,136.79,137.34,136.86,137.04,9.28265357
2019-11-20 08:00:00,136.48,137.35,137.01,136.86,165.78710515
2019-11-20 09:00:00,135.5,136.81,136.49,135.5,119.28540156
2019-11-20 10:00:00,134.5,136.06,135.89,135.28,265.1681315
2019-11-20 11:00:00,134.82,135.88,135.35,135.76,34.36129866
2019-11-20 12:00:00,135.2,136.03,135.76,135.35,41.39147998
2019-11-20 13:00:00,135.1,135.99,135.35,135.94,67.71203518
2019-11-20 14:00:00,135.58,137.14,135.89,137.14,177.69407963
2019-11-20 15:00:00,135.64,137.25,137.22,136.45,24.36366837
2019-11-20 16:00:00,135.86,136.97,136.36,135.86,79.95568899
2019-11-20 17:00:00,135.89,136.9,135.96,136.57,83.98134905
2019-11-20 18:00:00,134.81,137.12,136.49,135.2,49.63167788
2019-11-20 19:00:00,134.16,135.27,134.86,135.21,150.54044598
2019-11-20 20:00:00,134.53,135.47,135.21,135.26,179.18003357
2019-11-20 21:00:00,134.91,135.85,135.26,135.8,79.52945515
2019-11-20 22:00:00,135.07,136.07,135.77,135.26,43.32852547
2019-11-20 23:00:00,134.69,135.51,135.11,135.06,89.71958145
2019-11-21 00:00:00,134.17,135.21,134.75,135.08,101.7805412
2019-11-21 01:00:00,134.78,135.37,134.78,135.1,10.94911223
2019-11-21 02:00:00,134.89,135.56,135.39,135.05,9.19000738
2019-11-21 03:00:00,134.69,135.31,134.93,135.21,3.32103655
2019-11-21 04:00:00,134.9,135.37,135.08,135.25,5.36246212
2019-11-21 05:00:00,135.04,135.44,135.31,135.43,11.87096741
2019-11-21 06:00:00,134.37,135.02,134.77,134.61,20.59626125
2019-11-21 07:00:00,134.48,135.2,134.77,134.99,46.41528826
2019-11-21 08:00:00,131.92,134.93,134.7,132.48,323.18951913
2019-11-21 09:00:00,131.91,133.08,132.66,131.98,700.46936161
2019-11-21 10:00:00,131.6,132.45,132.07,132.0,97.0963054
2019-11-21 11:00:00,129.18,131.82,131.77,129.68,262.43021375
2019-11-21 12:00:00,129.58,130.34,129.9,130.34,213.02249258
2019-11-21 13:00:00,129.73,130.39,130.33,130.09,89.41238435
2019-11-21 14:00:00,126.72,130.25,129.8,127.43,568.08580947
2019-11-21 15:00:00,120.7,127.36,127.34,124.5,1917.19801382
2019-11-21 16:00:00,124.05,125.53,124.7,124.51,550.98276135
2019-11-21 17:00:00,122.8,124.43,124.43,123.26,809.84942812
2019-11-21 18:00:00,122.68,123.37,122.72,123.25,297.87413375
2019-11-21 19:00:00,122.9,124.44,122.91,124.32,308.92975101
2019-11-21 20:00:00,122.74,124.91,124.4,123.06,199.97569965
2019-11-21 21:00:00,122.91,124.23,123.4,124.14,233.23316961
2019-11-21 22:00:00,123.52,124.8,123.85,124.74,91.99124844
2019-11-21 23:00:00,124.15,125.09,124.49,124.78,135.3780212
2019-11-22 00:00:00,124.47,126.16,124.78,126.16,148.60393711
2019-11-22 01:00:00,125.26,126.15,125.88,125.64,66.56007916
2019-11-22 02:00:00,125.02,125.85,125.75,125.02,38.83425362
2019-11-22 03:00:00,124.25,125.42,125.42,124.25,25.65806272
2019-11-22 04:00:00,124.01,124.98,124.34,124.01,144.56502443
2019-11-22 05:00:00,123.0,124.76,124.44,123.67,93.71901301
2019-11-22 06:00:00,119.44,123.83,123.6,120.38,829.31016517
2019-11-22 07:00:00,119.73,122.89,119.81,122.63,257.34505485
2019-11-22 08:00:00,122.21,124.87,123.3,122.21,151.09913895
2019-11-22 09:00:00,118.23,122.16,121.81,120.76,413.19371743
2019-11-22 10:00:00,113.1,120.76,120.76,115.88,784.96261963
2019-11-22 11:00:00,115.26,118.47,115.78,116.04,947.44465792
2019-11-22 12:00:00,115.26,118.46,116.63,116.95,728.41363857
2019-11-22 13:00:00,111.63,117.28,117.28,112.88,634.4624135
2019-11-22 14:00:00,108.01,113.72,112.72,113.58,1259.52679994
2019-11-22 15:00:00,112.82,116.39,112.82,115.9,1068.97011672
2019-11-22 16:00:00,114.31,117.8,115.95,115.36,465.16389717
2019-11-22 17:00:00,114.93,117.22,115.05,116.23,478.27915607
2019-11-22 18:00:00,115.57,117.51,116.08,117.51,248.92373461
2019-11-22 19:00:00,117.27,119.88,117.51,119.21,401.09823338
2019-11-22 20:00:00,118.59,121.44,119.3,120.05,482.63701987
2019-11-22 21:00:00,118.9,120.32,119.11,119.82,145.23991351
2019-11-22 22:00:00,116.87,120.23,120.11,117.61,186.26916403
2019-11-22 23:00:00,115.97,117.78,117.17,117.78,224.2483972
2019-11-23 00:00:00,114.39,117.4,117.4,116.3,361.63234045
2019-11-23 01:00:00,115.14,117.36,116.04,117.03,42.34472564
2019-11-23 02:00:00,116.7,117.9,116.7,117.65,15.70765928
2019-11-23 03:00:00,117.84,118.9,117.84,118.5,14.75568752
2019-11-23 04:00:00,117.13,118.6,118.6,117.43,8.90751744
2019-11-23 05:00:00,117.09,118.58,117.64,118.58,74.7816294
2019-11-23 06:00:00,117.57,118.26,118.19,118.01,25.80567
2019-11-23 07:00:00,117.13,118.83,118.62,117.37,79.59430892
2019-11-23 08:00:00,115.71,118.48,117.57,115.97,87.68096171
2019-11-23 09:00:00,114.76,116.37,116.27,116.05,116.13018454
2019-11-23 10:00:00,115.29,117.26,116.04,116.21,144.96854176
2019-11-23 11:00:00,116.16,117.17,116.41,116.66,154.94102303
2019-11-23 12:00:00,116.02,117.1,116.29,116.41,1122.68584659
2019-11-23 13:00:00,116.18,116.91,116.18,116.48,53.43877591
2019-11-23 14:00:00,116.48,118.82,116.48,118.43,67.94844798
2019-11-23 15:00:00,117.81,119.87,118.29,119.5,80.53798598
2019-11-23 16:00:00,118.68,120.5,118.8,119.89,196.09144451
2019-11-23 17:00:00,118.58,120.4,120.14,119.18,87.52794748
2019-11-23 18:00:00,118.6,119.63,118.99,119.63,36.08004874
2019-11-23 19:00:00,118.34,119.93,119.8,118.39,61.40079947
2019-11-23 20:00:00,117.97,118.47,118.44,118.12,139.56445369
2019-11-23 21:00:00,117.25,118.91,117.97,118.12,325.27840911
2019-11-23 22:00:00,117.87,120.04,117.93,119.01,197.65754822
2019-11-23 23:00:00,118.55,119.66,118.94,118.79,36.40609006
2019-11-24 00:00:00,117.57,119.37,119.35,118.22,23.93135392
2019-11-24 01:00:00,117.61,118.89,117.87,118.13,22.44086005
2019-11-24 02:00:00,117.47,118.71,118.04,117.47,36.65787312
2019-11-24 03:00:00,117.02,117.49,117.11,117.26,15.51023584
2019-11-24 04:00:00,116.45,117.34,117.07,116.78,41.30002406
2019-11-24 05:00:00,117.01,118.15,118.15,117.11,6.55104295
2019-11-24 06:00:00,117.08,117.81,117.13,117.1,66.03986089
2019-11-24 07:00:00,116.76,117.26,117.09,116.89,54.05995328
2019-11-24 08:00:00,116.66,117.64,116.92,117.36,104.49593901
2019-11-24 09:00:00,116.86,118.36,117.22,118.11,162.11439893
2019-11-24 10:00:00,116.49,118.19,117.85,116.8,218.6679832
2019-11-24 11:00:00,116.51,117.88,116.77,117.16,107.68188666
2019-11-24 12:00:00,116.54,117.3,117.3,116.79,102.94074106
2019-11-24 13:00:00,116.05,116.79,116.54,116.36,93.65862112
2019-11-24 14:00:00,113.51,116.32,115.72,114.12,182.45483645
2019-11-24 15:00:00,111.64,115.09,114.55,111.64,219.12900142
2019-11-24 16:00:00,110.67,113.73,113.51,113.5,532.54325143
2019-11-24 17:00:00,112.52,113.97,113.57,113.33,194.6422441
2019-11-24 18:00:00,112.74,114.0,113.53,113.17,113.42927805
2019-11-24 19:00:00,112.28,113.3,113.17,112.28,252.26198753
2019-11-24 20:00:00,111.53,113.07,112.29,112.78,103.99758312
2019-11-24 21:00:00,112.1,113.13,112.62,112.14,166.06336186
2019-11-24 22:00:00,111.53,112.84,112.08,112.11,170.11765213
2019-11-24 23:00:00,108.38,112.43,112.43,109.44,504.24826693
2019-11-25 00:00:00,107.43,110.07,109.52,109.24,474.39631303
2019-11-25 01:00:00,106.03,111.46,109.84,107.34,369.94112238
2019-11-25 02:00:00,106.98,109.19,107.61,107.98,937.64903318
2019-11-25 03:00:00,105.41,108.55,108.06,105.55,198.45724873
2019-11-25 04:00:00,104.87,108.22,108.22,105.7,312.91705754
2019-11-25 05:00:00,102.75,109.16,105.8,103.45,2120.14816389
2019-11-25 06:00:00,102.78,109.2,103.76,105.0,2527.26319272
2019-11-25 07:00:00,104.84,106.67,105.23,106.17,576.7760038
2019-11-25 08:00:00,105.11,107.92,106.17,105.8,819.02321101
2019-11-25 09:00:00,105.88,109.2,106.41,107.71,997.45384227
2019-11-25 10:00:00,106.98,113.5,107.54,113.33,657.55895306
2019-11-25 11:00:00,110.0,114.35,111.96,111.73,429.62422964
2019-11-25 12:00:00,111.53,115.63,111.78,114.53,373.13202194
2019-11-25 13:00:00,113.45,117.04,114.81,113.88,440.29966188
2019-11-25 14:00:00,114.31,116.24,114.34,115.45,169.45303571
2019-11-25 15:00:00,114.87,116.71,115.27,115.97,327.95551948
2019-11-25 16:00:00,115.1,117.97,116.68,115.5,230.52921175
2019-11-25 17:00:00,114.35,116.09,115.66,115.57,83.56165368
2019-11-25 18:00:00,115.35,116.45,115.39,115.94,91.06246906
2019-11-25 19:00:00,113.96,115.49,115.1,114.36,184.08950959
2019-11-25 20:00:00,112.77,115.11,114.53,114.1,172.32946213
2019-11-25 21:00:00,113.62,115.11,113.9,114.95,322.03220566
2019-11-25 22:00:00,114.04,115.21,114.86,114.11,56.72514045
2019-11-25 23:00:00,113.21,114.47,114.03,113.73,105.99909831
2019-11-26 00:00:00,112.29,114.0,113.62,113.71,83.39445868
2019-11-26 01:00:00,112.93,114.34,113.57,114.34,8.07197709
2019-11-26 02:00:00,114.01,115.08,114.76,114.51,25.97175326
2019-11-26 03:00:00,114.11,116.0,114.37,116.0,31.30020502
2019-11-26 04:00:00,114.8,115.95,115.85,115.3,30.53713247
2019-11-26 05:00:00,115.24,116.35,115.24,115.33,203.57147503
2019-11-26 06:00:00,114.55,116.22,115.78,114.57,35.24442703
2019-11-26 07:00:00,113.38,114.96,114.56,114.23,87.00177789
2019-11-26 08:00:00,113.59,115.03,114.37,113.8,74.05203454
2019-11-26 09:00:00,113.78,114.79,114.05,114.09,47.25325647
2019-11-26 10:00:00,114.27,114.84,114.37,114.5,50.62772347
2019-11-26 11:00:00,112.15,114.41,114.27,113.92,262.69077784
2019-11-26 12:00:00,113.24,114.2,113.57,113.29,78.65903251
2019-11-26 13:00:00,112.08,113.49,113.49,112.53,59.74880793
2019-11-26 14:00:00,112.0,113.42,112.05,112.68,43.99088204
2019-11-26 15:00:00,112.49,113.59,113.17,113.59,87.82385411
2019-11-26 16:00:00,113.12,114.27,113.97,114.09,111.52350685
2019-11-26 17:00:00,112.69,114.13,114.13,113.39,142.60429081
2019-11-26 18:00:00,112.18,113.43,113.15,113.23,32.75599886
2019-11-26 19:00:00,112.75,113.59,113.28,113.08,35.85285472
2019-11-26 20:00:00,112.96,114.5,113.08,114.14,101.69884869
2019-11-26 21:00:00,114.5,116.19,114.5,115.14,242.14291897
2019-11-26 22:00:00,114.83,115.64,115.46,115.57,92.95915386
2019-11-26 23:00:00,115.0,115.89,115.48,115.47,87.77690822
2019-11-27 00:00:00,114.58,115.89,115.31,115.49,92.05179147
2019-11-27 01:00:00,114.95,115.85,115.85,115.42,42.50023134
2019-11-27 02:00:00,114.97,115.93,115.64,115.39,477.63382035
2019-11-27 03:00:00,113.05,115.19,115.19,113.05,26.94614407
2019-11-27 04:00:00,112.16,113.18,113.04,113.18,39.3407426
2019-11-27 05:00:00,113.11,113.29,113.11,113.29,3.19684608
2019-11-27 06:00:00,112.77,114.64,112.92,114.64,21.78025536
2019-11-27 07:00:00,113.83,114.56,114.52,114.03,19.781426
2019-11-27 08:00:00,112.84,114.68,114.14,112.84,54.43637331
2019-11-27 09:00:00,110.01,112.4,112.25,110.78,299.17386521
2019-11-27 10:00:00,110.0,111.46,110.78,111.24,59.04390084
2019-11-27 11:00:00,111.32,114.39,111.32,113.66,106.39750162
2019-11-27 12:00:00,113.81,115.92,113.81,114.77,236.9526401
2019-11-27 13:00:00,114.64,115.61,115.0,115.48,53.31881652
2019-11-27 14:00:00,114.71,115.79,115.51,114.9,70.06996541
2019-11-27 15:00:00,114.7,118.04,115.13,117.56,61.30771887
2019-11-27 16:00:00,115.38,119.79,117.88,119.28,779.65504254
2019-11-27 17:00:00,118.9,120.75,119.0,119.96,401.14803155
2019-11-27 18:00:00,118.94,120.86,119.88,118.94,230.71510369
2019-11-27 19:00:00,119.1,120.18,119.42,119.76,539.71131772
2019-11-27 20:00:00,118.93,121.06,119.75,118.93,366.81075112
2019-11-27 21:00:00,118.3,119.49,118.9,119.25,101.26852527
2019-11-27 22:00:00,118.18,119.48,119.3,118.18,346.57531156
2019-11-27 23:00:00,118.25,119.0,118.46,118.58,71.42339713
2019-11-28 00:00:00,118.64,120.2,118.64,120.2,210.04800312
2019-11-28 01:00:00,118.72,120.14,119.95,118.72,119.91130982
2019-11-28 02:00:00,118.23,118.88,118.35,118.35,25.03486881
2019-11-28 03:00:00,117.9,118.7,118.43,117.9,7.36282889
2019-11-28 04:00:00,117.61,118.24,117.82,117.61,4.90101863
2019-11-28 05:00:00,116.75,118.15,117.85,117.5,12.06108428
2019-11-28 06:00:00,117.1,118.66,117.5,118.13,8.09004061
2019-11-28 07:00:00,117.72,118.57,118.15,117.79,40.56264032
2019-11-28 08:00:00,117.87,118.5,118.13,118.5,50.23568007
2019-11-28 09:00:00,117.56,118.49,118.49,117.91,161.09881198
2019-11-28 10:00:00,116.5,117.69,117.5,117.0,272.61771582
2019-11-28 11:00:00,117.03,118.07,117.35,117.68,146.687347
2019-11-28 12:00:00,117.03,117.96,117.67,117.08,115.6682766
2019-11-28 13:00:00,116.88,117.7,116.94,117.0,27.19774231
2019-11-28 14:00:00,116.83,117.69,117.48,117.51,79.92786971
2019-11-28 15:00:00,117.67,120.0,117.67,119.99,68.94674954
2019-11-28 16:00:00,118.85,119.87,119.72,119.42,110.29157295
2019-11-28 17:00:00,119.04,119.8,119.8,119.29,44.99287764
2019-11-28 18:00:00,119.2,120.02,119.31,119.26,85.41762429
2019-11-28 19:00:00,119.25,119.91,119.26,119.51,80.0018658
2019-11-28 20:00:00,118.21,119.39,119.39,118.49,66.85198408
2019-11-28 21:00:00,117.64,118.79,118.49,118.13,318.69347738
2019-11-28 22:00:00,116.52,118.75,118.33,116.93,63.14994289
2019-11-28 23:00:00,116.05,117.66,116.5,117.17,128.7308048
2019-11-29 00:00:00,116.91,119.1,116.97,118.8,118.06283218
2019-11-29 01:00:00,118.03,118.84,118.48,118.42,37.45802382
2019-11-29 02:00:00,117.95,118.58,118.34,118.48,133.9329031
2019-11-29 03:00:00,118.1,118.82,118.1,118.76,4.72223725
2019-11-29 04:00:00,118.21,118.77,118.77,118.41,15.83782372
2019-11-29 05:00:00,117.59,118.17,118.14,117.87,24.53396633
2019-11-29 06:00:00,117.8,118.61,118.51,118.61,64.78440231
2019-11-29 07:00:00,118.06,118.58,118.34,118.58,72.0941753
2019-11-29 08:00:00,118.22,119.42,119.04,118.22,33.40536742
2019-11-29 09:00:00,118.76,120.84,118.76,120.49,356.93774917
2019-11-29 10:00:00,119.63,120.83,120.17,119.81,85.60048025
2019-11-29 11:00:00,119.38,120.31,119.87,119.57,239.35945339
2019-11-29 12:00:00,118.0,120.6,118.94,120.54,214.68186658
2019-11-29 13:00:00,119.86,121.78,120.08,121.61,134.70649785
2019-11-29 14:00:00,120.84,121.99,121.36,121.53,578.21287997
2019-11-29 15:00:00,120.66,121.81,121.67,121.68,98.73731908
2019-11-29 16:00:00,119.74,122.0,121.82,120.21,94.70233178
2019-11-29 17:00:00,119.97,120.69,119.97,120.15,106.29031777
2019-11-29 18:00:00,119.83,120.5,120.34,120.16,86.75603677
2019-11-29 19:00:00,119.41,120.33,119.91,119.41,32.86397179
2019-11-29 20:00:00,119.38,120.29,119.47,119.64,21.89827066
2019-11-29 21:00:00,118.09,119.76,119.76,118.32,224.53629354
2019-11-29 22:00:00,118.16,119.15,118.32,118.97,53.84153652
2019-11-29 23:00:00,118.64,120.11,119.01,119.68,293.06415643
2019-11-30 00:00:00,119.44,120.7,119.88,120.1,65.91949964
2019-11-30 01:00:00,119.4,120.51,119.78,119.4,29.21947006
2019-11-30 02:00:00,119.14,119.8,119.31,119.45,16.38748415
2019-11-30 03:00:00,118.98,119.42,119.32,119.39,13.91958401
2019-11-30 04:00:00,118.91,119.32,119.3,119.22,24.98526635
2019-11-30 05:00:00,118.93,119.59,118.98,119.31,5.69798804
2019-11-30 06:00:00,119.24,120.38,119.5,120.38,35.81350584
2019-11-30 07:00:00,119.52,120.21,119.52,120.0,10.12097249
2019-11-30 08:00:00,119.71,120.99,119.98,119.74,256.79109079
2019-11-30 09:00:00,118.78,119.86,119.71,119.78,77.52404972
2019-11-30 10:00:00,118.48,120.17,120.0,118.96,121.64953749
2019-11-30 11:00:00,118.46,119.3,119.3,118.74,130.00776747
2019-11-30 12:00:00,118.38,119.2,118.62,119.11,259.41216132
2019-11-30 13:00:00,118.17,119.29,119.09,118.5,135.04178936
2019-11-30 14:00:00,117.0,118.5,118.21,117.8,212.19968764
2019-11-30 15:00:00,116.84,118.24,117.61,117.65,229.52828673
2019-11-30 16:00:00,117.76,118.24,117.87,118.21,58.98363047
2019-11-30 17:00:00,116.5,118.19,118.17,117.22,121.60056626
2019-11-30 18:00:00,116.16,117.4,116.85,116.34,76.30635771
2019-11-30 19:00:00,116.6,117.46,116.98,116.94,36.00621808
2019-11-30 20:00:00,116.33,117.25,116.81,116.63,49.76341478
2019-11-30 21:00:00,116.79,117.86,116.9,117.82,56.70436734
2019-11-30 22:00:00,117.38,118.25,117.96,117.74,37.38997898
2019-11-30 23:00:00,117.19,118.21,117.74,117.52,19.62510336
2019-12-01 00:00:00,116.56,117.44,117.44,116.91,29.64679577
2019-12-01 01:00:00,114.55,116.99,116.72,114.98,87.4875793
2019-12-01 02:00:00,113.54,115.47,114.59,114.42,85.21247474
2019-12-01 03:00:00,113.29,114.35,113.5,114.35,12.52201091
2019-12-01 04:00:00,113.76,114.98,114.02,114.7,35.82569965
2019-12-01 05:00:00,114.08,114.97,114.73,114.97,4.41048323
2019-12-01 06:00:00,113.84,114.76,114.36,113.84,10.47420284
2019-12-01 07:00:00,113.85,114.56,114.35,113.86,7.15213662
2019-12-01 08:00:00,113.58,114.25,113.85,113.97,30.92591731
2019-12-01 09:00:00,113.36,114.58,113.78,114.23,36.1636239
2019-12-01 10:00:00,114.21,115.22,114.53,115.22,125.37406417
2019-12-01 11:00:00,114.2,115.22,115.13,114.58,282.01781884
2019-12-01 12:00:00,114.25,115.19,114.25,115.14,35.12220841
2019-12-01 13:00:00,115.04,117.57,115.23,117.36,65.14351434
2019-12-01 14:00:00,116.72,118.0,118.0,116.78,69.64499629
2019-12-01 15:00:00,115.71,117.13,116.76,115.94,28.7965965
2019-12-01 16:00:00,115.71,116.67,115.71,116.47,36.05620044
2019-12-01 17:00:00,116.06,116.64,116.29,116.49,22.38591976
2019-12-01 18:00:00,116.25,116.97,116.84,116.33,43.71226907
2019-12-01 19:00:00,115.96,116.98,116.56,116.53,33.78987197
2019-12-01 20:00:00,116.39,116.93,116.9,116.64,80.63167633
2019-12-01 21:00:00,116.22,117.31,116.62,117.27,131.02819707
2019-12-01 22:00:00,116.99,117.9,117.5,117.25,59.79245717
2019-12-01 23:00:00,117.1,118.0,117.5,117.1,38.650858
2019-12-02 00:00:00,116.19,117.39,117.34,116.61,170.13365873
2019-12-02 01:00:00,116.25,117.44,116.85,117.09,107.35056576
2019-12-02 02:00:00,116.85,117.48,117.48,116.9,9.08269307
2019-12-02 03:00:00,116.4,117.14,117.14,116.62,12.89272254
2019-12-02 04:00:00,116.17,116.82,116.65,116.24,2.35653931
2019-12-02 05:00:00,114.3,116.04,116.04,114.3,21.77799767
2019-12-02 06:00:00,113.91,114.96,114.09,114.6,155.19690632
2019-12-02 07:00:00,114.42,115.13,114.84,115.13,69.87688502
2019-12-02 08:00:00,114.02,115.14,115.13,115.0,46.80361703
2019-12-02 09:00:00,114.87,116.1,115.0,115.54,28.81490938
2019-12-02 10:00:00,115.28,116.65,115.7,115.83,242.38690094
2019-12-02 11:00:00,114.95,116.11,115.85,115.41,147.53617363
2019-12-02 12:00:00,114.29,115.57,115.25,115.25,159.69290749
2019-12-02 13:00:00,115.1,115.96,115.26,115.86,60.17679808
2019-12-02 14:00:00,114.41,115.75,115.75,114.77,104.1655161
2019-12-02 15:00:00,114.11,115.3,114.54,114.92,61.67514336
2019-12-02 16:00:00,114.0,115.5,115.35,114.0,26.19344781
2019-12-02 17:00:00,113.75,114.37,114.24,114.32,40.65805555
2019-12-02 18:00:00,113.75,114.41,114.15,114.11,172.32285903
2019-12-02 19:00:00,113.82,114.6,113.88,114.2,175.58167512
2019-12-02 20:00:00,114.17,115.03,114.31,114.68,206.75951773
2019-12-02 21:00:00,114.31,115.14,114.68,115.09,99.5731835
2019-12-02 22:00:00,114.77,115.94,114.83,115.66,67.49835214
2019-12-02 23:00:00,114.89,115.93,115.51,115.02,69.52841772
2019-12-03 00:00:00,115.06,116.19,115.36,115.83,42.38374654
2019-12-03 01:00:00,114.95,115.83,115.83,115.05,95.46654331
2019-12-03 02:00:00,114.71,116.05,114.79,115.97,7.74571515
2019-12-03 03:00:00,115.22,116.0,115.95,115.54,34.67019702
2019-12-03 04:00:00,115.18,115.5,115.5,115.18,2.41255067
2019-12-03 05:00:00,114.87,115.01,115.01,114.97,21.08167393
2019-12-03 06:00:00,114.72,115.32,114.81,115.01,74.41477314
2019-12-03 07:00:00,114.3,114.99,114.78,114.73,20.72669642
2019-12-03 08:00:00,114.41,114.86,114.86,114.68,50.41973346
2019-12-03 09:00:00,113.34,114.91,114.79,113.34,137.58806676
2019-12-03 10:00:00,112.49,113.76,113.33,113.24,180.93130814
2019-12-03 11:00:00,112.94,113.64,113.52,113.04,374.39796385
2019-12-03 12:00:00,112.94,113.72,113.03,113.57,125.53897184
2019-12-03 13:00:00,113.12,113.9,113.39,113.42,146.72739205
2019-12-03 14:00:00,113.39,114.88,113.39,114.57,31.345488
2019-12-03 15:00:00,114.04,114.9,114.25,114.47,110.36042281
2019-12-03 16:00:00,113.81,114.62,114.17,114.19,48.61393976
2019-12-03 17:00:00,113.93,114.54,114.45,114.19,72.17584002
2019-12-03 18:00:00,113.9,114.68,114.17,114.51,109.11211887
2019-12-03 19:00:00,113.79,114.52,114.49,114.05,121.07323361
2019-12-03 20:00:00,113.37,114.02,113.94,113.76,87.87254687
2019-12-03 21:00:00,113.36,114.42,113.73,113.71,115.41392378
2019-12-03 22:00:00,113.35,114.25,114.09,113.86,143.0085171
2019-12-03 23:00:00,113.25,113.86,113.86,113.52,38.95719322
2019-12-04 00:00:00,110.59,113.53,113.53,111.41,138.94711277
2019-12-04 01:00:00,110.5,111.76,111.11,111.53,25.40464313
2019-12-04 02:00:00,111.19,111.91,111.34,111.33,25.447664
2019-12-04 03:00:00,111.35,111.84,111.44,111.35,12.90353291
2019-12-04 04:00:00,111.11,111.61,111.33,111.46,4.34666112
2019-12-04 05:00:00,110.7,111.38,111.38,110.7,8.24938763
2019-12-04 06:00:00,110.7,111.62,110.7,111.28,13.43963997
2019-12-04 07:00:00,111.03,111.5,111.03,111.27,51.70540751
2019-12-04 08:00:00,110.37,111.99,111.23,111.57,129.86451509
2019-12-04 09:00:00,111.48,112.0,111.79,111.69,31.86712243
2019-12-04 10:00:00,111.44,112.29,111.7,112.29,55.92821966
2019-12-04 11:00:00,111.65,112.42,112.41,111.88,43.98448978
2019-12-04 12:00:00,111.66,111.9,111.9,111.66,23.98787109
2019-12-04 13:00:00,111.67,116.18,111.88,114.89,317.57304413
2019-12-04 14:00:00,113.64,115.1,114.88,114.18,174.28073973
2019-12-04 15:00:00,113.53,114.46,114.12,114.16,78.89277096
2019-12-04 16:00:00,114.01,114.53,114.46,114.14,152.49196127
2019-12-04 17:00:00,114.17,114.55,114.44,114.44,59.76282761
2019-12-04 18:00:00,114.03,114.58,114.44,114.58,18.0110229
2019-12-04 19:00:00,114.24,114.69,114.6,114.6,43.13494576
2019-12-04 20:00:00,110.94,114.92,114.6,111.32,395.29152668
2019-12-04 21:00:00,110.75,112.42,111.47,111.17,380.50228246
2019-12-04 22:00:00,110.88,111.86,111.17,111.2,103.44014373
2019-12-04 23:00:00,111.2,111.83,111.2,111.26,74.74767967
2019-12-05 00:00:00,110.63,114.63,111.22,111.14,1567.5813576
2019-12-05 01:00:00,111.25,111.72,111.39,111.25,51.30763231
2019-12-05 02:00:00,110.39,111.45,111.42,110.39,287.97573976
2019-12-05 03:00:00,110.13,110.8,110.36,110.8,73.67089357
2019-12-05 04:00:00,110.01,111.39,110.73,110.38,344.72107127
2019-12-05 05:00:00,110.59,111.56,110.59,111.56,107.97577616
2019-12-05 06:00:00,111.15,111.55,111.22,111.55,12.04178907
2019-12-05 07:00:00,110.86,111.3,111.05,111.22,8.46961368
2019-12-05 08:00:00,110.91,111.51,111.16,111.45,71.87624064
2019-12-05 09:00:00,111.17,112.0,111.36,111.34,88.95860435
2019-12-05 10:00:00,111.34,112.36,111.34,111.83,36.19904724
2019-12-05 11:00:00,111.63,112.2,112.12,111.85,58.28015369
2019-12-05 12:00:00,112.26,113.48,112.4,113.25,48.70032748
2019-12-05 13:00:00,112.59,113.44,113.09,112.9,42.17590251
2019-12-05 14:00:00,112.24,112.91,112.85,112.44,95.4213488
2019-12-05 15:00:00,111.72,112.56,112.41,112.3,55.63359628
2019-12-05 16:00:00,111.37,112.5,112.02,111.63,77.42715621
2019-12-05 17:00:00,111.42,112.44,111.84,112.09,59.21169952
2019-12-05 18:00:00,111.76,112.59,112.42,112.08,127.98089398
2019-12-05 19:00:00,111.74,113.27,111.74,112.7,126.46404682
2019-12-05 20:00:00,112.44,113.23,112.44,112.84,62.8147737
2019-12-05 21:00:00,112.25,112.86,112.84,112.54,137.8389984
2019-12-05 22:00:00,112.32,113.15,112.54,113.15,32.3624459
2019-12-05 23:00:00,112.31,113.12,113.01,112.59,94.37321337
2019-12-06 00:00:00,111.99,112.67,112.59,112.43,27.95746663
2019-12-06 01:00:00,112.03,112.83,112.61,112.61,14.55499634
2019-12-06 02:00:00,112.36,112.9,112.89,112.66,23.55561075
2019-12-06 03:00:00,111.99,112.65,112.63,112.27,41.64091306
2019-12-06 04:00:00,111.93,112.4,111.99,112.17,20.06846315
2019-12-06 05:00:00,112.17,112.56,112.36,112.45,7.54347287
2019-12-06 06:00:00,111.91,112.93,112.08,112.34,99.00821716
2019-12-06 07:00:00,112.25,112.78,112.56,112.53,20.42997291
2019-12-06 08:00:00,112.1,112.65,112.53,112.12,51.51151953
2019-12-06 09:00:00,111.49,112.91,112.4,112.45,91.46570319
2019-12-06 10:00:00,111.53,112.35,112.09,111.64,205.66872088
2019-12-06 11:00:00,111.46,112.2,111.68,111.93,44.33751221
2019-12-06 12:00:00,111.71,112.09,111.9,111.85,133.74802186
2019-12-06 13:00:00,111.43,112.03,111.95,111.75,202.92639011
2019-12-06 14:00:00,111.59,112.16,111.74,111.98,48.9204054
2019-12-06 15:00:00,111.78,112.6,111.8,112.21,54.51422778
2019-12-06 16:00:00,112.08,112.75,112.26,112.55,60.15121004
2019-12-06 17:00:00,112.32,114.02,112.52,113.06,210.71380303
2019-12-06 18:00:00,112.87,113.6,113.36,113.6,29.58621599
2019-12-06 19:00:00,112.73,113.39,113.39,113.26,25.28245611
2019-12-06 20:00:00,112.75,113.27,113.06,112.96,146.3040313
2019-12-06 21:00:00,112.83,113.28,112.96,113.19,173.14720563
2019-12-06 22:00:00,113.06,113.75,113.06,113.59,119.37394576
2019-12-06 23:00:00,112.89,113.75,113.69,113.75,44.00128
2019-12-07 00:00:00,113.08,113.81,113.71,113.08,257.7672568
2019-12-07 01:00:00,112.94,113.61,113.47,113.28,31.00581083
2019-12-07 02:00:00,112.99,113.41,113.29,113.4,33.67352474
2019-12-07 03:00:00,113.03,113.4,113.4,113.4,7.5963561
2019-12-07 04:00:00,113.33,114.0,113.54,113.51,83.41057591
2019-12-07 05:00:00,113.35,113.93,113.37,113.68,9.51801675
2019-12-07 06:00:00,113.3,113.69,113.69,113.57,9.04198148
2019-12-07 07:00:00,113.15,113.52,113.52,113.51,19.70016724
2019-12-07 08:00:00,112.54,113.52,113.52,112.67,8.96700201
2019-12-07 09:00:00,112.48,112.97,112.73,112.71,27.95956685
2019-12-07 10:00:00,112.45,113.05,112.68,112.95,61.17295026
2019-12-07 11:00:00,112.51,113.11,112.76,113.02,96.47715939
2019-12-07 12:00:00,112.81,113.13,112.81,113.05,158.1464122
2019-12-07 13:00:00,112.45,113.02,112.89,112.69,93.98242469
2019-12-07 14:00:00,112.7,114.04,112.86,113.36,1047.78536366
2019-12-07 15:00:00,113.08,113.5,113.34,113.1,306.89118492
2019-12-07 16:00:00,112.76,113.34,113.09,112.9,87.28359676
2019-12-07 17:00:00,112.68,113.17,113.04,112.81,70.03888951
2019-12-07 18:00:00,112.63,113.01,112.81,112.63,97.99213457
2019-12-07 19:00:00,112.47,112.97,112.53,112.94,47.83022933
2019-12-07 20:00:00,112.43,112.94,112.94,112.58,112.08911033
2019-12-07 21:00:00,112.13,112.53,112.43,112.17,93.78132927
2019-12-07 22:00:00,112.18,112.94,112.29,112.69,44.62018364
2019-12-07 23:00:00,112.45,112.89,112.69,112.55,22.20020656
2019-12-08 00:00:00,112.12,112.78,112.52,112.49,41.40846941
2019-12-08 01:00:00,112.24,112.73,112.4,112.72,17.47806233
2019-12-08 02:00:00,112.27,112.71,112.43,112.27,10.92599993
2019-12-08 03:00:00,111.72,112.48,112.48,111.99,22.27408504
2019-12-08 04:00:00,112.29,112.39,112.29,112.39,6.95146124
2019-12-08 05:00:00,112.14,112.43,112.38,112.29,1.31823305
2019-12-08 06:00:00,112.3,112.56,112.31,112.56,2.99043726
2019-12-08 07:00:00,112.33,112.49,112.33,112.33,5.83740889
2019-12-08 08:00:00,112.33,113.16,112.33,113.16,20.97670918
2019-12-08 09:00:00,113.12,113.64,113.14,113.34,41.44966545
2019-12-08 10:00:00,112.95,113.55,113.42,113.38,426.03067399
2019-12-08 11:00:00,112.92,113.54,113.24,113.07,34.38986441
2019-12-08 12:00:00,112.94,113.35,113.04,112.96,11.88459482
2019-12-08 13:00:00,112.95,113.79,112.95,113.71,100.97990806
2019-12-08 14:00:00,113.19,113.85,113.41,113.85,66.09689629
2019-12-08 15:00:00,114.48,115.83,114.48,115.07,743.88150623
2019-12-08 16:00:00,114.72,115.3,115.19,115.0,41.02396033
2019-12-08 17:00:00,114.86,115.56,115.0,115.45,118.39824071
2019-12-08 18:00:00,115.16,116.19,115.45,115.44,123.26509982
2019-12-08 19:00:00,114.62,115.44,115.43,115.44,60.16512968
2019-12-08 20:00:00,114.49,115.54,114.97,115.18,281.83153355
2019-12-08 21:00:00,114.92,115.64,115.62,115.03,46.94594491
2019-12-08 22:00:00,114.75,115.69,115.35,115.59,51.35187456
2019-12-08 23:00:00,114.69,115.76,115.74,115.09,85.03106288
2019-12-09 00:00:00,114.57,115.39,115.1,115.14,24.51640164
2019-12-09 01:00:00,114.34,115.14,114.97,114.34,37.68863556
2019-12-09 02:00:00,114.26,114.81,114.27,114.61,15.51989308
2019-12-09 03:00:00,114.59,114.92,114.73,114.63,27.81677518
2019-12-09 04:00:00,114.32,115.05,114.9,114.32,20.90893155
2019-12-09 05:00:00,114.23,114.61,114.42,114.23,23.62760504
2019-12-09 06:00:00,113.73,114.39,114.23,113.97,2.07084416
2019-12-09 07:00:00,113.6,113.97,113.67,113.6,5.81922811
2019-12-09 08:00:00,113.22,113.77,113.77,113.39,36.91488475
2019-12-09 09:00:00,113.39,113.83,113.39,113.69,73.71059546
2019-12-09 10:00:00,113.39,113.93,113.52,113.79,775.54764126
2019-12-09 11:00:00,113.47,114.03,113.79,113.52,54.39361795
2019-12-09 12:00:00,113.4,114.5,113.57,114.28,91.95632871
2019-12-09 13:00:00,114.24,114.79,114.31,114.27,25.46128437
2019-12-09 14:00:00,114.08,114.66,114.23,114.63,31.14171927
2019-12-09 15:00:00,112.64,115.2,114.77,112.7,246.94600864
2019-12-09 16:00:00,112.2,113.08,112.32,112.67,49.29117819
2019-12-09 17:00:00,112.43,112.9,112.48,112.8,130.14326429
2019-12-09 18:00:00,112.6,113.09,112.96,112.83,47.54703081
2019-12-09 19:00:00,112.1,113.16,113.16,112.1,38.31321588
2019-12-09 20:00:00,111.78,113.06,112.0,111.78,186.81319684
2019-12-09 21:00:00,111.66,112.64,111.66,112.44,360.9018525
2019-12-09 22:00:00,111.9,112.6,112.37,112.42,39.17323065
2019-12-09 23:00:00,112.09,112.7,112.36,112.26,229.27379836
2019-12-10 00:00:00,112.23,112.52,112.26,112.5,139.07692514
2019-12-10 01:00:00,111.71,113.0,112.63,111.97,66.03496882
2019-12-10 02:00:00,111.8,112.14,111.96,111.99,105.4922369
2019-12-10 03:00:00,112.02,112.25,112.16,112.23,4.94905566
2019-12-10 04:00:00,112.03,112.3,112.19,112.13,289.37957031
2019-12-10 05:00:00,111.78,112.21,112.1,112.01,48.11842103
2019-12-10 06:00:00,111.56,112.06,111.61,111.95,8.51879245
2019-12-10 07:00:00,111.56,112.18,111.92,112.18,412.69323884
2019-12-10 08:00:00,111.7,112.39,112.33,111.76,143.00743421
2019-12-10 09:00:00,111.62,112.02,111.62,111.87,32.97140009
2019-12-10 10:00:00,111.64,111.96,111.77,111.93,85.30962924
2019-12-10 11:00:00,111.65,112.13,112.13,111.99,289.01038022
2019-12-10 12:00:00,111.67,112.14,111.92,112.14,167.65884021
2019-12-10 13:00:00,111.8,112.59,112.02,111.8,543.19798921
2019-12-10 14:00:00,110.58,112.19,111.8,111.02,482.16050899
2019-12-10 15:00:00,110.26,111.47,111.0,110.33,164.95287517
2019-12-10 16:00:00,110.36,110.89,110.58,110.63,168.48422055
2019-12-10 17:00:00,110.2,110.78,110.62,110.2,80.66050142
2019-12-10 18:00:00,109.8,110.19,110.07,109.82,149.07324989
2019-12-10 19:00:00,109.8,110.18,110.08,110.01,61.572544
2019-12-10 20:00:00,109.31,109.99,109.8,109.99,72.50879145
2019-12-10 21:00:00,109.69,110.33,109.69,110.23,54.23040374
2019-12-10 22:00:00,110.33,111.56,110.33,111.28,212.09572089
2019-12-10 23:00:00,111.04,111.55,111.46,111.28,96.138985
2019-12-11 00:00:00,111.01,111.38,111.2,111.09,27.43994537
2019-12-11 01:00:00,111.09,111.59,111.12,111.58,24.69786792
2019-12-11 02:00:00,111.19,111.61,111.34,111.19,4.74852345
2019-12-11 03:00:00,110.63,111.36,111.36,110.97,13.85764797
2019-12-11 04:00:00,110.71,111.02,110.71,111.0,29.44551982
2019-12-11 05:00:00,110.39,111.25,111.1,111.0,49.18009575
2019-12-11 06:00:00,110.49,111.09,110.88,110.95,12.63672003
2019-12-11 07:00:00,110.93,111.39,111.29,111.38,2.44858914
2019-12-11 08:00:00,110.93,111.47,111.3,111.1,19.87442722
2019-12-11 09:00:00,110.86,111.47,111.09,111.21,37.38989666
2019-12-11 10:00:00,110.56,111.21,111.0,110.72,33.138661
2019-12-11 11:00:00,110.62,111.03,110.94,110.84,35.38500258
2019-12-11 12:00:00,110.96,111.37,111.12,111.33,106.00141166
2019-12-11 13:00:00,110.51,111.17,110.87,110.51,81.38666326
2019-12-11 14:00:00,110.26,110.89,110.8,110.58,45.78668573
2019-12-11 15:00:00,108.13,110.58,110.28,108.45,191.06560316
2019-12-11 16:00:00,108.04,109.02,108.46,108.52,155.61683039
2019-12-11 17:00:00,108.32,109.08,108.73,109.08,96.85277742
2019-12-11 18:00:00,108.34,109.13,109.04,108.55,60.04103027
2019-12-11 19:00:00,108.0,108.63,108.55,108.31,46.7907416
2019-12-11 20:00:00,107.91,108.41,108.25,108.02,107.53892028
2019-12-11 21:00:00,107.87,108.5,108.24,108.25,243.81401636
2019-12-11 22:00:00,108.18,108.55,108.26,108.36,20.40379985
2019-12-11 23:00:00,108.42,109.32,108.67,109.32,70.94776101
2019-12-12 00:00:00,107.0,109.03,109.03,107.42,139.45480541
2019-12-12 01:00:00,105.67,107.52,107.52,106.34,125.51541845
2019-12-12 02:00:00,106.62,107.83,106.62,107.61,285.86817532
2019-12-12 03:00:00,107.57,107.81,107.6,107.72,61.70476719
2019-12-12 04:00:00,107.07,107.75,107.74,107.33,51.37625792
2019-12-12 05:00:00,107.54,108.06,107.88,107.83,14.33140772
2019-12-12 06:00:00,107.35,107.86,107.75,107.77,77.25260274
2019-12-12 07:00:00,107.16,107.62,107.62,107.16,36.05648409
2019-12-12 08:00:00,106.62,107.2,107.2,107.05,83.07490751
2019-12-12 09:00:00,106.98,108.89,107.05,108.89,336.23626795
2019-12-12 10:00:00,108.51,109.25,108.9,108.69,127.07722176
2019-12-12 11:00:00,108.81,109.75,109.3,109.1,162.43634644
2019-12-12 12:00:00,109.09,110.01,109.63,109.24,136.17123956
2019-12-12 13:00:00,109.16,109.9,109.52,109.57,176.69250051
2019-12-12 14:00:00,107.85,110.0,109.78,108.86,86.82064126
2019-12-12 15:00:00,108.55,109.83,108.86,109.83,131.33830383
2019-12-12 16:00:00,109.51,110.1,109.51,109.83,84.82626099
2019-12-12 17:00:00,109.67,110.19,109.95,109.83,101.44687625
2019-12-12 18:00:00,109.63,111.19,109.71,111.19,218.45895791
2019-12-12 19:00:00,110.23,111.08,111.02,110.54,201.33993631
2019-12-12 20:00:00,110.08,110.59,110.46,110.59,83.86989963
2019-12-12 21:00:00,109.81,110.77,110.58,110.03,131.85512817
2019-12-12 22:00:00,106.9,110.1,110.1,107.58,713.06418605
2019-12-12 23:00:00,107.47,107.9,107.47,107.6,89.51587266
2019-12-13 00:00:00,107.45,107.97,107.6,107.79,101.52745244
2019-12-13 01:00:00,106.98,107.67,107.48,107.19,93.83399005
2019-12-13 02:00:00,106.87,107.49,106.87,107.23,26.61182663
2019-12-13 03:00:00,107.22,107.55,107.24,107.34,15.75833807
2019-12-13 04:00:00,107.2,107.74,107.28,107.66,39.09536568
2019-12-13 05:00:00,107.23,107.62,107.62,107.4,17.95160866
2019-12-13 06:00:00,107.2,107.3,107.22,107.3,29.16506447
2019-12-13 07:00:00,107.28,107.9,107.3,107.64,114.09532499
2019-12-13 08:00:00,106.51,107.59,107.39,107.34,308.82289243
2019-12-13 09:00:00,107.34,108.12,107.34,107.52,539.72240588
2019-12-13 10:00:00,107.29,107.99,107.46,107.86,80.50057784
2019-12-13 11:00:00,107.55,108.05,107.8,107.88,46.86171189
2019-12-13 12:00:00,107.78,108.16,107.8,108.16,45.86658348
2019-12-13 13:00:00,107.85,108.51,108.12,108.51,98.56632405
2019-12-13 14:00:00,107.74,108.28,108.28,107.8,144.6040554
2019-12-13 15:00:00,107.78,108.56,107.8,108.56,61.71803768
2019-12-13 16:00:00,108.32,108.94,108.46,108.77,80.8433669
2019-12-13 17:00:00,108.34,108.91,108.91,108.56,62.54872545
2019-12-13 18:00:00,108.33,108.92,108.86,108.33,77.63396284
2019-12-13 19:00:00,108.14,108.69,108.65,108.51,27.42962048
2019-12-13 20:00:00,107.96,108.57,108.52,108.38,87.10221819
2019-12-13 21:00:00,107.86,108.32,108.24,108.31,35.5430663
2019-12-13 22:00:00,107.94,108.65,108.09,108.49,37.53604397
2019-12-13 23:00:00,108.22,108.73,108.4,108.73,22.42560345
2019-12-14 00:00:00,108.41,108.82,108.42,108.59,23.46436502
2019-12-14 01:00:00,108.56,108.89,108.72,108.7,26.87601566
2019-12-14 02:00:00,108.29,108.79,108.67,108.48,71.23330152
2019-12-14 03:00:00,107.88,108.74,108.44,108.74,4.72020865
2019-12-14 04:00:00,107.97,108.65,108.65,108.06,24.9341391
2019-12-14 05:00:00,108.13,108.56,108.56,108.13,1.01481922
2019-12-14 06:00:00,107.72,108.43,108.12,108.02,16.32619784
2019-12-14 07:00:00,107.83,108.24,108.05,108.01,21.24450262
2019-12-14 08:00:00,107.08,108.22,108.22,107.38,25.17074582
2019-12-14 09:00:00,107.04,107.74,107.04,107.48,44.79471984
2019-12-14 10:00:00,106.94,107.47,107.07,106.94,55.7996835
2019-12-14 11:00:00,106.82,107.52,107.22,107.4,25.84464261
2019-12-14 12:00:00,106.63,107.4,107.4,106.97,44.31694852
2019-12-14 13:00:00,106.89,107.22,107.0,106.89,26.46593013
2019-12-14 14:00:00,106.58,107.26,106.63,107.26,37.27222311
2019-12-14 15:00:00,106.05,107.35,107.27,106.12,41.22020827
2019-12-14 16:00:00,106.0,106.79,106.3,106.4,83.91815629
2019-12-14 17:00:00,106.19,106.66,106.66,106.32,27.46437588
2019-12-14 18:00:00,106.36,107.28,106.68,106.54,45.00590762
2019-12-14 19:00:00,106.54,107.0,106.54,106.65,66.03750895
2019-12-14 20:00:00,106.2,106.9,106.81,106.25,175.2301217
2019-12-14 21:00:00,106.32,106.87,106.53,106.87,37.46020031
2019-12-14 22:00:00,106.31,106.83,106.83,106.78,120.50429147
2019-12-14 23:00:00,106.33,106.8,106.8,106.43,50.98957299
2019-12-15 00:00:00,105.12,106.56,106.56,105.59,201.32036301
2019-12-15 01:00:00,105.32,105.78,105.72,105.77,16.05837542
2019-12-15 02:00:00,105.46,106.06,105.46,105.72,67.72876802
2019-12-15 03:00:00,105.62,106.39,105.74,106.39,15.14284367
2019-12-15 04:00:00,105.62,106.02,105.74,105.62,10.39475824
2019-12-15 05:00:00,105.91,106.03,105.91,105.95,1.5145579
2019-12-15 06:00:00,105.62,106.03,105.72,105.89,17.98419735
2019-12-15 07:00:00,105.76,107.68,105.76,107.64,129.34548817
2019-12-15 08:00:00,107.09,107.75,107.67,107.75,29.46861858
2019-12-15 09:00:00,107.05,107.74,107.74,107.25,28.50979483
2019-12-15 10:00:00,106.84,107.53,107.19,106.84,26.57019842
2019-12-15 11:00:00,106.73,107.39,106.85,107.03,23.92159599
2019-12-15 12:00:00,106.57,107.3,107.3,106.79,39.77572027
2019-12-15 13:00:00,106.49,107.08,106.96,106.91,27.69433156
2019-12-15 14:00:00,106.52,107.31,106.52,107.31,114.93135019
2019-12-15 15:00:00,107.02,107.54,107.31,107.53,40.61757543
2019-12-15 16:00:00,106.6,107.64,107.59,107.1,76.0581518
2019-12-15 17:00:00,106.69,107.28,106.83,107.13,25.54792034
2019-12-15 18:00:00,107.0,107.35,107.05,107.29,21.01373006
2019-12-15 19:00:00,107.01,107.32,107.05,107.29,140.70153548
2019-12-15 20:00:00,107.05,107.46,107.28,107.3,28.92782781
2019-12-15 21:00:00,107.06,107.41,107.13,107.22,26.71583362
2019-12-15 22:00:00,106.56,107.27,107.27,107.08,91.96158999
2019-12-15 23:00:00,106.49,107.02,107.0,106.84,55.85772503
2019-12-16 00:00:00,106.15,106.83,106.71,106.15,36.63850916
2019-12-16 01:00:00,106.08,106.47,106.39,106.27,93.42995038
2019-12-16 02:00:00,105.82,106.13,106.0,105.82,38.60952237
2019-12-16 03:00:00,105.33,106.08,106.07,105.33,111.17430014
2019-12-16 04:00:00,105.49,105.8,105.55,105.79,14.50854005
2019-12-16 05:00:00,105.45,105.82,105.72,105.45,15.09935172
2019-12-16 06:00:00,105.54,106.02,105.69,105.72,11.60726217
2019-12-16 07:00:00,105.33,105.92,105.54,105.53,44.08087744
2019-12-16 08:00:00,105.1,105.57,105.38,105.2,89.56931016
2019-12-16 09:00:00,105.19,105.75,105.42,105.45,36.80220512
2019-12-16 10:00:00,105.15,105.8,105.5,105.29,25.90146003
2019-12-16 11:00:00,105.01,105.8,105.1,105.8,287.07133955
2019-12-16 12:00:00,105.16,105.78,105.53,105.57,76.87941494
2019-12-16 13:00:00,105.67,106.67,105.8,106.67,69.99023604
2019-12-16 14:00:00,106.01,106.75,106.75,106.4,51.32143957
2019-12-16 15:00:00,105.49,106.4,106.22,105.67,98.44495224
2019-12-16 16:00:00,105.67,105.96,105.67,105.77,64.80018935
2019-12-16 17:00:00,105.74,106.04,105.79,106.04,42.52144231
2019-12-16 18:00:00,97.6,106.1,106.04,100.33,1831.51718246
2019-12-16 19:00:00,97.92,100.32,100.04,99.15,585.72765045
2019-12-16 20:00:00,98.44,99.7,99.17,98.8,290.96415507
2019-12-16 21:00:00,98.75,99.55,98.91,99.13,242.52543959
2019-12-16 22:00:00,99.01,100.2,99.03,99.54,656.72313011
2019-12-16 23:00:00,99.02,100.47,99.5,100.09,164.82191036
2019-12-17 00:00:00,99.63,100.29,100.09,99.87,63.21780033
2019-12-17 01:00:00,99.72,100.1,99.88,100.02,78.42335081
2019-12-17 02:00:00,99.62,100.22,99.96,99.69,32.29608729
2019-12-17 03:00:00,98.73,99.39,99.32,99.39,104.95790638
2019-12-17 04:00:00,98.91,99.4,99.4,99.1,27.47164066
2019-12-17 05:00:00,98.76,99.42,99.19,99.39,39.07816717
2019-12-17 06:00:00,98.92,99.21,99.16,98.92,187.14211915
2019-12-17 07:00:00,98.63,99.41,99.07,99.07,377.94960011
2019-12-17 08:00:00,98.89,100.27,99.07,99.66,157.30861289
2019-12-17 09:00:00,99.64,100.35,99.91,99.96,148.17130852
2019-12-17 10:00:00,99.84,100.4,99.84,100.02,248.08948265
2019-12-17 11:00:00,99.76,100.49,100.27,100.49,126.72408103
2019-12-17 12:00:00,100.0,100.68,100.33,100.0,113.59263396
2019-12-17 13:00:00,99.0,100.39,100.01,99.48,191.41057766
2019-12-17 14:00:00,96.5,99.45,99.25,98.0,991.27825863
2019-12-17 15:00:00,96.69,98.23,97.94,97.13,246.11824941
2019-12-17 16:00:00,96.0,98.14,97.2,98.0,508.41190574
2019-12-17 17:00:00,96.57,98.08,98.01,97.37,303.62959584
2019-12-17 18:00:00,96.7,97.48,97.09,97.02,237.73418649
2019-12-17 19:00:00,93.61,97.06,97.06,94.12,515.61631469
2019-12-17 20:00:00,91.6,94.3,93.96,92.48,651.17834014
2019-12-17 21:00:00,92.17,93.34,92.48,93.23,330.41727693
2019-12-17 22:00:00,92.04,93.7,93.14,92.66,361.31428489
2019-12-17 23:00:00,91.32,93.4,92.03,92.91,365.75880407
2019-12-18 00:00:00,92.79,95.0,93.37,95.0,222.17142722
2019-12-18 01:00:00,94.72,96.27,95.01,95.77,181.97688657
2019-12-18 02:00:00,95.33,96.22,95.51,95.94,21.36114422
2019-12-18 03:00:00,95.33,96.2,96.2,95.34,91.15097058
2019-12-18 04:00:00,94.27,95.37,95.33,94.5,58.29722687
2019-12-18 05:00:00,94.09,95.08,95.08,94.09,34.32633282
2019-12-18 06:00:00,93.04,96.08,95.64,94.17,75.0402462
2019-12-18 07:00:00,92.24,95.58,93.43,93.69,804.77001371
2019-12-18 08:00:00,93.01,95.91,94.21,93.65,157.50000462
2019-12-18 09:00:00,92.51,94.44,93.63,93.22,1232.85037273
2019-12-18 10:00:00,93.75,95.06,93.75,94.68,268.42644487
2019-12-18 11:00:00,93.5,95.14,94.77,94.9,92.61432166
2019-12-18 12:00:00,91.58,94.97,93.54,92.47,229.88492258
2019-12-18 13:00:00,89.25,94.24,92.3,93.64,1021.63364531
2019-12-18 14:00:00,93.48,95.56,93.64,94.6,284.65539301
2019-12-18 15:00:00,94.6,98.0,94.6,97.56,496.56910689
2019-12-18 16:00:00,96.48,98.55,97.72,98.01,248.51518794
2019-12-18 17:00:00,97.25,99.24,98.57,97.6,322.07104493
2019-12-18 18:00:00,96.95,97.93,97.6,97.72,143.51454827
2019-12-18 19:00:00,97.62,99.12,97.81,98.93,207.26796171
2019-12-18 20:00:00,98.45,101.38,98.94,99.69,779.2511315
2019-12-18 21:00:00,99.08,101.69,99.52,100.02,381.76391518
2019-12-18 22:00:00,100.13,103.0,100.29,103.0,375.99671942
2019-12-18 23:00:00,101.06,103.04,103.04,101.55,195.99434304
2019-12-19 00:00:00,100.33,102.91,102.03,100.44,359.63181937
2019-12-19 01:00:00,97.11,100.44,100.44,98.86,208.64624205
2019-12-19 02:00:00,98.02,99.03,98.4,98.67,6.08106705
2019-12-19 03:00:00,98.34,99.36,98.93,99.26,89.27851679
2019-12-19 04:00:00,98.16,98.92,98.92,98.45,18.94577738
2019-12-19 05:00:00,97.91,98.6,98.01,98.43,31.68176445
2019-12-19 06:00:00,97.54,98.38,98.19,97.63,28.43228383
2019-12-19 07:00:00,97.37,98.18,97.71,97.37,63.20767998
2019-12-19 08:00:00,97.2,97.56,97.37,97.2,53.13819448
2019-12-19 09:00:00,96.31,97.75,97.31,96.9,96.19716405
2019-12-19 10:00:00,96.99,98.13,96.99,97.69,97.08619407
2019-12-19 11:00:00,96.64,97.79,97.69,96.83,329.32981417
2019-12-19 12:00:00,96.22,97.78,96.77,96.96,314.37526203
2019-12-19 13:00:00,96.67,98.04,97.14,96.89,116.26031215
2019-12-19 14:00:00,96.58,97.49,97.06,97.48,115.24140213
2019-12-19 15:00:00,97.11,98.38,97.25,97.59,63.92155989
2019-12-19 16:00:00,97.53,98.83,97.98,97.66,106.3828457
2019-12-19 17:00:00,97.16,97.88,97.88,97.4,262.11545196
2019-12-19 18:00:00,97.17,98.38,97.42,98.33,46.46015026
2019-12-19 19:00:00,98.04,99.07,98.49,98.17,314.02418027
2019-12-19 20:00:00,97.51,98.03,98.0,97.51,38.62655024
2019-12-19 21:00:00,97.11,98.05,97.49,97.41,93.0608752
2019-12-19 22:00:00,97.06,98.19,97.53,98.19,127.23402165
2019-12-19 23:00:00,98.03,99.04,98.17,99.0,104.09976938
2019-12-20 00:00:00,97.33,99.17,98.93,98.13,119.09050647
2019-12-20 01:00:00,97.4,98.22,98.09,97.82,17.76937952
2019-12-20 02:00:00,97.4,97.94,97.64,97.41,36.98559929
2019-12-20 03:00:00,97.3,97.67,97.37,97.46,23.17407371
2019-12-20 04:00:00,97.33,97.68,97.62,97.59,24.60370401
2019-12-20 05:00:00,96.71,97.56,97.56,96.84,30.93540131
2019-12-20 06:00:00,96.94,97.57,97.11,97.38,198.83518314
2019-12-20 07:00:00,97.15,97.94,97.15,97.94,77.45521388
2019-12-20 08:00:00,97.4,98.0,97.92,97.69,161.73728097
2019-12-20 09:00:00,97.34,98.0,97.69,97.65,62.07574748
2019-12-20 10:00:00,97.18,98.0,97.27,97.28,129.64333398
2019-12-20 11:00:00,97.48,98.0,97.68,98.0,122.59339545
2019-12-20 12:00:00,97.95,98.83,98.0,98.83,133.5633444
2019-12-20 13:00:00,97.96,98.82,98.81,98.31,181.22059744
2019-12-20 14:00:00,97.74,99.02,98.31,98.68,108.6063826
2019-12-20 15:00:00,97.2,99.36,98.96,97.91,158.42510453
2019-12-20 16:00:00,97.35,98.37,97.91,98.24,129.75295734
2019-12-20 17:00:00,97.93,98.86,98.04,98.45,372.82924616
2019-12-20 18:00:00,98.33,98.93,98.33,98.67,61.75585605
2019-12-20 19:00:00,98.41,98.88,98.49,98.7,80.97747399
2019-12-20 20:00:00,98.5,99.12,98.7,98.89,98.61996024
2019-12-20 21:00:00,98.85,99.2,99.06,98.85,29.65545546
2019-12-20 22:00:00,98.52,99.08,98.97,99.01,36.74460191
2019-12-20 23:00:00,98.63,99.32,99.01,99.11,78.23720009
2019-12-21 00:00:00,98.5,99.21,98.9,98.5,61.5329794
2019-12-21 01:00:00,98.03,98.82,98.5,98.08,66.80353084
2019-12-21 02:00:00,98.03,98.41,98.04,98.35,12.50785158
2019-12-21 03:00:00,98.09,98.44,98.35,98.12,9.87598109
2019-12-21 04:00:00,98.12,98.79,98.36,98.22,25.08023986
2019-12-21 05:00:00,98.26,98.67,98.49,98.67,3.05685905
2019-12-21 06:00:00,97.85,98.69,98.21,97.85,18.1665916
2019-12-21 07:00:00,97.72,98.24,98.14,97.91,16.18849705
2019-12-21 08:00:00,97.93,98.38,97.93,98.12,50.0160627
2019-12-21 09:00:00,97.3,98.38,98.37,97.93,22.60862758
2019-12-21 10:00:00,97.69,98.13,97.81,98.09,33.77179138
2019-12-21 11:00:00,97.67,98.71,98.09,98.61,120.44828482
2019-12-21 12:00:00,98.14,98.57,98.33,98.36,76.42443714
2019-12-21 13:00:00,97.85,98.36,98.34,98.13,101.13704045
2019-12-21 14:00:00,97.81,98.49,98.13,98.23,108.10663026
2019-12-21 15:00:00,98.04,98.58,98.25,98.2,133.9946736
2019-12-21 16:00:00,97.83,98.36,98.32,98.08,64.27511968
2019-12-21 17:00:00,97.77,98.41,98.39,98.0,38.25374765
2019-12-21 18:00:00,97.75,98.57,98.0,97.8,109.99932501
2019-12-21 19:00:00,97.72,98.13,98.06,98.12,43.08703913
2019-12-21 20:00:00,97.75,98.27,98.12,98.2,57.73348586
2019-12-21 21:00:00,97.85,98.66,98.21,98.08,18.62422275
2019-12-21 22:00:00,97.78,98.5,98.06,98.15,30.67931677
2019-12-21 23:00:00,97.91,98.44,98.36,98.15,49.89649004
2019-12-22 00:00:00,97.8,98.29,98.24,98.29,126.24347585
2019-12-22 01:00:00,97.94,98.37,98.17,97.99,175.79569048
2019-12-22 02:00:00,97.87,98.35,98.35,97.96,34.01839802
2019-12-22 03:00:00,98.04,98.29,98.12,98.12,4.46770486
2019-12-22 04:00:00,97.87,98.33,98.31,97.87,24.62124877
2019-12-22 05:00:00,97.84,98.23,98.2,98.17,31.7372628
2019-12-22 06:00:00,97.89,98.29,98.16,98.2,9.58091141
2019-12-22 07:00:00,98.0,100.27,98.19,100.22,110.76943268
2019-12-22 08:00:00,98.84,100.94,100.18,99.53,245.26671054
2019-12-22 09:00:00,99.26,99.8,99.26,99.61,27.48933001
2019-12-22 10:00:00,99.34,100.13,99.63,99.73,140.25192324
2019-12-22 11:00:00,99.65,100.03,99.97,99.81,169.96093812
2019-12-22 12:00:00,99.48,99.99,99.83,99.9,25.36183042
2019-12-22 13:00:00,99.67,100.25,99.92,100.12,141.21054908
2019-12-22 14:00:00,99.6,100.14,100.12,99.6,43.33400103
2019-12-22 15:00:00,99.7,100.34,100.05,99.85,32.5646073
2019-12-22 16:00:00,99.97,100.48,100.1,100.28,108.40318911
2019-12-22 17:00:00,99.92,101.0,99.94,100.75,69.17597835
2019-12-22 18:00:00,100.34,101.83,100.68,101.28,305.94883372
2019-12-22 19:00:00,101.49,102.27,101.49,101.99,189.84437908
2019-12-22 20:00:00,101.78,102.5,101.98,102.5,121.93736747
2019-12-22 21:00:00,101.49,102.78,102.5,101.62,121.67671999
2019-12-22 22:00:00,100.87,102.39,101.64,101.69,52.4070681
2019-12-22 23:00:00,101.43,102.08,101.66,102.08,33.82935607
2019-12-23 00:00:00,101.77,103.52,102.37,103.33,233.12124646
2019-12-23 01:00:00,102.83,103.88,103.34,103.88,104.25266164
2019-12-23 02:00:00,103.12,104.0,103.8,103.12,41.87317622
2019-12-23 03:00:00,102.77,103.36,103.36,102.98,8.21889734
2019-12-23 04:00:00,102.6,103.04,103.02,102.74,14.08231253
2019-12-23 05:00:00,101.85,102.7,102.7,101.95,28.12208842
2019-12-23 06:00:00,101.38,102.06,101.77,101.5,19.23751356
2019-12-23 07:00:00,100.86,102.0,101.49,101.58,30.74192136
2019-12-23 08:00:00,101.68,102.25,101.68,102.04,84.02774126
2019-12-23 09:00:00,101.77,102.45,101.9,102.45,35.89203886
2019-12-23 10:00:00,102.2,103.15,102.47,102.72,79.13889014
2019-12-23 11:00:00,102.34,103.03,102.63,102.88,189.49619689
2019-12-23 12:00:00,102.51,103.28,102.69,102.95,233.34989075
2019-12-23 13:00:00,102.98,104.09,103.28,102.98,116.97672111
2019-12-23 14:00:00,102.67,103.42,103.27,103.32,154.27575498
2019-12-23 15:00:00,102.58,103.52,103.09,103.52,99.52579181
2019-12-23 16:00:00,101.56,104.27,103.31,102.41,134.77847798
2019-12-23 17:00:00,99.51,102.38,101.98,100.03,126.39049452
2019-12-23 18:00:00,99.85,100.92,99.85,100.37,225.49760113
2019-12-23 19:00:00,99.6,100.36,100.36,99.79,67.3939325
2019-12-23 20:00:00,99.6,100.17,100.0,99.86,102.68043914
2019-12-23 21:00:00,97.59,100.0,99.86,98.14,653.86531901
2019-12-23 22:00:00,97.77,98.78,98.25,98.58,131.88839482
2019-12-23 23:00:00,98.35,99.5,98.87,98.86,26.81182138
2019-12-24 00:00:00,98.72,99.39,99.17,99.39,22.62786328
2019-12-24 01:00:00,98.5,99.52,99.51,99.06,9.94731993
2019-12-24 02:00:00,98.61,99.31,98.61,99.31,14.31940712
2019-12-24 03:00:00,98.63,98.91,98.91,98.89,5.18032574
2019-12-24 04:00:00,98.93,99.29,98.95,98.94,19.43941489
2019-12-24 05:00:00,98.96,99.4,99.16,99.4,22.60801397
2019-12-24 06:00:00,99.03,99.26,99.13,99.25,32.62788134
2019-12-24 07:00:00,98.23,99.16,99.12,98.38,57.43136431
2019-12-24 08:00:00,98.09,99.56,98.6,99.56,145.90834442
2019-12-24 09:00:00,99.27,99.71,99.46,99.71,122.95184858
2019-12-24 10:00:00,99.23,99.91,99.48,99.73,72.81988609
2019-12-24 11:00:00,99.22,99.76,99.54,99.69,94.51245909
2019-12-24 12:00:00,99.08,99.72,99.5,99.08,154.56354685
2019-12-24 13:00:00,99.07,99.59,99.11,99.26,162.29361914
2019-12-24 14:00:00,99.19,100.31,99.47,99.48,72.82377302
2019-12-24 15:00:00,98.42,99.45,99.45,98.98,91.97725893
2019-12-24 16:00:00,98.12,99.28,98.57,99.27,129.07651465
2019-12-24 17:00:00,98.39,99.31,99.3,98.83,28.32816059
2019-12-24 18:00:00,98.19,98.95,98.59,98.44,213.0018216
2019-12-24 19:00:00,98.23,99.07,98.41,98.75,81.72314881
2019-12-24 20:00:00,98.5,98.88,98.88,98.68,23.20552233
2019-12-24 21:00:00,98.72,99.41,98.87,99.25,66.34965212
2019-12-24 22:00:00,98.62,99.32,99.24,99.32,26.57110685
2019-12-24 23:00:00,98.58,99.32,99.31,99.04,25.60313675
2019-12-25 00:00:00,97.01,99.1,98.7,97.15,281.94369968
2019-12-25 01:00:00,96.95,97.8,97.09,97.8,76.92768462
2019-12-25 02:00:00,97.06,97.73,97.61,97.31,28.36380911
2019-12-25 03:00:00,97.16,97.46,97.16,97.46,53.99782063
2019-12-25 04:00:00,97.31,97.9,97.31,97.89,280.59453386
2019-12-25 05:00:00,97.15,97.86,97.59,97.15,271.47325216
2019-12-25 06:00:00,96.49,97.52,97.49,96.49,111.25067016
2019-12-25 07:00:00,96.43,97.54,96.45,97.54,10.10894846
2019-12-25 08:00:00,96.99,97.46,97.17,97.46,15.69961733
2019-12-25 09:00:00,96.77,97.46,97.46,96.99,6.17229574
2019-12-25 10:00:00,95.91,97.08,96.99,95.91,261.48805552
2019-12-25 11:00:00,95.71,96.41,96.24,95.71,41.72364435
2019-12-25 12:00:00,95.44,96.82,95.75,96.11,119.94448335
2019-12-25 13:00:00,95.7,96.43,96.04,96.15,91.31937468
2019-12-25 14:00:00,95.54,96.26,96.14,95.96,88.5512845
2019-12-25 15:00:00,95.73,96.33,96.07,96.22,63.79609629
2019-12-25 16:00:00,95.47,96.4,96.01,95.99,44.06378697
2019-12-25 17:00:00,95.47,96.17,95.74,96.17,67.5881395
2019-12-25 18:00:00,95.85,96.47,96.19,96.44,103.80883948
2019-12-25 19:00:00,96.18,97.25,96.47,96.91,24.78525614
2019-12-25 20:00:00,96.73,97.6,96.92,97.06,168.57856642
2019-12-25 21:00:00,96.34,97.17,97.06,96.73,45.49688031
2019-12-25 22:00:00,96.62,97.08,96.73,96.81,64.84259309
2019-12-25 23:00:00,96.55,97.08,96.71,96.82,53.49140818
2019-12-26 00:00:00,96.25,96.87,96.82,96.32,219.89987033
2019-12-26 01:00:00,96.02,96.39,96.32,96.35,17.36503539
2019-12-26 02:00:00,96.2,96.68,96.35,96.34,11.28623197
2019-12-26 03:00:00,95.87,96.64,96.58,95.95,34.03990387
2019-12-26 04:00:00,95.89,96.27,96.11,95.92,12.78914382
2019-12-26 05:00:00,95.81,96.1,95.92,96.0,57.89112966
2019-12-26 06:00:00,95.81,96.24,96.18,96.23,6.80720953
2019-12-26 07:00:00,96.04,96.32,96.23,96.04,15.37182115
2019-12-26 08:00:00,96.3,97.04,96.31,96.79,238.11638168
2019-12-26 09:00:00,96.41,96.99,96.77,96.69,51.31386278
2019-12-26 10:00:00,96.47,96.92,96.67,96.85,25.40092962
2019-12-26 11:00:00,96.33,96.97,96.72,96.55,61.35461872
2019-12-26 12:00:00,96.49,96.93,96.5,96.82,193.29287854
2019-12-26 13:00:00,96.48,96.92,96.82,96.65,38.151659
2019-12-26 14:00:00,96.56,97.06,96.64,96.96,86.18362011
2019-12-26 15:00:00,96.57,97.24,96.84,97.24,172.59899421
2019-12-26 16:00:00,96.64,99.09,97.36,98.55,162.5509978
2019-12-26 17:00:00,98.63,99.5,98.73,99.01,332.95269744
2019-12-26 18:00:00,98.54,99.14,99.04,99.04,135.16022748
2019-12-26 19:00:00,98.83,101.77,98.95,98.91,176.46562254
2019-12-26 20:00:00,97.86,99.69,99.69,98.31,93.78435933
2019-12-26 21:00:00,97.0,98.0,98.0,97.27,332.88927498
2019-12-26 22:00:00,95.82,97.17,97.17,96.15,154.22879564
2019-12-26 23:00:00,96.22,96.85,96.54,96.83,71.53582063
2019-12-27 00:00:00,96.27,96.76,96.55,96.39,69.74485329
2019-12-27 01:00:00,96.32,96.86,96.56,96.8,23.0603605
2019-12-27 02:00:00,97.0,97.62,97.16,97.45,111.60730158
2019-12-27 03:00:00,96.91,97.39,97.29,97.09,35.03857393
2019-12-27 04:00:00,96.21,97.18,97.1,96.21,39.40924829
2019-12-27 05:00:00,96.2,96.75,96.4,96.52,4.84376997
2019-12-27 06:00:00,96.09,98.25,96.24,96.24,427.12298108
2019-12-27 07:00:00,95.39,96.08,96.03,95.46,186.61047069
2019-12-27 08:00:00,95.52,96.02,95.77,95.55,45.71038174
2019-12-27 09:00:00,95.08,95.65,95.55,95.39,147.27500515
2019-12-27 10:00:00,95.01,95.77,95.36,95.5,151.93654063
2019-12-27 11:00:00,93.79,95.66,95.65,94.26,369.69686808
2019-12-27 12:00:00,93.76,95.38,94.26,95.38,188.54673379
2019-12-27 13:00:00,94.57,95.92,95.38,94.57,170.52414065
2019-12-27 14:00:00,94.72,95.63,94.72,95.17,96.01794802
2019-12-27 15:00:00,95.15,96.46,95.15,96.2,153.81728056
2019-12-27 16:00:00,95.05,96.89,96.1,95.71,118.73097801
2019-12-27 17:00:00,95.37,96.04,95.72,95.83,108.75783957
2019-12-27 18:00:00,95.37,96.15,95.97,95.9,36.41749253
2019-12-27 19:00:00,95.64,96.58,95.65,96.12,132.46993261
2019-12-27 20:00:00,95.73,96.31,95.87,95.94,99.18144179
2019-12-27 21:00:00,95.73,96.36,96.21,95.98,54.33859481
2019-12-27 22:00:00,96.17,97.17,96.29,96.95,53.41269413
2019-12-27 23:00:00,96.47,96.98,96.8,96.61,52.54077985
2019-12-28 00:00:00,96.32,97.91,96.79,97.91,47.27853914
2019-12-28 01:00:00,96.96,97.9,97.71,97.9,47.59165285
2019-12-28 02:00:00,96.91,97.57,97.57,97.05,29.19465486
2019-12-28 03:00:00,96.96,97.47,97.07,97.47,9.48936367
2019-12-28 04:00:00,97.53,97.8,97.54,97.53,19.64489321
2019-12-28 05:00:00,97.56,98.16,97.77,98.16,38.75668366
2019-12-28 06:00:00,97.17,98.21,98.21,97.38,25.17021757
2019-12-28 07:00:00,97.17,97.49,97.46,97.23,9.36243159
2019-12-28 08:00:00,96.93,97.4,97.21,97.33,30.69360068
2019-12-28 09:00:00,96.95,97.55,97.36,96.95,30.66756541
2019-12-28 10:00:00,97.03,97.81,97.18,97.81,36.1733454
2019-12-28 11:00:00,97.0,97.8,97.8,97.33,421.53049997
2019-12-28 12:00:00,97.14,97.63,97.14,97.63,138.91601806
2019-12-28 13:00:00,97.08,97.61,97.49,97.38,43.90870588
2019-12-28 14:00:00,97.19,97.96,97.39,97.96,175.31025517
2019-12-28 15:00:00,97.1,98.23,97.96,97.77,114.92212627
2019-12-28 16:00:00,97.17,97.94,97.46,97.63,278.70680147
2019-12-28 17:00:00,97.69,98.83,97.8,98.82,184.32566745
2019-12-28 18:00:00,98.35,99.13,98.83,98.48,181.56291168
2019-12-28 19:00:00,98.0,98.77,98.6,98.77,157.22620977
2019-12-28 20:00:00,98.25,98.77,98.77,98.46,47.32602135
2019-12-28 21:00:00,98.0,98.47,98.26,98.29,20.97401115
2019-12-28 22:00:00,97.79,98.13,98.09,98.13,48.72337619
2019-12-28 23:00:00,97.71,98.31,98.09,97.71,67.87433389
2019-12-29 00:00:00,97.55,98.02,98.0,97.93,90.70921453
2019-12-29 01:00:00,97.35,97.74,97.56,97.5,20.27096161
2019-12-29 02:00:00,97.52,97.87,97.72,97.85,8.02321591
2019-12-29 03:00:00,97.62,97.92,97.86,97.85,5.7343367
2019-12-29 04:00:00,97.52,97.89,97.55,97.67,2.52294859
2019-12-29 05:00:00,97.79,98.24,97.79,98.24,7.1741798
2019-12-29 06:00:00,98.08,98.17,98.17,98.1,1.22728224
2019-12-29 07:00:00,98.21,98.32,98.21,98.32,4.6158113
2019-12-29 08:00:00,98.11,98.64,98.33,98.38,15.19029411
2019-12-29 09:00:00,97.7,98.38,98.38,97.97,46.19071712
2019-12-29 10:00:00,97.67,98.28,97.7,97.93,68.35375438
2019-12-29 11:00:00,97.87,98.77,98.12,98.59,58.00853656
2019-12-29 12:00:00,98.51,100.0,98.76,100.0,184.71719626
2019-12-29 12:00:00,98.51,100.0,98.76,100.0,184.71719626
2019-12-29 13:00:00,99.44,100.33,100.28,100.16,117.37435287
2019-12-29 14:00:00,99.91,100.8,99.98,100.21,48.22486936
2019-12-29 15:00:00,99.76,101.33,100.19,101.03,99.41840033
2019-12-29 16:00:00,101.12,102.34,101.12,101.8,139.5232426
2019-12-29 17:00:00,101.35,102.0,101.71,102.0,317.78923055
2019-12-29 18:00:00,101.65,102.4,102.0,102.04,80.49087329
2019-12-29 19:00:00,101.78,103.0,102.04,103.0,85.95714078
2019-12-29 20:00:00,102.69,105.03,102.99,103.16,722.49426795
2019-12-29 21:00:00,101.7,103.32,103.31,103.0,133.21134369
2019-12-29 22:00:00,102.73,103.95,103.46,102.99,102.91589158
2019-12-29 23:00:00,102.25,103.66,102.93,102.25,79.71273244
2019-12-30 00:00:00,101.62,102.43,102.43,102.19,30.81036182
2019-12-30 01:00:00,101.8,102.88,102.1,102.57,19.98848706
2019-12-30 02:00:00,102.14,102.7,102.67,102.24,10.20164279
2019-12-30 03:00:00,101.87,103.31,102.11,103.31,13.76205237
2019-12-30 05:00:00,102.9,103.12,102.96,103.0,6.0505991
2019-12-30 06:00:00,102.58,103.24,102.58,103.24,4.2974012
2019-12-30 07:00:00,103.06,103.63,103.23,103.39,60.86943486
2019-12-30 08:00:00,102.53,103.07,103.05,102.74,31.21940596
2019-12-30 09:00:00,101.63,103.27,102.72,102.0,91.16477415
2019-12-30 10:00:00,101.02,102.14,102.05,101.02,65.92312246
2019-12-30 11:00:00,101.09,101.6,101.29,101.25,96.02452017
2019-12-30 12:00:00,100.51,101.77,101.24,100.51,142.7744769
2019-12-30 13:00:00,100.16,101.47,100.5,100.74,149.32576839
2019-12-30 14:00:00,99.67,100.96,100.56,99.8,101.42202968
2019-12-30 15:00:00,99.12,100.11,99.59,99.49,159.46048548
2019-12-30 16:00:00,99.33,100.09,99.48,99.87,45.95764636
2019-12-30 17:00:00,99.53,100.32,99.82,100.08,79.21237805
2019-12-30 18:00:00,99.91,100.46,100.16,99.91,79.74043409
2019-12-30 19:00:00,99.67,100.33,99.85,100.33,48.05036489
2019-12-30 20:00:00,100.06,100.83,100.3,100.65,149.77219391
2019-12-30 21:00:00,100.32,100.7,100.5,100.42,97.02904564
2019-12-30 22:00:00,100.38,101.1,100.42,100.71,143.57213266
2019-12-30 23:00:00,100.16,101.05,100.92,100.23,33.1668452
2019-12-31 00:00:00,99.65,100.33,99.86,100.2,49.43329177
2019-12-31 01:00:00,100.01,100.38,100.19,100.32,49.87487357
2019-12-31 02:00:00,99.88,100.34,100.34,100.24,8.35686973
2019-12-31 03:00:00,99.78,100.23,100.23,100.01,56.38070731
2019-12-31 04:00:00,99.9,100.35,99.9,99.95,8.7193168
2019-12-31 05:00:00,100.16,101.12,100.16,101.12,12.34663638
2019-12-31 06:00:00,100.66,101.05,101.02,100.98,34.36095813
2019-12-31 07:00:00,100.54,100.89,100.73,100.85,12.31994981
2019-12-31 08:00:00,100.14,100.76,100.6,100.41,13.8981695
2019-12-31 09:00:00,99.71,100.48,100.39,100.08,82.26963869
2019-12-31 10:00:00,99.71,100.54,100.08,100.15,62.06217802
2019-12-31 11:00:00,99.62,100.19,99.97,99.62,22.14179725
2019-12-31 12:00:00,99.34,100.1,99.92,99.5,110.63465808
2019-12-31 13:00:00,99.33,100.1,99.7,99.49,125.94594961
2019-12-31 14:00:00,99.39,100.88,99.47,99.57,75.5173285
2019-12-31 15:00:00,97.75,99.46,99.46,98.0,373.25887185
2019-12-31 16:00:00,97.51,98.42,97.51,97.82,235.91324612
2019-12-31 17:00:00,97.01,98.03,98.03,97.15,198.28109688
2019-12-31 18:00:00,97.01,97.97,97.6,97.44,80.09329133
2019-12-31 19:00:00,96.71,97.61,97.12,97.01,155.4989631
2019-12-31 20:00:00,96.71,97.35,96.84,96.96,74.74019788
2019-12-31 21:00:00,96.75,97.38,97.0,96.84,69.61120578
2019-12-31 22:00:00,96.75,97.77,97.07,97.14,188.44510119
2019-12-31 23:00:00,97.13,97.83,97.13,97.75,111.18064357
2020-01-01 00:00:00,97.16,97.82,97.67,97.82,76.68257679
2020-01-01 01:00:00,97.4,99.05,97.41,98.59,114.20985018
2020-01-01 02:00:00,98.75,99.33,99.04,98.82,7.09177787
2020-01-01 03:00:00,98.5,98.89,98.78,98.52,17.26561693
2020-01-01 04:00:00,98.56,98.86,98.81,98.58,21.42237118
2020-01-01 05:00:00,98.15,98.82,98.58,98.73,37.13857842
2020-01-01 06:00:00,98.32,98.83,98.82,98.78,170.10257769
2020-01-01 07:00:00,98.37,98.81,98.81,98.37,21.93646475
2020-01-01 08:00:00,97.81,98.52,98.34,98.52,20.92962729
2020-01-01 09:00:00,98.13,98.5,98.23,98.13,11.64235766
2020-01-01 10:00:00,98.15,98.77,98.15,98.51,9.30908638
2020-01-01 11:00:00,98.42,99.51,98.53,98.42,48.0481814
2020-01-01 12:00:00,98.67,99.46,98.87,99.03,51.73072013
2020-01-01 13:00:00,99.01,99.55,99.1,99.25,85.81200135
2020-01-01 14:00:00,99.0,99.89,99.3,99.67,31.65713503
2020-01-01 15:00:00,99.27,99.98,99.51,99.64,64.01251008
2020-01-01 16:00:00,99.5,100.0,99.92,100.0,42.15191401
2020-01-01 17:00:00,99.69,100.38,100.0,99.82,70.55039444
2020-01-01 18:00:00,99.4,100.3,99.86,99.62,182.87186406
2020-01-01 19:00:00,99.3,99.71,99.62,99.55,68.01154505
2020-01-01 20:00:00,99.25,99.82,99.55,99.59,29.43703092
2020-01-01 21:00:00,99.25,99.87,99.79,99.67,35.71919556
2020-01-01 22:00:00,98.0,99.33,99.33,98.4,247.66125977
2020-01-01 23:00:00,97.84,98.72,98.1,98.5,51.16600608
2020-01-02 00:00:00,98.21,98.52,98.45,98.25,68.7564896
2020-01-02 01:00:00,97.77,98.38,98.38,97.77,11.59023831
2020-01-02 02:00:00,97.17,97.92,97.91,97.61,70.48499767
2020-01-02 03:00:00,97.41,97.98,97.56,97.98,4.10146211
2020-01-02 04:00:00,97.67,97.98,97.71,97.88,11.03591472
2020-01-02 05:00:00,97.64,98.11,97.88,97.95,18.19818998
2020-01-02 06:00:00,97.52,98.01,97.88,97.66,2.39982748
2020-01-02 07:00:00,97.46,97.89,97.5,97.71,33.41743333
2020-01-02 08:00:00,97.71,98.31,97.75,98.17,99.85186682
2020-01-02 09:00:00,97.7,98.27,98.18,97.96,27.33232246
2020-01-02 10:00:00,98.0,98.36,98.3,98.21,41.61608428
2020-01-02 11:00:00,97.85,98.29,97.98,97.95,44.23800883
2020-01-02 12:00:00,97.82,98.36,98.25,98.15,112.63957509
2020-01-02 13:00:00,97.67,98.59,98.36,98.01,115.02390473
2020-01-02 14:00:00,97.91,98.64,98.17,98.44,129.45087637
2020-01-02 15:00:00,98.04,98.64,98.52,98.29,167.87395321
2020-01-02 16:00:00,96.6,98.39,98.39,96.6,145.90030836
2020-01-02 17:00:00,96.11,97.21,96.5,96.81,471.1331934
2020-01-02 18:00:00,96.66,97.28,97.09,97.11,204.25694412
2020-01-02 19:00:00,96.57,97.24,97.11,97.24,518.42001976
2020-01-02 20:00:00,96.2,97.22,97.06,96.78,457.46641264
2020-01-02 21:00:00,96.56,97.08,96.76,97.08,154.46128038
2020-01-02 22:00:00,96.53,97.08,97.08,96.58,63.90078558
2020-01-02 23:00:00,96.34,96.83,96.83,96.71,83.92508248
2020-01-03 00:00:00,96.28,96.92,96.71,96.57,45.29473516
2020-01-03 01:00:00,95.69,96.59,96.59,95.88,116.52439867
2020-01-03 02:00:00,95.69,96.7,95.69,96.7,31.07783697
2020-01-03 03:00:00,96.29,96.74,96.7,96.58,12.20360544
2020-01-03 04:00:00,96.73,98.73,96.73,98.73,22.20331289
2020-01-03 05:00:00,97.91,98.48,98.3,98.26,9.99795367
2020-01-03 06:00:00,98.14,98.7,98.57,98.64,13.42467463
2020-01-03 07:00:00,98.18,98.91,98.68,98.52,39.01612517
2020-01-03 08:00:00,98.63,101.4,98.85,101.14,379.75497519
2020-01-03 09:00:00,100.65,101.49,101.12,101.23,156.73288326
2020-01-03 10:00:00,100.81,101.5,101.49,101.22,74.52474747
2020-01-03 11:00:00,100.95,101.5,101.22,101.39,73.13427791
2020-01-03 12:00:00,100.9,101.77,101.5,101.35,184.09265388
2020-01-03 13:00:00,100.81,102.06,101.39,101.98,141.32774428
2020-01-03 14:00:00,100.21,102.05,102.05,101.0,87.33887768
2020-01-03 15:00:00,100.58,101.73,100.71,101.73,200.12389677
2020-01-03 16:00:00,100.93,102.35,100.96,101.89,200.27123021
2020-01-03 17:00:00,101.51,102.89,102.26,102.73,177.22785878
2020-01-03 18:00:00,101.95,102.76,102.69,102.22,154.9665679
2020-01-03 19:00:00,101.21,102.25,101.91,102.21,54.7765491
2020-01-03 20:00:00,101.77,102.33,101.97,102.29,54.78930732
2020-01-03 21:00:00,101.01,102.57,102.21,101.24,130.3685638
2020-01-03 22:00:00,101.16,101.82,101.55,101.82,29.38767822
2020-01-03 23:00:00,101.5,103.0,101.5,102.5,86.82887806
2020-01-04 00:00:00,101.93,103.0,102.5,102.4,104.58694488
2020-01-04 01:00:00,101.48,102.24,102.24,101.53,16.36752222
2020-01-04 02:00:00,101.33,101.95,101.76,101.95,25.58957546
2020-01-04 03:00:00,101.62,102.09,101.75,102.03,24.94047484
2020-01-04 04:00:00,101.5,102.25,102.07,101.86,41.9633802
2020-01-04 05:00:00,101.8,102.45,102.25,102.13,97.81751578
2020-01-04 06:00:00,102.47,102.62,102.61,102.6,1.16384074
2020-01-04 07:00:00,101.87,102.76,102.18,102.55,11.16510179
2020-01-04 08:00:00,101.89,102.55,102.06,102.15,18.03978538
2020-01-04 09:00:00,102.15,102.58,102.15,102.31,31.23717803
2020-01-04 10:00:00,101.72,102.63,102.32,101.99,87.07616485
2020-01-04 11:00:00,101.78,102.25,102.02,101.95,40.22207331
2020-01-04 12:00:00,101.39,102.36,102.15,101.39,236.74584197
2020-01-04 13:00:00,101.36,101.95,101.36,101.71,263.13015714
2020-01-04 14:00:00,101.45,101.99,101.71,101.86,28.64236056
2020-01-04 15:00:00,101.54,102.0,101.86,102.0,142.33697194
2020-01-04 16:00:00,101.59,102.17,101.77,101.72,152.72341268
2020-01-04 17:00:00,101.84,103.16,102.02,103.15,145.33692853
2020-01-04 18:00:00,102.0,103.92,103.15,102.06,153.66633436
2020-01-04 19:00:00,101.8,102.77,101.83,102.66,63.04615704
2020-01-04 20:00:00,102.13,102.81,102.46,102.47,147.4033439
2020-01-04 21:00:00,102.32,102.95,102.44,102.5,66.40889522
2020-01-04 22:00:00,102.33,102.99,102.51,102.89,30.58405025
2020-01-04 23:00:00,102.51,102.99,102.7,102.59,16.83484489
2020-01-05 00:00:00,102.76,103.43,103.0,103.08,71.73244203
2020-01-05 01:00:00,103.07,103.98,103.51,103.95,28.93026732
2020-01-05 02:00:00,103.5,104.0,103.96,103.85,29.47204204
2020-01-05 03:00:00,103.66,104.41,103.85,104.36,67.89824464
2020-01-05 04:00:00,103.55,104.54,104.41,104.18,23.36406272
2020-01-05 05:00:00,103.74,104.43,103.74,104.43,18.2753907
2020-01-05 06:00:00,103.82,104.61,104.11,104.31,18.18667855
2020-01-05 07:00:00,103.64,104.44,104.24,104.27,109.49163253
2020-01-05 08:00:00,103.07,104.25,103.95,103.66,54.86638182
2020-01-05 09:00:00,103.25,103.73,103.58,103.65,26.54586273
2020-01-05 10:00:00,103.01,103.75,103.64,103.39,36.26240751
2020-01-05 11:00:00,103.07,104.21,103.07,103.64,599.87964287
2020-01-05 12:00:00,103.14,104.22,103.7,104.1,598.65970591
2020-01-05 13:00:00,103.6,104.2,104.1,103.72,52.92746807
2020-01-05 14:00:00,103.65,104.25,103.97,103.65,209.67161631
2020-01-05 15:00:00,103.74,105.67,104.04,104.85,220.97101821
2020-01-05 16:00:00,104.77,105.84,104.86,104.92,81.35412791
2020-01-05 17:00:00,104.73,105.86,105.11,105.86,86.61216822
2020-01-05 18:00:00,104.66,105.64,105.55,105.41,127.09048537
2020-01-05 19:00:00,105.04,105.7,105.67,105.7,104.6239896
2020-01-05 20:00:00,105.3,105.88,105.7,105.72,127.85850855
2020-01-05 21:00:00,103.52,105.69,105.67,103.56,326.50990188
2020-01-05 22:00:00,102.4,104.17,104.16,103.39,191.14040452
2020-01-05 23:00:00,102.81,103.52,103.0,103.34,25.537237
2020-01-06 00:00:00,102.95,104.16,103.52,103.67,8.05780154
2020-01-06 01:00:00,103.41,105.0,104.01,105.0,51.70499508
2020-01-06 02:00:00,105.0,106.63,105.57,106.5,220.06160147
2020-01-06 03:00:00,105.58,107.0,106.46,106.96,28.57216561
2020-01-06 04:00:00,106.27,106.98,106.83,106.64,71.53418349
2020-01-06 05:00:00,106.13,106.57,106.13,106.56,18.89435672
2020-01-06 06:00:00,105.97,106.8,106.27,106.29,45.93545154
2020-01-06 07:00:00,105.93,106.53,106.39,106.51,137.68058764
2020-01-06 08:00:00,106.36,107.28,106.68,107.2,236.56157991
2020-01-06 09:00:00,106.7,107.45,107.43,106.96,434.87280921
2020-01-06 10:00:00,107.1,108.33,107.45,107.85,338.76734245
2020-01-06 11:00:00,107.3,108.62,108.19,107.61,254.95804803
2020-01-06 12:00:00,107.59,108.74,107.82,108.61,186.44544105
2020-01-06 13:00:00,106.2,108.92,108.69,106.75,541.58619461
2020-01-06 14:00:00,106.73,107.86,106.73,107.74,163.76897089
2020-01-06 15:00:00,106.63,107.91,107.61,106.81,213.75464802
2020-01-06 16:00:00,106.58,107.6,106.8,107.13,158.77075415
2020-01-06 17:00:00,106.79,107.99,107.22,107.99,77.72377695
2020-01-06 18:00:00,106.9,107.93,107.91,107.47,497.67509749
2020-01-06 19:00:00,106.88,107.76,107.17,107.65,590.32190595
2020-01-06 20:00:00,107.29,108.36,107.66,108.04,85.45331872
2020-01-06 21:00:00,107.7,108.37,108.27,107.81,79.37354636
2020-01-06 22:00:00,107.51,109.15,107.53,109.1,253.60636341
2020-01-06 23:00:00,108.73,109.91,109.07,109.91,263.02018931
2020-01-07 00:00:00,108.79,110.63,109.91,109.37,155.23601435
2020-01-07 01:00:00,108.94,109.73,109.13,109.21,466.07699915
2020-01-07 02:00:00,109.46,110.2,109.5,109.77,120.1587676
2020-01-07 03:00:00,109.05,109.95,109.79,109.42,14.22053482
2020-01-07 04:00:00,108.5,109.3,109.01,108.5,84.13466477
2020-01-07 05:00:00,108.13,109.15,108.22,109.15,15.10096745
2020-01-07 06:00:00,108.4,108.87,108.76,108.54,54.39851453
2020-01-07 07:00:00,108.39,108.95,108.54,108.64,20.15832705
2020-01-07 08:00:00,108.27,109.17,108.6,108.4,193.71101881
2020-01-07 09:00:00,108.22,109.0,108.38,108.54,57.62220646
2020-01-07 10:00:00,108.27,109.02,108.27,108.72,108.7030949
2020-01-07 11:00:00,108.71,109.49,108.8,108.95,84.49102946
2020-01-07 12:00:00,107.51,108.92,108.92,107.52,258.62245503
2020-01-07 13:00:00,107.0,107.83,107.51,107.67,182.17143834
2020-01-07 14:00:00,107.39,107.84,107.39,107.53,102.57681638
2020-01-07 15:00:00,106.45,107.79,107.79,106.64,165.3640481
2020-01-07 16:00:00,106.38,108.27,106.45,107.7,441.33876414
2020-01-07 17:00:00,107.63,109.13,108.05,108.93,467.99117063
2020-01-07 18:00:00,108.64,109.49,109.07,108.98,197.0875044
2020-01-07 19:00:00,108.9,110.19,108.9,109.77,1042.21218691
2020-01-07 20:00:00,109.37,110.61,109.5,110.43,117.44251584
2020-01-07 21:00:00,108.32,110.98,110.61,109.0,447.28321434
2020-01-07 22:00:00,108.02,109.33,108.58,108.61,190.25220259
2020-01-07 23:00:00,108.3,109.89,108.37,109.5,166.94339799
2020-01-08 00:00:00,109.42,113.14,109.47,113.14,303.30750222
2020-01-08 01:00:00,111.09,113.01,113.01,111.53,135.40487432
2020-01-08 02:00:00,110.08,112.02,111.72,110.08,137.31344081
2020-01-08 03:00:00,109.7,110.97,110.47,110.21,207.7846626
2020-01-08 04:00:00,110.56,110.91,110.86,110.75,8.54932846
2020-01-08 05:00:00,110.43,111.01,110.69,110.67,18.704001
2020-01-08 06:00:00,110.49,110.87,110.66,110.59,87.38913475
2020-01-08 07:00:00,109.21,110.95,110.95,109.57,83.31419102
2020-01-08 08:00:00,108.92,109.98,109.12,109.55,96.93327383
2020-01-08 09:00:00,109.07,109.89,109.5,109.66,149.01042589
2020-01-08 10:00:00,109.3,110.56,109.45,110.21,63.31285216
2020-01-08 11:00:00,109.8,110.46,110.25,109.97,267.89583686
2020-01-08 12:00:00,108.9,109.86,109.56,108.95,96.00189669
2020-01-08 13:00:00,107.67,109.68,108.89,109.33,486.6140898
2020-01-08 14:00:00,107.69,109.33,109.33,108.33,381.36913048
2020-01-08 15:00:00,107.2,108.63,108.43,108.04,292.60908722
2020-01-08 16:00:00,105.59,108.29,108.04,106.01,602.10939191
2020-01-08 17:00:00,105.38,106.5,106.25,106.41,248.42107004
2020-01-08 18:00:00,105.86,106.81,106.21,106.44,126.99198416
2020-01-08 19:00:00,105.39,106.65,106.44,105.61,190.04571679
2020-01-08 20:00:00,104.91,106.63,105.0,106.51,97.71737525
2020-01-08 21:00:00,106.0,106.87,106.44,106.11,98.86514553
2020-01-08 22:00:00,105.77,107.32,106.34,107.08,43.95802091
2020-01-08 23:00:00,106.73,107.94,107.01,107.4,73.93205223
2020-01-09 00:00:00,106.51,107.62,107.62,106.85,205.60273263
2020-01-09 01:00:00,106.58,107.97,106.58,107.56,68.48932016
2020-01-09 02:00:00,106.97,107.58,107.33,106.97,13.3684058
2020-01-09 03:00:00,106.62,107.35,107.21,106.62,7.16023065
2020-01-09 04:00:00,106.43,106.92,106.92,106.76,26.88908835
2020-01-09 05:00:00,106.15,106.5,106.5,106.16,1.15875415
2020-01-09 06:00:00,106.0,106.91,106.35,106.58,100.18162609
2020-01-09 07:00:00,106.59,107.1,106.59,106.95,45.1298081
2020-01-09 08:00:00,106.12,107.17,107.07,106.57,34.55455794
2020-01-09 09:00:00,105.62,106.47,105.97,106.47,110.46514659
2020-01-09 10:00:00,105.72,107.0,106.36,106.39,56.15632607
2020-01-09 11:00:00,105.64,106.44,106.23,105.98,77.8068588
2020-01-09 12:00:00,105.66,106.54,106.36,106.1,78.35756959
2020-01-09 13:00:00,106.02,106.59,106.53,106.07,46.23843642
2020-01-09 14:00:00,105.51,106.26,106.1,105.81,35.9154316
2020-01-09 15:00:00,105.58,106.37,105.91,105.84,93.08608418
2020-01-09 16:00:00,103.69,105.97,105.83,104.14,205.26414653
2020-01-09 17:00:00,103.79,104.4,103.98,104.22,98.12344155
2020-01-09 18:00:00,103.84,104.6,104.15,104.01,185.83805149
2020-01-09 19:00:00,103.99,105.69,104.27,105.21,64.01598964
2020-01-09 20:00:00,105.13,106.88,105.48,105.81,232.88281796
2020-01-09 21:00:00,104.78,105.6,105.6,104.79,67.56541332
2020-01-09 22:00:00,104.62,105.55,104.97,105.33,36.99930765
2020-01-09 23:00:00,104.34,106.02,105.34,105.59,111.65133107
2020-01-10 00:00:00,104.86,105.85,105.72,105.2,64.27484641
2020-01-10 01:00:00,104.65,105.26,105.13,105.09,14.65473873
2020-01-10 02:00:00,104.33,105.16,104.8,104.38,28.95971147
2020-01-10 03:00:00,104.21,104.75,104.68,104.52,17.29608758
2020-01-10 04:00:00,104.11,104.84,104.84,104.5,9.71468673
2020-01-10 05:00:00,103.68,104.29,104.29,104.03,21.34810783
2020-01-10 06:00:00,103.89,104.59,104.08,104.59,40.73691959
2020-01-10 07:00:00,104.05,104.77,104.46,104.47,21.2500931
2020-01-10 08:00:00,103.66,104.8,104.8,104.33,53.84546318
2020-01-10 09:00:00,103.82,104.59,104.04,103.97,54.72293749
2020-01-10 10:00:00,103.76,105.47,104.36,104.57,180.16766753
2020-01-10 11:00:00,104.72,106.56,104.72,105.71,119.59191596
2020-01-10 12:00:00,105.56,106.97,105.94,106.84,53.25898594
2020-01-10 13:00:00,106.26,107.18,107.0,106.26,140.75928804
2020-01-10 14:00:00,106.15,107.61,106.43,107.56,278.3200854
2020-01-10 15:00:00,107.22,109.46,107.64,108.89,328.57783446
2020-01-10 16:00:00,108.0,110.0,109.49,108.0,144.07492196
2020-01-10 17:00:00,107.84,109.02,108.09,109.02,216.91313096
2020-01-10 18:00:00,109.0,111.61,109.15,109.22,368.4310244
2020-01-10 19:00:00,109.24,111.05,109.77,110.16,188.35956971
2020-01-10 20:00:00,109.61,110.58,110.18,109.97,201.55786362
2020-01-10 21:00:00,109.31,110.37,109.89,109.71,65.3838602
2020-01-10 22:00:00,108.49,109.8,109.76,109.33,28.95153087
2020-01-10 23:00:00,109.27,111.0,109.34,110.77,260.44267243
2020-01-11 00:00:00,109.69,110.43,110.02,109.76,135.39410401
2020-01-11 01:00:00,109.99,111.0,110.55,110.48,44.46490504
2020-01-11 02:00:00,109.84,110.54,110.22,110.32,61.76475393
2020-01-11 03:00:00,109.48,110.47,109.92,110.25,41.15419587
2020-01-11 04:00:00,109.4,110.29,110.28,109.4,68.6546961
2020-01-11 05:00:00,108.78,109.53,109.08,109.0,34.98271332
2020-01-11 06:00:00,108.7,110.05,109.22,109.75,4.69808712
2020-01-11 07:00:00,109.1,110.01,110.01,109.49,60.67610706
2020-01-11 08:00:00,108.85,109.85,108.85,109.45,125.87764948
2020-01-11 09:00:00,109.29,110.46,109.72,110.09,192.07990811
2020-01-11 10:00:00,109.23,110.09,110.09,109.51,90.23760829
2020-01-11 11:00:00,109.01,109.78,109.37,109.38,93.6171304
2020-01-11 12:00:00,108.72,109.36,109.36,109.27,40.97504235
2020-01-11 13:00:00,108.98,110.14,109.02,110.05,74.22956289
2020-01-11 14:00:00,108.87,110.15,109.75,108.87,116.32829134
2020-01-11 15:00:00,108.89,109.99,109.3,109.61,115.31027585
2020-01-11 16:00:00,109.51,112.42,109.61,112.42,166.44738053
2020-01-11 17:00:00,111.6,113.38,112.31,112.1,123.82226945
2020-01-11 18:00:00,111.83,112.89,112.27,112.08,40.01789004
2020-01-11 19:00:00,111.7,112.73,112.56,111.95,66.69248405
2020-01-11 20:00:00,111.11,112.77,111.92,111.99,71.85183985
2020-01-11 21:00:00,109.32,112.96,112.0,109.81,91.94694682
2020-01-11 22:00:00,109.01,110.63,110.15,109.65,79.0434975
2020-01-11 23:00:00,109.02,109.99,109.64,109.38,51.44959165
2020-01-12 00:00:00,108.76,110.17,109.01,110.17,60.20458067
2020-01-12 01:00:00,109.52,110.2,110.07,109.88,5.44533508
2020-01-12 02:00:00,109.97,110.5,110.2,109.97,0.65159059
2020-01-12 03:00:00,109.83,110.49,110.14,110.49,7.85116881
2020-01-12 04:00:00,109.89,110.83,110.45,110.35,10.94562834
2020-01-12 05:00:00,109.79,111.72,109.93,111.72,12.66177219
2020-01-12 06:00:00,110.88,111.54,111.44,111.05,1.04403734
2020-01-12 07:00:00,110.4,111.25,110.47,110.98,26.2143316
2020-01-12 08:00:00,110.59,111.46,110.96,111.01,20.07271505
2020-01-12 09:00:00,110.38,111.21,110.9,110.38,11.59156972
2020-01-12 10:00:00,109.74,110.69,110.69,110.25,130.87581908
2020-01-12 11:00:00,109.7,110.28,110.01,110.04,35.30062563
2020-01-12 12:00:00,109.63,110.52,109.74,110.06,125.14681186
2020-01-12 13:00:00,109.79,111.36,110.42,111.05,59.03832608
2020-01-12 14:00:00,110.12,111.24,111.15,110.41,70.95003053
2020-01-12 15:00:00,110.34,111.31,110.44,111.19,77.5517574
2020-01-12 16:00:00,110.49,111.61,111.15,110.5,75.73330372
2020-01-12 17:00:00,110.06,111.8,110.18,111.03,124.05247162
2020-01-12 18:00:00,110.69,111.14,111.04,110.8,93.84852075
2020-01-12 19:00:00,110.61,111.41,111.14,111.07,78.39110589
2020-01-12 20:00:00,110.93,111.48,111.07,111.02,51.32930347
2020-01-12 21:00:00,110.97,111.36,111.32,110.97,141.19954451
2020-01-12 22:00:00,110.97,111.9,111.17,111.43,70.41814894
2020-01-12 23:00:00,111.02,112.0,111.6,111.9,119.32025596
2020-01-13 00:00:00,111.13,112.49,111.97,111.47,77.00570142
2020-01-13 01:00:00,111.14,111.77,111.14,111.68,59.21781537
2020-01-13 02:00:00,109.87,111.75,111.7,109.87,157.60168865
2020-01-13 03:00:00,109.51,110.45,109.6,110.25,14.46818627
2020-01-13 04:00:00,109.94,110.4,110.01,110.07,8.02398456
2020-01-13 05:00:00,109.9,110.41,110.14,110.05,7.29637155
2020-01-13 06:00:00,109.78,110.27,110.03,109.91,57.49639148
2020-01-13 07:00:00,109.53,110.19,110.19,109.58,49.67633191
2020-01-13 08:00:00,109.63,110.66,109.99,110.2,16.85536754
2020-01-13 09:00:00,110.03,110.63,110.52,110.34,79.29007287
2020-01-13 10:00:00,110.31,111.09,110.32,111.01,53.70006244
2020-01-13 11:00:00,110.24,111.1,111.1,110.49,75.41656341
2020-01-13 12:00:00,110.01,110.5,110.5,110.16,44.10757373
2020-01-13 13:00:00,109.95,110.89,110.2,109.95,103.63057581
2020-01-13 14:00:00,109.79,110.39,109.97,110.27,60.49713179
2020-01-13 15:00:00,110.06,110.45,110.27,110.28,66.87439112
2020-01-13 16:00:00,110.06,110.74,110.19,110.57,168.82134001
2020-01-13 17:00:00,110.06,110.94,110.32,110.26,94.88448606
2020-01-13 18:00:00,110.09,110.47,110.26,110.21,91.73037758
2020-01-13 19:00:00,110.13,110.78,110.48,110.58,73.18511864
2020-01-13 20:00:00,110.42,111.26,110.67,111.21,68.51644781
2020-01-13 21:00:00,111.01,111.62,111.21,111.38,159.86425604
2020-01-13 22:00:00,110.9,111.37,111.06,111.12,34.32468781
2020-01-13 23:00:00,110.74,111.2,111.17,110.84,28.12688686
2020-01-14 00:00:00,110.76,112.44,110.76,112.21,107.81773966
2020-01-14 01:00:00,112.3,114.33,112.4,113.78,583.81056016
2020-01-14 02:00:00,113.06,113.69,113.5,113.42,114.82375092
2020-01-14 03:00:00,113.05,115.27,113.05,115.27,309.1433392
2020-01-14 04:00:00,114.93,115.96,115.65,115.13,100.11185274
2020-01-14 05:00:00,114.27,115.0,114.71,114.27,30.38071457
2020-01-14 06:00:00,114.19,114.96,114.38,114.96,36.76664897
2020-01-14 07:00:00,114.65,115.64,114.97,114.82,121.70221063
2020-01-14 08:00:00,114.93,115.69,115.27,115.32,55.28093731
2020-01-14 09:00:00,115.0,117.26,115.0,115.46,519.35420156
2020-01-14 10:00:00,115.16,116.29,115.58,115.92,213.71219131
2020-01-14 11:00:00,115.79,116.76,116.05,116.76,75.76515425
2020-01-14 12:00:00,116.18,118.2,116.97,116.86,449.42650436
2020-01-14 13:00:00,116.43,118.58,116.43,118.58,172.58561298
2020-01-14 14:00:00,118.0,121.33,118.74,120.15,791.30318006
2020-01-14 15:00:00,119.0,121.36,120.0,120.2,1037.78641528
2020-01-14 16:00:00,117.71,122.5,120.2,122.5,973.58097016
2020-01-14 17:00:00,122.09,127.59,122.37,126.42,871.55538542
2020-01-14 18:00:00,124.94,131.09,126.65,126.93,899.16768379
2020-01-14 19:00:00,125.1,127.88,127.13,126.96,293.38171331
2020-01-14 20:00:00,125.23,127.0,126.44,125.59,389.92474873
2020-01-14 21:00:00,123.01,127.19,125.24,126.1,618.9246049
2020-01-14 22:00:00,125.72,129.22,126.35,125.81,360.6725471
2020-01-14 23:00:00,125.89,129.4,126.27,126.65,518.76332209
2020-01-15 00:00:00,126.0,132.43,126.3,130.22,765.44600279
2020-01-15 01:00:00,127.24,130.37,130.34,128.26,342.83882241
2020-01-15 02:00:00,127.85,129.09,128.49,128.64,580.8965336
2020-01-15 03:00:00,124.81,128.04,128.04,124.81,128.13043033
2020-01-15 04:00:00,123.3,125.21,124.77,123.82,632.62726025
2020-01-15 05:00:00,122.25,124.15,122.67,123.33,88.27496513
2020-01-15 06:00:00,123.54,125.69,123.82,125.26,40.6922322
2020-01-15 07:00:00,123.71,125.12,125.12,124.11,345.62527156
2020-01-15 08:00:00,123.5,125.25,123.97,124.69,247.67135178
2020-01-15 09:00:00,124.67,127.51,124.72,127.03,180.32053309
2020-01-15 10:00:00,126.54,129.21,127.46,128.96,207.83661486
2020-01-15 11:00:00,126.16,129.1,129.0,126.16,124.59330489
2020-01-15 12:00:00,126.23,129.15,126.23,127.24,855.13640481
2020-01-15 13:00:00,127.22,129.96,127.22,129.39,358.42109713
2020-01-15 14:00:00,126.35,129.24,128.63,127.12,324.38323407
2020-01-15 15:00:00,124.35,127.33,127.01,124.87,133.25302055
2020-01-15 16:00:00,123.5,126.79,124.87,126.02,166.86432424
2020-01-15 17:00:00,125.02,126.66,125.8,126.66,366.85324332
2020-01-15 18:00:00,125.19,126.74,126.57,125.88,305.64061526
2020-01-15 19:00:00,125.4,126.3,125.45,126.19,181.44090487
2020-01-15 20:00:00,125.63,127.94,125.99,127.69,145.77099743
2020-01-15 21:00:00,125.54,128.23,127.31,126.87,287.58417949
2020-01-15 22:00:00,126.06,128.11,126.92,128.11,115.42385027
2020-01-15 23:00:00,126.69,128.0,127.41,127.83,232.28147863
2020-01-16 00:00:00,124.82,128.59,128.0,125.85,126.06925166
2020-01-16 01:00:00,122.0,126.04,126.04,123.06,385.91289137
2020-01-16 02:00:00,122.16,123.85,122.16,122.98,247.82842771
2020-01-16 03:00:00,122.0,122.9,122.9,122.37,23.94589716
2020-01-16 04:00:00,122.5,123.44,122.5,123.03,15.04592309
2020-01-16 05:00:00,123.02,124.3,123.02,124.3,30.00824063
2020-01-16 06:00:00,123.51,124.45,123.76,124.45,19.42245062
2020-01-16 07:00:00,122.93,124.46,124.1,123.36,43.62224344
2020-01-16 08:00:00,122.97,124.06,123.24,123.57,89.11887714
2020-01-16 09:00:00,122.48,123.57,123.57,123.04,115.93432609
2020-01-16 10:00:00,122.43,124.32,123.03,124.32,52.95088048
2020-01-16 11:00:00,123.3,125.58,124.53,125.33,56.99471776
2020-01-16 12:00:00,124.61,126.75,125.47,124.83,152.39912633
2020-01-16 13:00:00,122.99,124.22,124.22,124.0,88.25365043
2020-01-16 14:00:00,122.4,124.18,124.0,124.04,67.26026891
2020-01-16 15:00:00,123.44,125.22,124.74,123.44,95.47452493
2020-01-16 16:00:00,122.9,124.97,124.08,123.15,82.11211776
2020-01-16 17:00:00,123.18,125.36,123.2,125.11,127.51425449
2020-01-16 18:00:00,123.92,125.69,125.43,125.2,178.31918218
2020-01-16 19:00:00,124.54,125.41,125.1,124.96,129.24033446
2020-01-16 20:00:00,124.86,126.79,125.45,126.79,70.08019831
2020-01-16 21:00:00,124.25,126.19,126.0,125.08,123.02903546
2020-01-16 22:00:00,123.92,125.86,125.03,125.65,250.20574197
2020-01-16 23:00:00,124.51,126.12,125.27,125.97,49.58853763
2020-01-17 00:00:00,123.93,126.11,125.64,125.22,73.0959694
2020-01-17 01:00:00,124.72,126.23,125.26,126.23,20.24269836
2020-01-17 02:00:00,125.67,127.76,126.17,126.51,176.67435299
2020-01-17 03:00:00,126.19,127.73,126.94,126.27,85.48883468
2020-01-17 04:00:00,125.85,127.39,126.61,126.9,22.49589852
2020-01-17 05:00:00,127.1,129.8,127.12,129.8,258.3615408
2020-01-17 06:00:00,128.02,130.46,129.8,128.43,237.84155942
2020-01-17 07:00:00,128.35,130.98,128.86,130.87,723.08042099
2020-01-17 08:00:00,129.7,133.45,130.85,130.66,196.15213533
2020-01-17 09:00:00,130.63,132.23,131.41,131.43,276.63192519
2020-01-17 10:00:00,130.12,132.05,131.74,130.95,399.94918179
2020-01-17 11:00:00,130.18,131.28,130.95,130.54,145.48808404
2020-01-17 12:00:00,128.42,130.56,130.54,129.0,323.48136589
2020-01-17 13:00:00,128.73,129.86,129.04,129.17,251.46205032
2020-01-17 14:00:00,126.47,129.24,129.16,127.5,338.31077572
2020-01-17 15:00:00,127.62,129.0,127.62,128.91,141.1034393
2020-01-17 16:00:00,128.64,131.43,128.64,130.18,303.7729219
2020-01-17 17:00:00,129.93,131.5,130.31,130.72,323.44421409
2020-01-17 18:00:00,130.63,132.97,130.92,132.33,175.79155323
2020-01-17 19:00:00,128.61,133.0,132.39,129.63,343.85908756
2020-01-17 20:00:00,129.5,130.77,129.6,130.0,170.76775781
2020-01-17 21:00:00,130.02,131.5,130.12,131.5,117.51391617
2020-01-17 22:00:00,131.25,133.0,131.5,132.15,124.20415325
2020-01-17 23:00:00,130.45,132.53,132.26,130.45,60.69508476
2020-01-18 00:00:00,129.28,132.97,130.45,132.96,179.18075803
2020-01-18 01:00:00,131.68,133.0,133.0,132.59,59.216633
2020-01-18 02:00:00,130.98,132.71,132.71,131.25,17.98310344
2020-01-18 03:00:00,131.2,132.43,131.2,131.63,52.28736559
2020-01-18 04:00:00,129.27,131.91,131.42,129.47,33.40655263
2020-01-18 05:00:00,128.61,129.53,129.02,129.33,46.23803422
2020-01-18 06:00:00,127.0,129.2,129.2,128.93,86.38911429
2020-01-18 07:00:00,128.93,129.99,128.93,129.12,196.04437376
2020-01-18 08:00:00,128.62,129.62,128.78,129.62,34.80731557
2020-01-18 09:00:00,129.25,130.62,129.25,129.86,39.4883901
2020-01-18 10:00:00,129.26,130.76,130.25,129.26,64.89327462
2020-01-18 11:00:00,128.8,129.95,129.2,129.35,182.38624894
2020-01-18 12:00:00,129.62,131.65,129.99,131.35,183.76052892
2020-01-18 13:00:00,130.68,134.88,131.22,134.16,449.49866378
2020-01-18 14:00:00,133.95,137.5,134.45,136.09,568.85552544
2020-01-18 15:00:00,133.08,136.5,135.7,134.66,319.5772995
2020-01-18 16:00:00,132.57,136.35,134.43,133.44,328.76345256
2020-01-18 17:00:00,132.97,134.66,132.97,134.52,95.40987001
2020-01-18 18:00:00,133.02,134.68,134.63,133.62,106.30016163
2020-01-18 19:00:00,133.21,134.66,133.54,134.39,150.539348
2020-01-18 20:00:00,133.94,135.18,134.16,134.77,185.25051109
2020-01-18 21:00:00,134.69,135.94,135.06,135.62,129.03054448
2020-01-18 22:00:00,134.93,135.94,135.52,135.83,96.90460545
2020-01-18 23:00:00,133.49,135.93,135.83,133.49,190.14023204
2020-01-19 00:00:00,133.13,135.72,133.78,135.72,28.00009784
2020-01-19 01:00:00,134.0,136.74,135.65,134.22,120.74025853
2020-01-19 02:00:00,134.42,135.88,134.44,135.56,15.60730425
2020-01-19 03:00:00,135.17,135.93,135.52,135.44,17.37202155
2020-01-19 04:00:00,134.95,135.58,135.43,135.24,5.58195437
2020-01-19 05:00:00,134.78,135.58,135.49,135.51,13.77811658
2020-01-19 06:00:00,134.2,135.79,135.06,134.21,99.62841975
2020-01-19 07:00:00,134.05,136.06,134.15,135.94,16.45325386
2020-01-19 08:00:00,135.12,136.24,135.95,135.36,73.89473782
2020-01-19 09:00:00,134.43,136.27,135.61,135.06,115.66270247
2020-01-19 10:00:00,133.99,135.24,134.71,133.99,354.26700004
2020-01-19 11:00:00,126.24,133.68,133.68,126.63,1276.03343187
2020-01-19 12:00:00,124.98,127.57,126.71,127.25,582.57336716
2020-01-19 13:00:00,124.49,126.96,126.65,126.43,306.70848114
2020-01-19 14:00:00,125.95,127.24,126.14,126.55,94.10494891
2020-01-19 15:00:00,125.52,127.05,126.26,126.67,165.87981403
2020-01-19 16:00:00,125.88,127.64,126.5,127.21,123.37564201
2020-01-19 17:00:00,126.66,127.33,127.03,127.12,33.57508808
2020-01-19 18:00:00,125.86,126.97,126.94,126.51,126.48343619
2020-01-19 19:00:00,126.13,127.71,126.51,126.97,540.22382878
2020-01-19 20:00:00,126.33,126.88,126.33,126.35,217.39186045
2020-01-19 21:00:00,126.4,128.66,126.4,127.84,731.82719452
2020-01-19 22:00:00,126.01,128.68,127.86,127.7,212.55780164
2020-01-19 23:00:00,127.68,129.06,128.09,128.83,224.24854017
2020-01-20 00:00:00,127.31,128.88,128.88,127.76,91.27774587
2020-01-20 01:00:00,127.32,128.19,128.15,127.4,23.48603316
2020-01-20 02:00:00,127.4,127.76,127.4,127.48,17.19685025
2020-01-20 03:00:00,127.17,127.56,127.44,127.56,40.51898892
2020-01-20 04:00:00,126.71,128.17,127.56,126.71,21.03551051
2020-01-20 05:00:00,127.3,127.78,127.4,127.56,2.95687493
2020-01-20 06:00:00,127.39,128.13,127.93,127.44,20.18423855
2020-01-20 07:00:00,127.33,128.16,127.52,127.43,25.79431838
2020-01-20 08:00:00,127.0,128.2,128.2,127.7,29.85752237
2020-01-20 09:00:00,126.82,128.0,127.7,126.82,126.61572096
2020-01-20 10:00:00,126.81,127.7,127.36,127.18,795.86779648
2020-01-20 11:00:00,125.29,127.46,127.46,125.29,239.82583567
2020-01-20 12:00:00,124.89,126.2,125.38,125.42,395.26265765
2020-01-20 13:00:00,124.01,126.47,125.02,126.09,512.29321066
2020-01-20 14:00:00,126.15,128.34,126.29,127.85,88.46383325
2020-01-20 15:00:00,127.5,128.63,128.27,128.44,122.85594207
2020-01-20 16:00:00,128.0,128.93,128.33,128.68,158.03559121
2020-01-20 17:00:00,128.0,128.7,128.62,128.23,135.40740076
2020-01-20 18:00:00,128.0,128.45,128.01,128.37,48.71500328
2020-01-20 19:00:00,128.1,129.29,128.1,128.91,121.34322573
2020-01-20 20:00:00,128.42,129.29,128.92,128.86,56.84343765
2020-01-20 21:00:00,128.25,128.8,128.61,128.5,149.75312018
2020-01-20 22:00:00,128.5,130.46,128.71,129.35,184.67177987
2020-01-20 23:00:00,128.17,129.24,128.53,128.57,53.31953003
2020-01-21 00:00:00,127.51,128.52,128.52,127.86,44.90188043
2020-01-21 01:00:00,128.0,128.78,128.21,128.78,49.92312708
2020-01-21 02:00:00,128.5,129.19,128.73,129.19,79.51691186
2020-01-21 03:00:00,128.89,129.91,129.29,129.91,1.17588997
2020-01-21 04:00:00,128.77,129.63,129.63,128.77,7.98621468
2020-01-21 05:00:00,128.42,129.0,128.85,128.42,25.66606876
2020-01-21 06:00:00,128.2,128.93,128.42,128.46,5.59814097
2020-01-21 07:00:00,127.89,128.85,128.85,127.98,22.56222538
2020-01-21 08:00:00,127.8,128.62,128.38,128.41,41.8731957
2020-01-21 09:00:00,127.6,128.95,128.43,127.87,428.86445045
2020-01-21 10:00:00,127.5,128.63,127.7,128.51,76.37665965
2020-01-21 11:00:00,128.29,129.05,128.78,128.47,77.09201752
2020-01-21 12:00:00,127.97,128.91,128.24,128.91,281.7746051
2020-01-21 13:00:00,128.37,129.34,128.56,129.0,122.14681096
2020-01-21 14:00:00,128.56,129.48,128.79,129.22,264.9825415
2020-01-21 15:00:00,128.56,129.6,129.22,128.84,193.38107156
2020-01-21 16:00:00,127.87,129.04,128.46,128.52,218.17429434
2020-01-21 17:00:00,128.02,128.72,128.02,128.35,50.77981519
2020-01-21 18:00:00,126.94,128.55,128.28,127.73,90.57459623
2020-01-21 19:00:00,126.14,128.37,127.64,127.43,265.07953136
2020-01-21 20:00:00,127.14,129.01,127.14,129.01,122.10094278
2020-01-21 21:00:00,129.18,130.2,129.38,129.42,123.76643146
2020-01-21 22:00:00,128.67,129.89,129.42,129.44,90.53430066
2020-01-21 23:00:00,129.09,130.21,129.87,129.52,82.61101493
2020-01-22 00:00:00,129.4,130.28,130.05,130.06,83.30857812
2020-01-22 01:00:00,129.17,130.17,129.73,129.58,22.09190756
2020-01-22 02:00:00,128.72,129.57,129.57,128.72,99.00214455
2020-01-22 03:00:00,128.82,129.62,128.82,129.24,11.52420742
2020-01-22 04:00:00,129.05,129.78,129.06,129.76,9.82933741
2020-01-22 05:00:00,129.15,129.29,129.15,129.29,0.31567183
2020-01-22 06:00:00,129.13,129.8,129.17,129.8,18.52848827
2020-01-22 07:00:00,129.14,131.0,130.03,129.46,213.0073249
2020-01-22 08:00:00,128.34,129.83,129.32,128.34,77.51746758
2020-01-22 09:00:00,128.13,129.31,128.48,128.96,169.12450676
2020-01-22 10:00:00,128.21,129.13,129.13,128.89,39.99485327
2020-01-22 11:00:00,127.47,128.57,128.57,127.89,336.4014035
2020-01-22 12:00:00,127.34,128.06,127.91,127.61,61.57282357
2020-01-22 13:00:00,126.27,127.5,127.45,126.73,393.31368538
2020-01-22 14:00:00,126.15,126.93,126.15,126.41,124.53851621
2020-01-22 15:00:00,126.28,127.58,126.87,127.29,106.63868878
2020-01-22 16:00:00,126.8,128.41,127.17,128.13,74.25689464
2020-01-22 17:00:00,127.23,128.41,128.1,128.12,129.38886706
2020-01-22 18:00:00,127.63,128.18,128.16,128.03,35.12688977
2020-01-22 19:00:00,127.29,128.14,128.08,127.99,120.52744078
2020-01-22 20:00:00,127.33,128.15,127.68,128.08,148.6045135
2020-01-22 21:00:00,127.31,128.15,128.15,127.52,157.67104587
2020-01-22 22:00:00,127.31,127.91,127.55,127.7,114.30868278
2020-01-22 23:00:00,127.18,127.91,127.59,127.9,42.66643439
2020-01-23 00:00:00,126.6,127.98,127.98,127.17,64.26391051
2020-01-23 01:00:00,125.12,127.31,127.31,125.12,107.79761776
2020-01-23 02:00:00,125.12,126.2,125.46,126.2,55.63358839
2020-01-23 03:00:00,125.57,126.13,125.71,125.61,36.71417866
2020-01-23 04:00:00,125.0,125.85,125.5,125.0,95.09789852
2020-01-23 05:00:00,123.8,125.02,125.02,124.1,128.10212903
2020-01-23 06:00:00,124.08,124.49,124.46,124.49,7.81460116
2020-01-23 07:00:00,124.1,125.6,124.13,125.43,232.07895104
2020-01-23 08:00:00,124.3,125.75,125.33,124.51,80.82037347
2020-01-23 09:00:00,123.67,124.65,124.3,124.1,163.01065322
2020-01-23 10:00:00,123.66,124.33,124.08,124.11,81.34163101
2020-01-23 11:00:00,123.65,124.14,124.05,123.88,588.55477018
2020-01-23 12:00:00,122.59,123.94,123.7,123.65,131.11921981
2020-01-23 12:00:00,122.59,123.94,123.7,123.65,131.11921981
2020-01-23 13:00:00,122.34,123.65,123.6,122.34,322.01139061
2020-01-23 14:00:00,122.11,123.54,122.34,123.22,189.52389595
2020-01-23 15:00:00,123.22,124.85,123.22,124.3,146.90111365
2020-01-23 16:00:00,123.26,124.61,124.3,123.49,62.18339756
2020-01-23 17:00:00,122.87,124.48,123.49,122.87,131.56727602
2020-01-23 18:00:00,121.25,123.09,122.91,121.59,401.5865422
2020-01-23 19:00:00,121.29,122.44,121.42,122.19,109.30902921
2020-01-23 20:00:00,121.41,122.71,122.24,122.65,117.29783956
2020-01-23 21:00:00,122.47,124.25,122.72,123.62,81.8173009
2020-01-23 22:00:00,123.53,124.6,123.63,124.26,62.05416913
2020-01-23 23:00:00,123.19,124.37,124.26,123.85,45.14214059
2020-01-24 00:00:00,123.26,124.34,123.85,124.29,223.23097523
2020-01-24 01:00:00,122.91,124.56,124.45,122.91,22.63551044
2020-01-24 02:00:00,120.5,123.25,123.24,120.85,231.70376885
2020-01-24 03:00:00,120.28,121.75,120.76,121.41,65.07805167
2020-01-24 04:00:00,120.73,121.71,121.41,120.81,13.24301604
2020-01-24 05:00:00,120.91,121.67,120.91,121.07,42.45953078
2020-01-24 06:00:00,120.83,121.88,121.23,121.08,152.52293163
2020-01-24 07:00:00,120.46,121.59,121.59,120.95,142.1312687
2020-01-24 08:00:00,120.47,121.26,121.26,120.61,128.39809921
2020-01-24 09:00:00,118.27,121.03,120.87,119.16,322.90700278
2020-01-24 10:00:00,118.86,119.93,118.98,118.87,98.94253989
2020-01-24 11:00:00,118.35,122.46,119.17,122.46,76.58033126
2020-01-24 12:00:00,121.85,123.37,122.56,123.2,187.21400882
2020-01-24 13:00:00,122.01,123.47,123.3,123.11,365.69116489
2020-01-24 14:00:00,122.92,124.4,123.12,123.7,125.9332593
2020-01-24 15:00:00,123.11,124.68,123.76,124.5,74.90674251
2020-01-24 16:00:00,123.25,124.41,124.41,123.29,80.69078558
2020-01-24 17:00:00,122.91,123.59,123.35,123.11,101.10593119
2020-01-24 18:00:00,123.15,124.34,123.41,123.91,49.78945381
2020-01-24 19:00:00,123.43,125.81,123.5,125.35,103.15768512
2020-01-24 20:00:00,124.26,125.74,125.5,125.07,58.02874261
2020-01-24 21:00:00,124.59,125.26,124.97,125.03,64.46616021
2020-01-24 22:00:00,123.63,125.05,124.78,124.75,42.88167327
2020-01-24 23:00:00,123.76,125.29,124.46,124.12,15.33472399
2020-01-25 00:00:00,120.65,124.33,124.3,121.16,86.322875
2020-01-25 01:00:00,120.71,121.8,121.19,121.46,50.49354984
2020-01-25 02:00:00,120.84,121.95,121.46,121.59,14.22237615
2020-01-25 03:00:00,121.03,122.08,121.44,121.78,3.97345319
2020-01-25 04:00:00,121.37,121.9,121.86,121.9,4.30344402
2020-01-25 05:00:00,121.51,122.26,121.94,121.98,7.3155168
2020-01-25 06:00:00,122.0,122.41,122.09,122.11,9.99764684
2020-01-25 07:00:00,121.75,122.36,122.22,121.75,56.3057205
2020-01-25 08:00:00,121.68,123.38,121.68,123.38,7.22431798
2020-01-25 09:00:00,122.21,123.36,123.05,122.68,32.26423883
2020-01-25 10:00:00,121.56,122.77,122.75,122.15,192.66034216
2020-01-25 11:00:00,121.48,122.13,121.83,122.08,87.39295167
2020-01-25 12:00:00,121.14,122.33,121.91,121.28,72.42027445
2020-01-25 13:00:00,121.48,122.88,121.62,122.53,23.51545389
2020-01-25 14:00:00,122.18,123.15,122.4,122.5,66.74621489
2020-01-25 15:00:00,122.0,122.94,122.53,122.94,75.48024755
2020-01-25 16:00:00,122.31,123.5,123.5,123.2,27.74627827
2020-01-25 17:00:00,122.1,123.28,123.09,122.79,82.98711147
2020-01-25 18:00:00,122.27,122.98,122.71,122.61,32.4428231
2020-01-25 19:00:00,122.6,123.52,122.98,123.18,79.77007866
2020-01-25 20:00:00,122.81,123.48,123.14,123.48,54.78733252
2020-01-25 21:00:00,123.04,124.0,123.79,123.73,39.2372915
2020-01-25 22:00:00,123.36,124.69,123.82,123.37,37.00685878
2020-01-25 23:00:00,122.59,123.69,123.23,122.59,39.56200847
2020-01-26 00:00:00,122.04,122.95,122.16,122.95,37.07707988
2020-01-26 01:00:00,122.39,123.21,122.63,122.39,21.41951532
2020-01-26 02:00:00,122.07,122.45,122.22,122.11,6.99452746
2020-01-26 03:00:00,122.23,123.51,122.4,123.01,23.1174561
2020-01-26 04:00:00,122.77,123.19,122.95,123.1,3.69352484
2020-01-26 05:00:00,122.91,123.59,123.21,122.99,7.535979
2020-01-26 06:00:00,122.67,123.19,122.67,123.03,3.56993683
2020-01-26 07:00:00,122.81,123.39,123.03,123.36,179.99910623
2020-01-26 08:00:00,123.36,125.29,123.36,124.38,140.94023765
2020-01-26 09:00:00,123.58,124.49,124.49,124.04,173.27982248
2020-01-26 10:00:00,123.68,124.79,124.06,124.7,46.08283061
2020-01-26 11:00:00,124.23,124.97,124.41,124.91,187.16642015
2020-01-26 12:00:00,124.38,125.3,124.63,124.96,61.52303477
2020-01-26 13:00:00,124.5,125.3,125.29,125.18,74.64552955
2020-01-26 14:00:00,124.51,125.27,124.97,125.14,39.52644708
2020-01-26 15:00:00,124.34,125.29,125.13,124.55,204.91073799
2020-01-26 16:00:00,124.56,125.98,124.9,125.73,117.67367976
2020-01-26 17:00:00,125.66,127.5,125.99,127.47,178.89585149
2020-01-26 18:00:00,126.7,127.81,127.5,127.27,133.30700832
2020-01-26 19:00:00,126.55,127.36,127.25,126.86,146.55980472
2020-01-26 20:00:00,127.0,128.14,127.12,127.65,327.99256205
2020-01-26 21:00:00,127.54,128.15,127.68,128.15,208.21804333
2020-01-26 22:00:00,127.54,128.5,128.14,127.9,135.33397877
2020-01-26 23:00:00,127.59,128.5,128.09,128.5,66.26278829
2020-01-27 00:00:00,128.13,129.95,128.13,128.34,349.80943658
2020-01-27 01:00:00,128.63,129.51,129.2,128.68,27.19354757
2020-01-27 02:00:00,127.93,128.59,128.59,127.96,64.71518394
2020-01-27 03:00:00,127.83,128.42,127.95,128.22,55.97212769
2020-01-27 04:00:00,127.5,128.29,128.23,127.85,84.01346598
2020-01-27 05:00:00,127.38,128.07,127.65,128.07,5.09432124
2020-01-27 06:00:00,127.55,128.33,127.9,128.15,14.95717697
2020-01-27 07:00:00,127.62,128.23,128.23,127.98,18.89310158
2020-01-27 08:00:00,126.17,127.8,127.8,126.27,98.3571625
2020-01-27 09:00:00,126.23,127.28,126.33,127.0,79.86035412
2020-01-27 10:00:00,126.22,127.38,127.0,126.44,107.8671078
2020-01-27 11:00:00,126.23,128.92,126.7,128.92,82.36440242
2020-01-27 12:00:00,128.28,129.95,128.83,129.25,209.76493575
2020-01-27 13:00:00,128.61,130.7,129.53,129.9,388.07528804
2020-01-27 14:00:00,128.79,129.78,129.27,129.78,35.6318846
2020-01-27 15:00:00,129.48,130.42,129.95,129.51,181.91017284
2020-01-27 16:00:00,129.03,130.77,129.84,129.86,87.16178863
2020-01-27 17:00:00,129.28,130.76,130.35,129.63,69.78421954
2020-01-27 18:00:00,129.12,130.51,129.62,130.24,45.63532917
2020-01-27 19:00:00,130.08,131.53,130.75,130.54,309.03091291
2020-01-27 20:00:00,130.4,131.54,130.91,131.45,149.85715628
2020-01-27 21:00:00,130.12,131.47,131.45,131.47,156.31012108
2020-01-27 22:00:00,129.57,131.33,130.72,130.64,109.50606367
2020-01-27 23:00:00,129.7,130.59,129.98,130.21,50.91080533
2020-01-28 00:00:00,130.04,131.71,130.33,131.19,111.6364033
2020-01-28 01:00:00,131.24,132.55,131.37,131.92,256.75928287
2020-01-28 02:00:00,131.7,132.26,132.23,132.26,24.71706864
2020-01-28 03:00:00,131.34,132.54,131.8,132.54,65.08497102
2020-01-28 04:00:00,132.0,132.28,132.28,132.01,10.52132757
2020-01-28 05:00:00,130.55,131.81,131.53,131.24,19.90288764
2020-01-28 06:00:00,130.53,131.71,130.91,131.25,25.02781851
2020-01-28 07:00:00,130.9,132.37,131.67,131.6,114.5966488
2020-01-28 08:00:00,130.82,131.87,131.46,131.22,139.95948019
2020-01-28 09:00:00,130.79,131.71,131.12,131.15,259.16350973
2020-01-28 10:00:00,130.54,132.22,130.79,131.83,235.98711563
2020-01-28 11:00:00,131.55,132.98,131.56,132.18,473.06729107
2020-01-28 12:00:00,130.92,132.36,131.86,131.34,89.34950952
2020-01-28 13:00:00,131.42,132.61,131.42,132.2,94.10140482
2020-01-28 14:00:00,132.14,134.42,132.38,132.14,356.38313358
2020-01-28 15:00:00,131.32,132.88,132.0,131.93,163.6370862
2020-01-28 16:00:00,131.29,132.97,132.49,131.64,202.11981347
2020-01-28 17:00:00,130.57,131.82,131.63,131.61,133.80412673
2020-01-28 18:00:00,131.11,132.04,131.3,131.11,154.40314002
2020-01-28 19:00:00,130.97,132.09,131.51,132.07,128.10364131
2020-01-28 20:00:00,131.82,132.81,132.04,132.6,81.50022644
2020-01-28 21:00:00,131.67,133.67,132.58,131.67,142.39794475
2020-01-28 22:00:00,132.17,133.97,132.6,133.9,406.0079942
2020-01-28 23:00:00,133.28,135.55,133.54,134.72,266.36637822
2020-01-29 00:00:00,134.45,135.69,134.47,134.57,79.59080796
2020-01-29 01:00:00,134.51,135.61,134.6,135.42,88.29063452
2020-01-29 02:00:00,134.5,135.47,135.39,134.74,35.5411394
2020-01-29 03:00:00,134.5,134.97,134.66,134.97,9.03519154
2020-01-29 04:00:00,134.5,135.16,135.0,134.51,28.46605244
2020-01-29 05:00:00,134.51,135.44,134.51,135.25,28.23752084
2020-01-29 06:00:00,134.95,136.09,135.36,135.86,143.14142912
2020-01-29 07:00:00,135.02,136.28,135.51,135.99,113.21060931
2020-01-29 08:00:00,135.14,136.71,135.99,136.71,107.16532839
2020-01-29 09:00:00,134.5,136.71,136.67,134.97,220.0506396
2020-01-29 10:00:00,133.98,135.7,134.47,135.7,87.81835077
2020-01-29 11:00:00,134.31,135.7,135.7,134.59,234.75873943
2020-01-29 12:00:00,133.96,134.94,134.87,134.37,79.98849445
2020-01-29 13:00:00,134.17,135.6,134.35,135.23,81.50635945
2020-01-29 14:00:00,134.37,135.7,135.04,135.26,83.16774184
2020-01-29 15:00:00,134.24,135.49,135.36,134.43,170.24291913
2020-01-29 16:00:00,134.58,136.04,134.84,135.97,235.72214294
2020-01-29 17:00:00,134.75,136.09,135.19,134.9,157.84750137
2020-01-29 18:00:00,135.12,135.78,135.63,135.43,32.08315066
2020-01-29 19:00:00,134.57,135.86,135.45,135.33,468.59232047
2020-01-29 20:00:00,134.68,135.71,135.4,135.71,170.87057621
2020-01-29 21:00:00,134.63,136.06,135.37,135.42,171.44195133
2020-01-29 22:00:00,134.49,135.61,134.99,135.16,110.7709267
2020-01-29 23:00:00,133.07,135.38,135.16,133.07,127.98696883
2020-01-30 00:00:00,130.79,133.58,133.24,132.21,175.66115384
2020-01-30 01:00:00,131.87,133.14,131.95,133.14,23.17466132
2020-01-30 02:00:00,131.95,133.46,133.25,131.97,22.37813554
2020-01-30 03:00:00,131.9,133.15,132.25,133.15,61.62281056
2020-01-30 04:00:00,132.92,133.73,133.28,133.73,8.52055904
2020-01-30 05:00:00,133.12,133.73,133.73,133.12,18.84331002
2020-01-30 06:00:00,133.4,133.93,133.5,133.42,13.75191398
2020-01-30 07:00:00,133.57,135.54,133.57,134.83,46.77784133
2020-01-30 08:00:00,134.74,135.86,135.13,135.55,66.78296278
2020-01-30 09:00:00,134.28,135.65,135.22,135.11,328.02074425
2020-01-30 10:00:00,134.11,135.11,135.09,134.47,84.4331264
2020-01-30 11:00:00,133.85,134.7,134.49,133.89,279.23129958
2020-01-30 12:00:00,133.64,135.0,133.89,134.85,75.00124224
2020-01-30 13:00:00,134.26,135.54,134.94,135.38,135.55374499
2020-01-30 14:00:00,133.95,135.38,135.38,134.04,84.88064926
2020-01-30 15:00:00,134.04,135.45,134.04,135.35,202.46341022
2020-01-30 16:00:00,133.26,137.77,135.36,137.59,1235.67052174
2020-01-30 18:00:00,137.77,137.88,137.77,137.88,11.30008086
2020-01-30 19:00:00,137.65,139.33,137.88,138.54,634.23344066
2020-01-30 20:00:00,138.69,141.52,138.89,140.62,420.1020747
2020-01-30 21:00:00,139.93,141.18,140.62,141.13,515.15529243
2020-01-30 22:00:00,140.52,142.75,141.12,142.31,231.4724613
2020-01-30 23:00:00,140.13,142.99,142.88,141.53,215.88459121
2020-01-31 00:00:00,140.22,142.09,141.07,140.65,285.94140898
2020-01-31 01:00:00,140.01,141.2,140.61,140.59,32.67117053
2020-01-31 02:00:00,139.18,140.35,140.35,140.14,60.77923841
2020-01-31 03:00:00,139.59,140.88,139.59,139.65,47.55829046
2020-01-31 04:00:00,138.58,140.07,139.94,139.03,39.33296872
2020-01-31 05:00:00,138.35,139.55,139.25,138.36,68.71698349
2020-01-31 06:00:00,138.65,140.23,138.65,139.4,125.48039575
2020-01-31 07:00:00,138.03,139.57,139.34,138.75,252.1621231
2020-01-31 08:00:00,137.73,138.78,138.7,138.78,80.01445782
2020-01-31 09:00:00,138.66,139.53,138.78,138.93,167.53951264
2020-01-31 10:00:00,137.45,139.16,138.94,138.16,161.77944578
2020-01-31 11:00:00,137.21,138.06,137.72,137.66,60.10107909
2020-01-31 12:00:00,133.67,137.48,137.41,135.4,417.20747317
2020-01-31 13:00:00,133.66,136.04,135.24,135.5,317.66246584
2020-01-31 14:00:00,134.11,135.95,135.4,135.48,166.04951217
2020-01-31 15:00:00,134.9,136.46,135.02,136.46,61.87525813
2020-01-31 16:00:00,134.54,136.79,136.56,135.18,93.51791132
2020-01-31 17:00:00,134.56,135.49,135.35,135.19,122.71019091
2020-01-31 18:00:00,134.76,136.11,135.13,136.11,366.62342124
2020-01-31 19:00:00,135.6,136.28,136.01,136.08,75.69157696
2020-01-31 20:00:00,135.72,136.99,136.06,136.86,244.9758179
2020-01-31 21:00:00,136.24,137.16,136.24,137.06,184.61905709
2020-01-31 22:00:00,136.7,138.3,137.13,137.65,171.32636971
2020-01-31 23:00:00,135.92,137.66,137.5,136.53,131.30505714
2020-02-01 00:00:00,135.7,137.41,136.0,137.24,94.37357449
2020-02-01 01:00:00,137.02,139.08,137.02,139.08,52.14814872
2020-02-01 02:00:00,138.42,139.57,139.1,139.26,42.29236839
2020-02-01 03:00:00,138.42,139.28,139.0,138.96,17.06390058
2020-02-01 04:00:00,137.6,139.02,138.46,138.22,16.90197714
2020-02-01 05:00:00,137.54,138.2,138.2,137.85,9.38994232
2020-02-01 06:00:00,137.57,138.28,138.13,138.28,4.44690858
2020-02-01 07:00:00,138.06,139.55,138.28,138.45,70.0053507
2020-02-01 08:00:00,136.43,138.89,138.88,137.26,69.47844353
2020-02-01 09:00:00,136.82,137.77,137.36,137.67,33.38171448
2020-02-01 10:00:00,136.93,138.02,137.83,137.1,153.07792368
2020-02-01 11:00:00,136.13,137.53,137.42,136.61,130.41291532
2020-02-01 12:00:00,136.06,137.16,137.15,136.65,90.84862881
2020-02-01 13:00:00,136.55,138.09,136.55,137.51,94.12652556
2020-02-01 14:00:00,136.7,138.0,137.7,137.73,114.17977899
2020-02-01 15:00:00,137.04,138.31,137.73,137.25,110.51821762
2020-02-01 16:00:00,137.13,139.13,137.18,138.49,182.95730955
2020-02-01 17:00:00,138.37,139.35,138.62,138.74,33.96515183
2020-02-01 18:00:00,138.33,139.44,138.99,139.13,112.21158497
2020-02-01 19:00:00,138.01,139.14,139.13,138.02,96.2341296
2020-02-01 20:00:00,138.04,139.35,138.34,138.73,137.99269767
2020-02-01 21:00:00,138.07,139.18,138.82,138.11,79.67180636
2020-02-01 22:00:00,138.2,139.13,138.37,138.89,80.77263617
2020-02-01 23:00:00,138.56,139.72,138.98,139.34,132.2348766
2020-02-02 00:00:00,137.5,139.23,139.23,137.65,127.87365158
2020-02-02 01:00:00,137.15,138.06,137.62,137.9,73.69392738
2020-02-02 02:00:00,136.35,137.74,137.74,137.05,103.41784465
2020-02-02 03:00:00,136.39,137.22,136.6,136.39,38.27484877
2020-02-02 04:00:00,135.97,137.94,136.34,137.35,59.51334142
2020-02-02 05:00:00,137.46,137.99,137.96,137.99,4.91477171
2020-02-02 06:00:00,138.47,141.0,138.47,140.77,32.77665762
2020-02-02 07:00:00,140.94,142.32,141.19,141.55,174.66436403
2020-02-02 08:00:00,140.85,142.24,141.91,142.09,67.90169106
2020-02-02 09:00:00,141.23,142.46,141.68,142.43,157.62390467
2020-02-02 10:00:00,142.43,144.97,142.43,144.85,299.92855509
2020-02-02 11:00:00,143.88,145.71,144.92,145.05,616.00146081
2020-02-02 12:00:00,143.87,146.59,145.22,144.58,307.24600642
2020-02-02 13:00:00,144.1,145.33,144.85,144.4,106.44388264
2020-02-02 14:00:00,143.31,145.69,144.22,145.28,174.30753999
2020-02-02 15:00:00,144.79,146.68,145.38,145.99,432.79629633
2020-02-02 16:00:00,145.06,146.33,146.33,145.44,283.29113883
2020-02-02 17:00:00,144.03,145.65,145.4,145.22,160.87932344
2020-02-02 18:00:00,144.79,145.82,144.98,145.67,70.88264579
2020-02-02 19:00:00,145.0,146.07,145.6,145.5,283.00594154
2020-02-02 20:00:00,145.0,146.1,145.2,146.1,253.08296795
2020-02-02 21:00:00,144.91,146.36,146.09,145.73,346.34629438
2020-02-02 22:00:00,143.13,145.01,144.91,143.49,168.0181176
2020-02-02 23:00:00,142.76,143.73,142.87,143.15,158.60695263
2020-02-03 00:00:00,142.0,145.74,142.89,145.74,171.8677445
2020-02-03 01:00:00,144.96,148.0,145.51,146.35,292.80750981
2020-02-03 02:00:00,143.71,146.18,145.83,144.51,273.73906773
2020-02-03 03:00:00,144.34,145.78,144.34,145.69,17.75197684
2020-02-03 04:00:00,144.69,145.83,145.76,144.69,137.93567358
2020-02-03 05:00:00,144.97,145.87,145.02,145.0,20.51908394
2020-02-03 06:00:00,144.85,145.52,145.17,145.03,44.19684447
2020-02-03 07:00:00,144.24,145.34,144.99,144.48,34.87789121
2020-02-03 08:00:00,143.82,145.05,144.47,144.97,1170.9530184
2020-02-03 09:00:00,143.79,144.95,144.94,143.98,355.7928148
2020-02-03 10:00:00,143.5,144.32,144.07,143.54,129.54946029
2020-02-03 11:00:00,143.78,145.52,143.78,145.34,56.30868925
2020-02-03 12:00:00,144.63,146.01,145.07,145.47,227.50594212
2020-02-03 13:00:00,143.82,145.62,145.42,144.29,292.33246012
2020-02-03 14:00:00,143.94,145.59,144.29,145.47,558.9961938
2020-02-03 15:00:00,144.0,145.46,145.46,144.0,100.76391079
2020-02-03 16:00:00,143.53,145.47,143.82,143.81,176.8258585
2020-02-03 17:00:00,143.79,145.32,143.79,144.89,142.09969027
2020-02-03 18:00:00,144.03,145.86,144.89,145.86,112.66956221
2020-02-03 19:00:00,145.13,146.32,145.79,146.32,76.69391797
2020-02-03 20:00:00,146.04,147.37,146.04,146.62,111.53865891
2020-02-03 21:00:00,145.56,146.63,146.27,145.74,85.23794785
2020-02-03 22:00:00,145.47,146.79,145.74,145.9,56.25374184
2020-02-03 23:00:00,144.98,146.48,145.83,145.79,151.15958875
2020-02-04 00:00:00,145.79,147.41,145.79,147.15,42.88781964
2020-02-04 01:00:00,145.72,147.36,146.89,146.06,90.15872604
2020-02-04 02:00:00,145.56,146.62,145.89,145.63,113.71621509
2020-02-04 03:00:00,144.76,146.06,146.06,145.29,3.57231329
2020-02-04 04:00:00,143.39,145.38,144.81,143.99,132.58997556
2020-02-04 05:00:00,143.24,144.0,143.79,144.0,19.44334421
2020-02-04 06:00:00,143.76,144.79,144.2,144.22,222.23062286
2020-02-04 07:00:00,144.39,145.81,144.68,145.14,96.86562572
2020-02-04 08:00:00,144.01,145.42,145.42,144.1,267.09703913
2020-02-04 09:00:00,142.18,144.63,143.72,142.2,149.45880684
2020-02-04 10:00:00,142.01,143.21,142.18,142.59,132.17469559
2020-02-04 11:00:00,142.08,144.54,142.6,143.88,75.16819922
2020-02-04 12:00:00,142.0,143.71,143.53,142.41,241.46563189
2020-02-04 13:00:00,141.85,142.87,142.22,142.12,83.6618185
2020-02-04 14:00:00,141.91,143.22,142.62,143.19,180.752751
2020-02-04 15:00:00,143.02,144.74,143.4,144.57,47.47083445
2020-02-04 16:00:00,143.95,145.49,144.32,144.76,317.00965423
2020-02-04 17:00:00,144.34,145.17,145.17,145.08,119.52875401
2020-02-04 18:00:00,144.03,145.47,144.61,144.06,32.74688632
2020-02-04 19:00:00,143.48,144.67,144.65,143.75,255.19871655
2020-02-04 20:00:00,142.98,144.35,143.76,143.81,83.93114109
2020-02-04 21:00:00,143.57,144.61,144.05,144.2,105.99407763
2020-02-04 22:00:00,143.73,145.11,144.19,145.11,43.22814784
2020-02-04 23:00:00,144.15,145.34,144.82,145.02,45.92955328
2020-02-05 00:00:00,144.67,145.6,145.08,145.26,34.21330978
2020-02-05 01:00:00,144.29,145.61,145.6,144.79,36.51821077
2020-02-05 02:00:00,144.35,145.04,144.71,145.0,9.5390567
2020-02-05 03:00:00,144.69,145.29,145.0,145.02,17.6543779
2020-02-05 04:00:00,145.19,145.54,145.19,145.54,7.90900788
2020-02-05 05:00:00,145.8,146.78,145.8,146.3,346.50526495
2020-02-05 06:00:00,146.12,147.46,146.89,146.76,205.2719811
2020-02-05 07:00:00,145.84,147.31,146.76,146.39,101.56042091
2020-02-05 08:00:00,145.81,146.58,146.39,146.58,51.40265038
2020-02-05 09:00:00,146.01,146.98,146.75,146.67,244.48386234
2020-02-05 10:00:00,146.31,150.0,146.56,149.25,451.81905772
2020-02-05 11:00:00,148.81,151.41,149.68,151.28,390.26692549
2020-02-05 12:00:00,150.01,151.78,151.28,150.65,162.01952621
2020-02-05 13:00:00,150.31,151.76,150.68,151.72,351.69171942
2020-02-05 14:00:00,150.69,151.94,151.39,151.85,367.80982863
2020-02-05 15:00:00,150.98,153.13,151.96,153.12,608.68723737
2020-02-05 16:00:00,152.63,154.47,153.06,153.17,777.5348997
2020-02-05 17:00:00,153.17,154.95,153.29,154.46,371.21254802
2020-02-05 18:00:00,154.38,157.89,154.38,156.84,907.99781667
2020-02-05 19:00:00,155.06,157.66,156.96,155.83,196.47951476
2020-02-05 20:00:00,155.52,157.08,156.0,156.77,100.10661945
2020-02-05 21:00:00,154.47,159.86,156.88,159.11,2031.82014274
2020-02-05 22:00:00,157.5,159.46,158.71,157.65,221.35934041
2020-02-05 23:00:00,157.08,159.51,158.08,157.24,252.44160344
2020-02-06 00:00:00,155.02,158.05,157.46,156.69,273.96177033
2020-02-06 01:00:00,155.93,158.03,156.34,156.82,44.55059926
2020-02-06 02:00:00,156.39,157.22,157.11,156.81,107.2253199
2020-02-06 03:00:00,155.95,158.6,156.11,158.3,52.31619655
2020-02-06 04:00:00,157.8,158.74,158.6,158.14,36.15141848
2020-02-06 05:00:00,158.34,159.79,158.45,159.17,29.40971791
2020-02-06 06:00:00,158.4,160.0,159.38,160.0,73.58643862
2020-02-06 07:00:00,159.05,163.66,160.0,161.72,603.78378908
2020-02-06 08:00:00,160.52,162.23,161.72,161.89,524.10673834
2020-02-06 09:00:00,159.93,161.7,160.97,161.7,292.60446722
2020-02-06 10:00:00,161.07,162.98,161.9,162.29,267.00160878
2020-02-06 11:00:00,161.54,162.81,162.28,162.79,194.06433245
2020-02-06 12:00:00,162.81,166.4,162.81,166.28,1056.40050808
2020-02-06 13:00:00,159.26,167.2,166.02,163.22,912.76803359
2020-02-06 14:00:00,160.95,166.87,163.13,164.62,789.63356728
2020-02-06 15:00:00,162.76,165.41,165.41,164.21,528.12767978
2020-02-06 16:00:00,163.09,166.09,164.8,164.99,335.645341
2020-02-06 17:00:00,164.17,165.94,165.06,165.13,240.76595641
2020-02-06 18:00:00,163.35,165.04,164.66,164.38,142.10164328
2020-02-06 19:00:00,163.46,165.46,164.36,163.73,311.20312692
2020-02-06 20:00:00,163.57,165.44,163.57,165.27,312.59754966
2020-02-06 21:00:00,164.92,165.53,164.92,165.53,317.1871855
2020-02-06 22:00:00,163.85,166.14,165.18,164.42,365.35205852
2020-02-06 23:00:00,163.59,165.65,163.92,165.32,198.39445484
2020-02-07 00:00:00,165.45,168.84,165.6,168.0,369.57928896
2020-02-07 01:00:00,167.93,169.79,168.58,168.93,188.47053538
2020-02-07 02:00:00,169.12,171.0,169.38,169.54,130.39503204
2020-02-07 03:00:00,167.75,170.2,169.55,167.75,236.20915407
2020-02-07 04:00:00,167.38,169.97,168.48,169.0,108.69025324
2020-02-07 05:00:00,167.87,169.74,169.23,167.99,101.69040556
2020-02-07 06:00:00,168.09,170.91,168.3,168.87,101.68532715
2020-02-07 07:00:00,168.0,169.32,168.61,169.01,186.76119456
2020-02-07 08:00:00,168.18,169.78,169.32,168.82,321.95490715
2020-02-07 09:00:00,168.3,170.2,168.5,169.85,205.3144578
2020-02-07 10:00:00,169.29,172.72,169.61,171.82,702.35225133
2020-02-07 11:00:00,170.51,174.04,171.82,170.51,894.16880372
2020-02-07 12:00:00,168.32,171.56,170.51,169.37,474.64020181
2020-02-07 13:00:00,169.06,171.09,169.27,170.78,486.20465802
2020-02-07 14:00:00,170.22,173.14,170.33,171.68,400.02894186
2020-02-07 15:00:00,170.77,172.61,171.67,171.69,100.34124105
2020-02-07 16:00:00,170.31,172.83,171.69,171.63,235.18086513
2020-02-07 17:00:00,171.25,172.47,172.02,171.66,273.70305507
2020-02-07 18:00:00,171.06,172.91,171.45,172.65,253.99084687
2020-02-07 19:00:00,171.52,172.65,172.65,172.06,208.79916105
2020-02-07 20:00:00,170.1,172.41,172.18,170.1,207.94458118
2020-02-07 21:00:00,169.99,171.52,170.0,170.5,211.29535363
2020-02-07 22:00:00,170.24,172.92,170.5,172.51,206.69947035
2020-02-07 23:00:00,172.21,174.31,172.55,173.52,216.45511265
2020-02-08 00:00:00,172.0,174.41,173.79,172.0,113.49335278
2020-02-08 01:00:00,170.65,171.97,171.7,171.89,87.41091826
2020-02-08 02:00:00,167.5,172.1,171.5,167.81,258.55022633
2020-02-08 03:00:00,165.0,169.0,167.8,169.0,376.54255166
2020-02-08 04:00:00,169.0,171.48,169.0,170.94,23.31811925
2020-02-08 05:00:00,169.81,171.83,170.53,171.83,93.50297061
2020-02-08 06:00:00,170.57,172.0,171.56,171.02,23.39738149
2020-02-08 07:00:00,170.53,171.7,171.3,171.26,147.89374683
2020-02-08 08:00:00,171.05,175.76,171.29,175.0,294.44217793
2020-02-08 09:00:00,172.46,175.97,175.0,174.74,458.27288842
2020-02-08 10:00:00,174.29,176.6,174.29,175.57,382.12573875
2020-02-08 11:00:00,174.7,176.39,175.35,175.73,108.57863824
2020-02-08 12:00:00,174.76,176.48,175.9,175.61,93.72087057
2020-02-08 13:00:00,173.61,177.39,175.93,176.1,234.18497817
2020-02-08 14:00:00,175.39,176.73,175.8,176.72,116.1735788
2020-02-08 15:00:00,174.9,176.86,176.72,175.09,526.03802514
2020-02-08 16:00:00,173.83,175.92,175.92,175.69,166.38136058
2020-02-08 17:00:00,173.67,175.46,174.88,174.08,76.50050906
2020-02-08 18:00:00,173.12,174.83,174.47,173.35,102.51162638
2020-02-08 19:00:00,173.37,174.96,173.37,174.71,73.95196022
2020-02-08 20:00:00,174.21,174.94,174.71,174.21,88.06829239
2020-02-08 21:00:00,173.09,174.77,174.53,173.94,209.29561652
2020-02-08 22:00:00,172.71,174.98,173.8,174.98,232.0584793
2020-02-08 23:00:00,173.1,174.99,174.88,173.1,130.83393879
2020-02-09 00:00:00,173.82,176.39,173.82,176.07,88.61279399
2020-02-09 01:00:00,175.51,176.64,176.13,175.88,119.74034804
2020-02-09 02:00:00,175.88,176.88,176.12,176.26,25.42930829
2020-02-09 03:00:00,176.35,177.96,176.81,177.96,36.87624925
2020-02-09 04:00:00,177.0,177.98,177.84,177.0,62.28329155
2020-02-09 05:00:00,176.42,177.92,177.01,177.79,46.89693596
2020-02-09 06:00:00,177.32,178.36,177.9,177.99,187.03683314
2020-02-09 07:00:00,177.89,179.53,177.95,179.19,243.74476755
2020-02-09 08:00:00,177.87,179.33,178.6,178.49,96.36838093
2020-02-09 09:00:00,177.08,178.82,178.49,177.12,192.65000205
2020-02-09 10:00:00,176.7,178.62,177.5,178.62,299.17931746
2020-02-09 11:00:00,177.51,178.95,178.47,177.86,188.91003641
2020-02-09 12:00:00,177.85,178.89,178.02,178.32,446.64884911
2020-02-09 13:00:00,177.01,178.4,178.32,177.42,200.65226439
2020-02-09 14:00:00,175.59,178.05,177.26,176.37,487.897398
2020-02-09 15:00:00,174.44,177.02,176.36,176.94,409.19247002
2020-02-09 16:00:00,176.02,177.64,176.52,177.05,139.57617268
2020-02-09 17:00:00,176.51,177.89,176.9,176.95,100.19861807
2020-02-09 18:00:00,175.72,176.91,176.91,176.38,179.15871817
2020-02-09 19:00:00,175.88,177.97,176.33,176.88,117.10851011
2020-02-09 20:00:00,174.21,176.71,176.71,174.63,215.99407332
2020-02-09 21:00:00,174.77,175.93,174.9,174.98,162.73693699
2020-02-09 22:00:00,175.23,177.55,175.48,177.14,137.10076958
2020-02-09 23:00:00,176.96,178.2,177.51,177.88,89.89584227
2020-02-10 00:00:00,177.01,178.66,178.2,178.32,147.37293927
2020-02-10 01:00:00,176.69,178.18,177.83,176.91,16.38917474
2020-02-10 02:00:00,175.06,176.56,176.56,176.26,30.99622675
2020-02-10 03:00:00,174.82,176.22,176.22,175.16,49.92630594
2020-02-10 04:00:00,173.0,175.61,175.6,174.3,124.30324498
2020-02-10 05:00:00,169.54,174.89,174.6,170.7,196.79201322
2020-02-10 06:00:00,170.89,174.89,170.89,173.33,456.10852256
2020-02-10 07:00:00,172.95,174.86,173.62,174.29,168.44661882
2020-02-10 08:00:00,170.59,174.66,174.66,171.56,274.82108112
2020-02-10 09:00:00,167.65,171.83,171.56,169.51,1197.82679799
2020-02-10 10:00:00,168.7,170.49,169.92,169.81,696.65882487
2020-02-10 11:00:00,168.01,170.26,170.26,168.73,366.93751143
2020-02-10 12:00:00,168.04,170.0,168.76,169.91,340.79640772
2020-02-10 13:00:00,169.29,170.77,169.91,170.08,305.83271465
2020-02-10 14:00:00,169.59,172.94,169.7,172.94,508.91991148
2020-02-10 15:00:00,172.63,174.53,172.94,172.91,304.06499292
2020-02-10 16:00:00,171.17,173.88,173.14,171.58,367.27334259
2020-02-10 17:00:00,170.7,173.0,171.91,173.0,537.25362951
2020-02-10 18:00:00,171.51,173.38,173.0,171.57,241.93166553
2020-02-10 19:00:00,170.62,172.4,171.52,171.0,106.8643803
2020-02-10 20:00:00,171.01,172.82,171.1,172.37,121.20348814
2020-02-10 21:00:00,171.47,172.79,172.38,172.65,74.64779688
2020-02-10 22:00:00,171.6,173.47,172.27,173.34,78.13647966
2020-02-10 23:00:00,172.48,174.5,173.11,172.48,197.04280099
2020-02-11 00:00:00,170.44,173.15,172.8,170.59,115.66363281
2020-02-11 01:00:00,169.23,171.44,170.66,171.13,168.56899556
2020-02-11 02:00:00,169.45,171.29,171.14,169.45,25.03586222
2020-02-11 03:00:00,169.13,170.27,169.99,169.58,49.01666349
2020-02-11 04:00:00,169.0,170.3,169.77,169.54,202.03146016
2020-02-11 05:00:00,169.46,170.64,169.54,169.46,28.27782548
2020-02-11 06:00:00,169.21,171.24,170.09,170.72,444.98166138
2020-02-11 07:00:00,168.0,170.65,170.65,169.16,506.35853646
2020-02-11 08:00:00,168.88,170.75,169.41,170.75,248.3526273
2020-02-11 09:00:00,170.43,172.14,170.93,170.95,172.39283276
2020-02-11 10:00:00,170.56,172.22,171.32,171.11,393.64290638
2020-02-11 11:00:00,171.25,172.88,171.42,172.88,178.76723455
2020-02-11 12:00:00,171.97,174.56,172.34,173.26,624.06741947
2020-02-11 13:00:00,172.71,173.96,173.23,172.78,89.62168398
2020-02-11 14:00:00,171.25,173.63,172.74,171.49,348.82820947
2020-02-11 15:00:00,171.6,178.27,171.6,177.98,574.05707558
2020-02-11 16:00:00,176.64,180.11,177.91,179.41,1736.02140846
2020-02-11 17:00:00,179.42,183.33,179.42,183.33,1197.42093959
2020-02-11 18:00:00,182.6,185.62,183.6,183.92,1012.38924937
2020-02-11 19:00:00,183.1,184.72,183.32,184.36,332.498788
2020-02-11 20:00:00,183.87,184.76,184.36,184.54,428.88013575
2020-02-11 21:00:00,182.92,184.7,184.54,183.41,441.68930188
2020-02-11 22:00:00,183.2,184.9,183.64,184.08,212.95198654
2020-02-11 23:00:00,182.66,184.24,183.52,184.1,144.8082861
2020-02-12 00:00:00,184.1,192.0,184.1,191.34,488.77681831
2020-02-12 01:00:00,188.97,191.99,191.75,190.1,286.96381034
2020-02-12 02:00:00,187.67,190.07,190.07,189.3,189.26906191
2020-02-12 03:00:00,188.83,190.15,189.7,189.43,66.87158642
2020-02-12 04:00:00,189.88,191.21,190.3,189.88,38.36695454
2020-02-12 05:00:00,190.0,191.67,190.51,191.01,64.96204133
2020-02-12 06:00:00,190.06,192.6,191.2,192.47,213.43889079
2020-02-12 07:00:00,191.98,198.49,192.6,196.81,1310.09405749
2020-02-12 08:00:00,193.88,196.8,196.3,195.83,535.14263247
2020-02-12 09:00:00,192.96,195.75,195.75,195.18,332.18809381
2020-02-12 10:00:00,192.81,197.99,195.42,197.35,992.93748149
2020-02-12 11:00:00,196.81,200.0,197.12,197.54,838.41232896
2020-02-12 12:00:00,196.37,199.49,197.65,199.49,574.99047206
2020-02-12 13:00:00,198.0,199.27,198.02,198.81,1187.83243526
2020-02-12 14:00:00,196.38,200.0,198.84,198.49,1171.50445511
2020-02-12 15:00:00,195.12,198.48,198.48,197.42,500.28610367
2020-02-12 16:00:00,195.92,204.5,197.31,203.26,775.55859214
2020-02-12 17:00:00,202.36,206.96,202.79,204.94,1196.08533339
2020-02-12 18:00:00,204.1,205.92,204.53,205.5,554.75343496
2020-02-12 19:00:00,204.15,206.2,205.87,205.29,429.54261804
2020-02-12 20:00:00,205.08,212.22,205.67,212.1,1064.76387057
2020-02-12 21:00:00,203.71,213.19,211.85,209.19,1502.03793969
2020-02-12 22:00:00,206.69,210.57,208.55,207.22,693.23657204
2020-02-12 23:00:00,203.26,209.16,207.2,205.88,643.5626274
2020-02-13 00:00:00,205.15,211.5,205.59,210.66,313.65831766
2020-02-13 01:00:00,208.85,212.07,211.0,212.07,214.43239828
2020-02-13 02:00:00,209.73,212.9,211.9,211.78,85.20084942
2020-02-13 03:00:00,207.44,211.96,211.78,208.37,91.34144345
2020-02-13 04:00:00,208.5,210.49,209.67,208.99,34.75048677
2020-02-13 05:00:00,209.0,211.1,209.0,211.1,44.98827831
2020-02-13 06:00:00,210.29,212.59,211.71,211.42,270.09983439
2020-02-13 07:00:00,205.1,211.7,210.99,205.99,446.87611978
2020-02-13 08:00:00,197.01,207.65,205.67,202.33,1533.49415843
2020-02-13 09:00:00,198.74,202.73,202.73,201.7,712.1077649
2020-02-13 10:00:00,200.0,204.24,201.55,202.24,318.13548686
2020-02-13 11:00:00,200.0,203.37,202.83,202.6,454.79502162
2020-02-13 12:00:00,201.54,207.34,201.6,206.72,653.36217754
2020-02-13 13:00:00,206.16,214.13,206.16,207.77,1035.11108952
2020-02-13 14:00:00,202.71,211.95,207.0,207.21,985.92104026
2020-02-13 15:00:00,205.01,209.9,207.27,207.77,593.63578188
2020-02-13 16:00:00,204.07,208.83,208.06,204.42,387.95292308
2020-02-13 17:00:00,202.52,206.71,205.11,204.17,286.28995743
2020-02-13 18:00:00,204.03,206.64,204.57,205.19,146.70516159
2020-02-13 19:00:00,204.54,207.32,204.97,205.93,255.77586708
2020-02-13 20:00:00,203.87,206.64,205.88,203.98,130.59929124
2020-02-13 21:00:00,201.23,204.04,203.99,201.51,194.12368676
2020-02-13 22:00:00,201.51,205.51,201.54,204.53,128.17916864
2020-02-13 23:00:00,203.41,206.41,204.46,206.3,168.13821129
2020-02-14 00:00:00,202.7,206.6,206.41,205.49,685.88269927
2020-02-14 01:00:00,204.81,207.3,206.13,205.77,97.76089696
2020-02-14 02:00:00,205.3,206.39,205.82,205.64,50.37463682
2020-02-14 03:00:00,203.78,206.1,206.0,204.76,31.89493693
2020-02-14 04:00:00,203.71,205.8,204.76,205.28,124.96374494
2020-02-14 05:00:00,202.7,204.91,204.91,202.84,50.87089415
2020-02-14 06:00:00,202.08,204.21,202.6,202.6,98.95221507
2020-02-14 07:00:00,199.21,203.6,202.6,200.91,383.26596949
2020-02-14 08:00:00,201.13,204.32,201.26,204.32,330.28956433
2020-02-14 09:00:00,203.98,206.53,204.67,205.68,412.90351407
2020-02-14 10:00:00,205.15,209.98,206.0,208.09,272.01629753
2020-02-14 11:00:00,206.26,208.54,207.78,207.79,120.93496356
2020-02-14 12:00:00,206.79,209.42,207.92,208.61,428.22355634
2020-02-14 13:00:00,206.93,208.51,207.75,208.29,306.09318305
2020-02-14 14:00:00,208.23,211.06,208.46,209.45,410.93562812
2020-02-14 15:00:00,208.94,210.88,209.96,209.7,222.77163313
2020-02-14 16:00:00,209.44,213.88,209.7,213.08,596.36760177
2020-02-14 17:00:00,211.8,214.9,213.45,214.8,331.3223
2020-02-14 18:00:00,214.8,219.4,214.8,219.4,1218.82555176
2020-02-14 19:00:00,215.25,219.58,219.0,217.25,558.76408475
2020-02-14 20:00:00,216.35,218.5,217.5,218.13,426.58945066
2020-02-14 21:00:00,216.63,218.86,217.98,217.15,557.38547943
2020-02-14 22:00:00,216.03,218.0,217.18,218.0,243.41769122
2020-02-14 23:00:00,217.14,219.97,217.65,219.97,464.4993074
2020-02-15 00:00:00,218.92,224.17,219.78,220.25,814.92473441
2020-02-15 01:00:00,214.36,220.38,219.84,214.77,565.33506299
2020-02-15 02:00:00,214.0,217.27,215.54,216.67,118.44754033
2020-02-15 03:00:00,215.76,217.28,216.1,217.2,7.06172771
2020-02-15 04:00:00,215.5,216.94,216.89,216.08,9.14848835
2020-02-15 05:00:00,214.28,216.42,216.06,214.43,71.10533794
2020-02-15 06:00:00,213.1,216.29,214.0,215.31,80.23698996
2020-02-15 07:00:00,214.03,215.84,215.84,215.3,20.1243537
2020-02-15 08:00:00,214.42,217.45,215.68,217.26,152.90441832
2020-02-15 09:00:00,215.83,218.88,217.51,218.88,371.17152321
2020-02-15 10:00:00,217.43,219.6,218.89,217.55,247.13428523
2020-02-15 11:00:00,216.0,218.2,217.52,216.67,295.70864917
2020-02-15 12:00:00,215.13,217.68,216.67,216.9,447.21751799
2020-02-15 13:00:00,216.15,217.93,217.0,217.11,121.24993153
2020-02-15 14:00:00,216.46,217.96,216.77,216.87,102.82308036
2020-02-15 15:00:00,205.79,216.93,216.87,210.93,1610.82386401
2020-02-15 16:00:00,202.96,214.59,210.35,204.95,1428.10542779
2020-02-15 17:00:00,201.91,208.06,204.56,202.02,2269.21759
2020-02-15 18:00:00,201.2,206.22,201.71,206.22,1035.39130347
2020-02-15 19:00:00,204.43,207.51,206.04,204.96,419.32607215
2020-02-15 20:00:00,204.19,205.83,204.92,205.3,229.55500396
2020-02-15 21:00:00,204.31,207.0,204.98,206.31,280.73742341
2020-02-15 22:00:00,204.0,207.08,206.0,205.45,419.03771238
2020-02-15 23:00:00,200.0,205.38,205.38,203.19,676.2945974
2020-02-16 00:00:00,198.5,204.24,203.18,204.24,512.69264727
2020-02-16 01:00:00,203.93,206.0,204.24,205.85,53.13596125
2020-02-16 02:00:00,205.21,212.27,205.65,210.44,324.80018841
2020-02-16 03:00:00,206.78,210.03,209.77,208.89,136.48985791
2020-02-16 04:00:00,207.36,211.78,207.77,210.34,408.142265
2020-02-16 05:00:00,206.78,210.31,210.31,207.76,76.92082116
2020-02-16 06:00:00,208.14,209.01,208.34,208.54,16.45853871
2020-02-16 07:00:00,207.47,209.49,209.28,207.51,63.62911184
2020-02-16 08:00:00,206.39,208.99,208.03,208.23,338.67250118
2020-02-16 09:00:00,207.02,209.0,208.72,207.16,193.44937629
2020-02-16 10:00:00,205.0,208.33,207.47,205.0,472.30060964
2020-02-16 11:00:00,204.6,207.17,205.0,205.09,301.16806932
2020-02-16 12:00:00,202.15,205.66,204.79,204.07,159.89482305
2020-02-16 13:00:00,200.58,205.35,204.16,204.73,414.81503504
2020-02-16 14:00:00,202.0,206.55,204.73,202.0,379.59254822
2020-02-16 15:00:00,197.03,203.12,202.41,199.33,948.0683375
2020-02-16 16:00:00,181.19,202.07,199.17,189.27,2656.86823808
2020-02-16 17:00:00,185.64,194.19,189.27,192.7,1413.03810341
2020-02-16 18:00:00,192.73,197.15,193.13,195.66,658.29899574
2020-02-16 19:00:00,189.41,195.63,195.63,192.01,777.04010882
2020-02-16 20:00:00,190.23,194.54,191.82,193.88,290.97720888
2020-02-16 21:00:00,193.47,195.94,194.08,193.47,162.45251332
2020-02-16 22:00:00,192.34,196.82,193.48,195.5,180.90537118
2020-02-16 23:00:00,196.5,202.54,196.76,199.18,1058.39026795
2020-02-17 00:00:00,196.18,200.99,199.17,196.57,285.59148593
2020-02-17 01:00:00,195.0,198.78,196.34,195.0,119.46663601
2020-02-17 02:00:00,192.59,195.31,194.5,193.75,79.29087824
2020-02-17 03:00:00,189.76,194.69,194.3,191.4,297.56809711
2020-02-17 04:00:00,186.43,190.96,190.96,189.34,373.92639845
2020-02-17 05:00:00,190.11,193.22,191.02,191.57,165.24118933
2020-02-17 06:00:00,190.3,194.33,191.64,191.4,496.86758764
2020-02-17 07:00:00,191.01,194.89,192.12,191.52,323.08149092
2020-02-17 08:00:00,190.29,194.18,191.61,194.07,253.26390532
2020-02-17 09:00:00,192.59,194.88,194.2,192.95,259.68428845
2020-02-17 10:00:00,188.52,192.59,192.59,190.64,209.84441475
2020-02-17 11:00:00,186.6,192.8,190.25,191.0,1029.24344337
2020-02-17 12:00:00,190.21,193.37,190.41,190.89,558.99382143
2020-02-17 13:00:00,188.04,192.83,191.18,188.98,364.19887764
2020-02-17 14:00:00,187.75,195.46,188.79,193.81,387.42584382
2020-02-17 15:00:00,192.71,199.65,194.41,199.65,610.68173303
2020-02-17 16:00:00,197.02,202.1,199.62,201.3,717.27610756
2020-02-17 17:00:00,196.51,202.12,201.13,199.9,394.65028675
2020-02-17 18:00:00,197.52,200.26,199.08,199.94,134.07213408
2020-02-17 19:00:00,198.94,202.0,199.91,200.77,289.96907262
2020-02-17 20:00:00,198.87,202.55,201.26,198.96,287.39628824
2020-02-17 21:00:00,199.14,202.0,199.54,200.88,175.55191397
2020-02-17 22:00:00,198.92,201.72,200.4,201.37,528.55185596
2020-02-17 23:00:00,200.82,206.9,200.83,206.6,669.39033134
2020-02-18 00:00:00,203.5,207.19,206.6,205.25,372.54442054
2020-02-18 01:00:00,205.58,209.98,205.83,208.78,393.69240696
2020-02-18 02:00:00,206.78,209.38,208.29,206.79,107.63046531
2020-02-18 03:00:00,206.03,208.79,206.78,206.79,124.74941642
2020-02-18 04:00:00,206.69,209.4,206.78,209.02,21.90379605
2020-02-18 05:00:00,207.04,209.14,209.14,207.29,49.33598701
2020-02-18 06:00:00,205.08,208.04,207.61,206.09,223.04592564
2020-02-18 07:00:00,205.49,208.46,205.68,207.6,202.48729225
2020-02-18 08:00:00,206.33,207.89,207.6,206.43,255.02844987
2020-02-18 09:00:00,202.5,206.33,206.33,204.0,286.91646045
2020-02-18 10:00:00,202.71,205.93,203.83,205.93,239.01569405
2020-02-18 11:00:00,204.5,206.0,205.91,205.91,129.34314072
2020-02-18 12:00:00,202.53,206.35,205.91,203.35,340.16807701
2020-02-18 13:00:00,199.18,203.91,202.8,202.96,331.22507279
2020-02-18 14:00:00,201.73,205.32,202.51,204.35,401.14192674
2020-02-18 15:00:00,205.04,211.72,205.04,211.0,531.21782891
2020-02-18 16:00:00,210.91,217.76,211.37,216.78,1030.90462529
2020-02-18 17:00:00,214.52,217.49,216.07,216.24,1287.23291323
2020-02-18 18:00:00,215.6,219.52,216.89,216.7,938.41981546
2020-02-18 19:00:00,215.64,219.9,216.35,219.77,843.68463958
2020-02-18 20:00:00,217.25,220.0,219.4,219.4,639.36128154
2020-02-18 21:00:00,212.56,219.97,218.88,216.47,795.23822326
2020-02-18 22:00:00,214.35,216.55,216.54,216.24,178.77015298
2020-02-18 23:00:00,216.24,219.74,216.24,217.9,230.49315469
2020-02-19 00:00:00,213.84,216.99,216.33,214.19,241.78036654
2020-02-19 01:00:00,213.66,216.36,214.84,215.21,246.23042693
2020-02-19 02:00:00,215.0,217.56,215.23,217.08,293.7194825
2020-02-19 03:00:00,214.94,217.08,217.08,214.94,32.06794321
2020-02-19 04:00:00,214.17,215.33,215.33,215.25,53.24527851
2020-02-19 05:00:00,214.73,216.46,214.73,216.14,18.81336598
2020-02-19 06:00:00,212.85,216.33,216.05,213.69,32.02527341
2020-02-19 07:00:00,212.7,214.99,212.85,213.37,241.64361231
2020-02-19 08:00:00,211.79,218.2,212.94,218.2,457.11806072
2020-02-19 09:00:00,214.3,217.74,217.26,215.38,226.67242825
2020-02-19 10:00:00,214.23,217.29,215.15,216.71,76.99119202
2020-02-19 11:00:00,216.28,219.1,217.09,219.1,729.54730424
2020-02-19 12:00:00,215.29,219.09,218.53,216.38,290.9005744
2020-02-19 13:00:00,215.32,217.0,216.2,215.96,168.58223073
2020-02-19 14:00:00,215.57,217.44,215.66,215.92,78.51161261
2020-02-19 15:00:00,214.78,217.14,216.35,216.49,370.74015651
2020-02-19 16:00:00,215.73,219.0,216.09,218.0,622.93398592
2020-02-19 17:00:00,216.02,221.94,218.25,218.06,1329.18298617
2020-02-19 18:00:00,217.01,218.88,217.31,217.97,167.50585014
2020-02-19 19:00:00,214.64,218.5,218.07,214.82,362.8331084
2020-02-19 20:00:00,209.57,215.34,214.88,213.26,1294.97069606
2020-02-19 21:00:00,194.6,213.6,213.2,203.03,2917.34085076
2020-02-19 22:00:00,197.74,209.21,203.08,205.49,1367.6118903
2020-02-19 23:00:00,200.23,205.32,205.32,201.41,584.96413969
2020-02-20 00:00:00,199.67,205.02,200.51,203.91,550.93630227
2020-02-20 01:00:00,202.35,204.37,204.09,202.68,63.71540176
2020-02-20 02:00:00,200.0,203.45,202.04,203.44,116.31961227
2020-02-20 03:00:00,202.37,203.98,203.34,202.48,35.91884933
2020-02-20 04:00:00,201.28,202.69,202.69,201.77,28.9159601
2020-02-20 05:00:00,199.85,202.28,201.68,200.94,54.80810819
2020-02-20 06:00:00,200.48,203.45,201.1,203.45,113.09674352
2020-02-20 07:00:00,201.76,203.68,203.04,202.32,226.10814375
2020-02-20 08:00:00,197.59,202.55,202.55,199.39,427.72285675
2020-02-20 09:00:00,197.97,200.65,200.03,200.59,219.37887457
2020-02-20 10:00:00,199.25,201.88,200.72,200.86,129.1499857
2020-02-20 11:00:00,196.88,201.49,200.41,197.86,145.53465478
2020-02-20 12:00:00,193.6,199.24,197.54,195.0,567.4567547
2020-02-20 13:00:00,192.96,199.88,194.96,199.88,712.27943053
2020-02-20 14:00:00,195.52,202.12,199.86,200.76,837.60819561
2020-02-20 15:00:00,197.76,201.33,200.92,198.39,173.91956307
2020-02-20 16:00:00,191.0,201.97,198.37,199.82,1527.68787122
2020-02-20 17:00:00,195.0,200.77,200.71,196.54,862.80968176
2020-02-20 18:00:00,195.53,198.7,197.06,197.29,225.64399395
2020-02-20 19:00:00,197.03,199.82,197.3,198.81,212.65344761
2020-02-20 20:00:00,197.35,199.99,198.78,199.51,243.60689379
2020-02-20 21:00:00,197.76,201.42,199.51,201.23,669.32020337
2020-02-20 22:00:00,201.0,204.14,201.27,201.42,766.51588523
2020-02-20 23:00:00,200.01,202.06,201.12,200.33,357.51388857
2020-02-21 00:00:00,197.75,200.37,200.37,199.62,214.01611486
2020-02-21 01:00:00,198.48,202.51,199.03,202.27,59.46779438
2020-02-21 02:00:00,201.42,203.28,203.07,201.75,42.47912841
2020-02-21 03:00:00,201.24,205.6,201.78,205.1,345.15516328
2020-02-21 04:00:00,202.82,204.53,204.53,202.82,17.34144273
2020-02-21 05:00:00,202.18,203.61,202.46,203.39,42.06983975
2020-02-21 06:00:00,202.33,203.6,203.34,202.97,110.11016482
2020-02-21 07:00:00,201.51,203.02,202.97,202.75,53.38022584
2020-02-21 08:00:00,200.37,203.42,202.78,201.43,50.18164305
2020-02-21 09:00:00,200.14,202.45,201.14,202.07,78.72184202
2020-02-21 10:00:00,201.57,203.55,202.05,202.95,150.57481247
2020-02-21 11:00:00,202.84,204.2,202.84,203.13,155.11807316
2020-02-21 12:00:00,202.9,207.05,202.9,206.19,443.24768375
2020-02-21 13:00:00,204.17,206.87,206.19,205.77,295.04850784
2020-02-21 14:00:00,203.15,206.5,206.5,203.88,131.01279016
2020-02-21 15:00:00,202.91,205.4,203.31,205.23,246.41457138
2020-02-21 16:00:00,203.5,207.05,205.62,206.79,288.53882881
2020-02-21 17:00:00,205.18,207.0,206.79,205.35,219.71909923
2020-02-21 18:00:00,204.62,206.1,205.35,205.5,40.91461773
2020-02-21 19:00:00,203.01,205.84,205.22,203.73,490.41125686
2020-02-21 20:00:00,201.47,205.14,204.2,204.24,399.02656035
2020-02-21 21:00:00,202.82,204.35,204.0,203.41,136.049667
2020-02-21 22:00:00,202.82,203.99,203.02,203.63,86.81076829
2020-02-21 23:00:00,203.39,206.26,203.4,204.91,421.6076286
2020-02-22 00:00:00,204.38,207.0,205.24,205.29,364.04638786
2020-02-22 01:00:00,203.76,205.37,205.0,203.87,46.94230003
2020-02-22 02:00:00,202.82,203.81,203.37,202.94,112.38347526
2020-02-22 03:00:00,202.82,204.17,202.96,202.82,51.83413595
2020-02-22 04:00:00,201.52,202.83,202.82,202.39,42.12423937
2020-02-22 05:00:00,201.5,202.87,202.87,201.5,16.33547068
2020-02-22 06:00:00,198.61,202.48,201.5,199.62,563.90687411
2020-02-22 07:00:00,198.75,203.51,199.31,200.05,188.21336242
2020-02-22 08:00:00,199.53,201.85,200.55,201.79,54.5565235
2020-02-22 09:00:00,199.54,200.97,200.97,199.98,91.87381104
2020-02-22 10:00:00,199.94,201.71,200.49,201.32,226.98175708
2020-02-22 11:00:00,201.21,203.04,201.37,202.36,107.63644822
2020-02-22 12:00:00,202.48,204.25,202.82,203.44,429.77406541
2020-02-22 13:00:00,202.44,204.22,203.2,203.02,64.15583729
2020-02-22 14:00:00,202.2,204.05,203.36,202.5,141.98283943
2020-02-22 15:00:00,201.34,202.5,202.5,201.61,73.63467754
2020-02-22 16:00:00,200.1,202.69,201.66,202.68,225.35453298
2020-02-22 17:00:00,201.53,204.17,202.26,202.92,311.73448844
2020-02-22 18:00:00,201.07,202.78,202.56,202.01,128.44502093
2020-02-22 19:00:00,201.39,202.92,202.31,201.72,53.79089075
2020-02-22 20:00:00,201.7,203.09,202.3,201.91,42.82840802
2020-02-22 21:00:00,202.13,203.35,202.14,203.04,71.16043049
2020-02-22 22:00:00,201.98,203.03,202.87,202.9,63.66317562
2020-02-22 23:00:00,201.76,202.83,202.79,202.2,26.4575976
2020-02-23 00:00:00,202.24,204.0,202.79,204.0,15.59961503
2020-02-23 01:00:00,202.2,204.03,203.66,202.29,59.39305889
2020-02-23 02:00:00,202.54,203.69,203.18,203.51,1.63439372
2020-02-23 03:00:00,203.36,204.99,203.68,204.99,45.59841863
2020-02-23 04:00:00,205.0,207.86,205.0,206.05,181.49343424
2020-02-23 05:00:00,205.78,208.13,206.1,208.13,472.23388472
2020-02-23 06:00:00,208.13,211.0,208.13,209.64,765.36296294
2020-02-23 07:00:00,208.82,210.54,210.54,209.4,101.51845754
2020-02-23 08:00:00,209.06,209.95,209.81,209.76,80.78395848
2020-02-23 09:00:00,209.88,213.17,209.88,210.51,428.90313039
2020-02-23 10:00:00,209.01,212.88,210.79,209.14,267.37494189
2020-02-23 11:00:00,207.31,210.02,209.14,207.6,205.80995037
2020-02-23 12:00:00,207.67,209.75,207.78,209.41,96.41347029
2020-02-23 13:00:00,208.93,210.44,209.31,209.7,127.84515939
2020-02-23 14:00:00,209.37,211.2,209.69,210.54,308.51004262
2020-02-23 15:00:00,208.51,211.45,211.17,209.24,169.06140003
2020-02-23 16:00:00,208.51,209.94,209.33,209.29,204.37420405
2020-02-23 17:00:00,208.5,210.54,209.37,209.77,321.86901771
2020-02-23 18:00:00,208.63,210.72,209.69,209.87,291.1060115
2020-02-23 19:00:00,209.21,212.3,209.77,209.98,230.65090378
2020-02-23 20:00:00,209.0,210.26,209.49,209.64,207.78634569
2020-02-23 21:00:00,209.31,210.23,209.66,210.23,47.35247889
2020-02-23 22:00:00,209.34,211.83,210.23,211.11,151.36198399
2020-02-23 23:00:00,210.48,213.0,210.89,212.78,494.43483781
2020-02-24 00:00:00,211.64,215.0,212.58,213.3,156.86456368
2020-02-24 01:00:00,211.09,212.93,212.93,211.29,244.71463793
2020-02-24 02:00:00,206.49,211.65,211.4,207.95,489.3635236
2020-02-24 03:00:00,207.07,208.27,207.13,207.07,27.03026857
2020-02-24 04:00:00,206.04,207.51,206.39,207.51,38.38856871
2020-02-24 05:00:00,206.87,208.19,207.43,208.19,34.89833295
2020-02-24 06:00:00,206.0,208.02,207.72,206.0,144.02114738
2020-02-24 07:00:00,205.37,207.01,205.37,206.82,469.54784663
2020-02-24 08:00:00,206.91,207.89,207.0,207.23,57.46590475
2020-02-24 09:00:00,206.52,207.5,207.23,206.79,151.89076356
2020-02-24 10:00:00,206.52,207.94,206.79,207.47,254.65199037
2020-02-24 11:00:00,207.15,211.84,207.42,211.13,191.60432337
2020-02-24 12:00:00,209.88,211.85,211.13,210.28,221.2180927
2020-02-24 13:00:00,208.78,210.86,210.14,208.78,387.94701987
2020-02-24 14:00:00,208.0,211.04,209.22,208.0,256.56963339
2020-02-24 15:00:00,206.71,209.15,208.12,207.52,212.5984117
2020-02-24 16:00:00,206.7,209.07,206.88,207.22,115.76369462
2020-02-24 17:00:00,204.01,207.82,207.82,204.78,754.90498013
2020-02-24 18:00:00,199.1,204.5,204.5,202.98,991.96231821
2020-02-24 19:00:00,202.53,205.93,202.87,204.27,284.12072335
2020-02-24 20:00:00,202.49,205.57,204.0,202.7,439.62074715
2020-02-24 21:00:00,201.02,203.22,202.84,203.22,146.39616152
2020-02-24 22:00:00,202.84,205.0,202.9,204.49,81.04731188
2020-02-24 23:00:00,203.0,206.35,204.13,206.29,81.15546287
2020-02-25 00:00:00,203.02,206.62,206.29,204.75,68.61139447
2020-02-25 01:00:00,203.0,205.56,205.12,203.0,34.00004086
2020-02-25 02:00:00,202.0,204.11,202.25,202.85,83.05089748
2020-02-25 03:00:00,202.94,204.19,204.05,202.94,9.75257736
2020-02-25 04:00:00,202.01,202.89,202.84,202.68,12.46114217
2020-02-25 05:00:00,200.05,202.66,202.64,200.82,97.52006333
2020-02-25 06:00:00,197.67,201.6,200.89,200.0,289.58021784
2020-02-25 07:00:00,198.01,199.97,199.97,199.48,332.60626638
2020-02-25 08:00:00,198.32,201.49,198.98,199.91,303.37195107
2020-02-25 09:00:00,199.31,201.67,199.41,200.97,201.29568057
2020-02-25 10:00:00,199.66,200.68,200.39,200.28,83.27383768
2020-02-25 11:00:00,197.45,203.62,200.13,202.86,519.56487926
2020-02-25 12:00:00,201.9,204.19,202.72,202.21,676.60379267
2020-02-25 13:00:00,200.14,202.82,201.54,200.2,118.23518018
2020-02-25 14:00:00,194.42,200.23,200.1,195.71,431.21829168
2020-02-25 15:00:00,192.19,196.0,195.67,193.5,944.44130273
2020-02-25 16:00:00,187.0,196.33,193.38,190.22,1716.6930693
2020-02-25 17:00:00,189.39,193.63,190.2,191.41,429.64301553
2020-02-25 18:00:00,191.1,194.72,191.1,194.33,144.17765967
2020-02-25 19:00:00,191.59,194.3,194.3,192.99,157.6065235
2020-02-25 20:00:00,189.91,193.18,193.18,191.03,215.55427385
2020-02-25 21:00:00,188.61,194.0,191.23,192.77,441.93940487
2020-02-25 22:00:00,192.31,195.2,192.77,194.13,289.67328346
2020-02-25 23:00:00,189.27,194.37,194.35,190.08,206.89198451
2020-02-26 00:00:00,188.69,192.57,189.0,190.25,40.71304682
2020-02-26 01:00:00,185.0,190.21,190.21,185.0,358.27054924
2020-02-26 02:00:00,182.21,185.73,184.68,184.28,1427.51551163
2020-02-26 03:00:00,183.32,184.66,184.66,183.32,120.32137006
2020-02-26 04:00:00,182.85,185.62,183.71,184.95,172.81371328
2020-02-26 05:00:00,183.62,185.48,185.24,185.46,106.77579813
2020-02-26 06:00:00,184.5,186.98,185.46,186.6,366.5231546
2020-02-26 07:00:00,182.11,186.71,186.52,183.25,850.01910302
2020-02-26 08:00:00,179.3,184.98,183.22,183.96,2266.74974701
2020-02-26 09:00:00,181.45,183.48,183.48,181.57,332.99711093
2020-02-26 10:00:00,181.35,184.13,181.86,183.58,661.42838885
2020-02-26 11:00:00,181.25,183.89,183.4,182.06,185.88299377
2020-02-26 12:00:00,179.1,186.9,182.07,185.6,1135.17768187
2020-02-26 13:00:00,179.62,186.21,186.21,180.93,686.56338837
2020-02-26 14:00:00,177.78,181.98,180.64,179.22,731.12587277
2020-02-26 15:00:00,174.85,179.58,179.24,175.44,1207.75525037
2020-02-26 16:00:00,166.09,177.0,175.03,171.5,2751.53755743
2020-02-26 17:00:00,167.97,173.57,171.96,172.32,2450.63129812
2020-02-26 18:00:00,171.68,180.2,171.96,180.2,930.21163356
2020-02-26 19:00:00,175.68,180.13,180.13,178.3,747.44274079
2020-02-26 20:00:00,176.0,179.71,177.96,177.22,323.19256344
2020-02-26 21:00:00,173.63,177.98,177.41,174.03,276.47055129
2020-02-26 22:00:00,171.97,177.22,173.51,174.79,365.01830089
2020-02-26 23:00:00,173.42,177.16,174.68,173.83,231.39849514
2020-02-27 00:00:00,166.27,173.41,173.34,167.31,681.76126081
2020-02-27 01:00:00,162.83,170.63,168.02,169.43,1216.46993985
2020-02-27 02:00:00,165.77,170.36,169.19,167.22,458.30851941
2020-02-27 03:00:00,166.23,170.01,167.62,169.04,115.18088285
2020-02-27 04:00:00,167.76,169.85,169.18,168.65,131.41320043
2020-02-27 05:00:00,168.83,171.76,169.2,171.01,71.36562572
2020-02-27 06:00:00,170.6,174.03,171.31,173.32,444.77650427
2020-02-27 07:00:00,172.85,175.1,174.03,174.8,213.3754607
2020-02-27 08:00:00,173.94,178.78,174.24,176.45,747.9049432
2020-02-27 09:00:00,173.18,178.93,176.8,173.18,407.99544434
2020-02-27 10:00:00,173.63,177.41,173.82,177.33,274.18067684
2020-02-27 11:00:00,175.32,178.1,177.35,176.51,174.25535142
2020-02-27 12:00:00,175.01,181.59,176.41,175.83,964.48606491
2020-02-27 13:00:00,175.43,178.51,175.83,178.42,140.27430501
2020-02-27 14:00:00,177.25,180.03,178.15,179.15,177.78590487
2020-02-27 15:00:00,178.95,182.06,179.25,179.77,1205.38707066
2020-02-27 16:00:00,179.77,186.96,179.77,184.62,2622.04527367
2020-02-27 17:00:00,183.3,185.9,184.35,183.85,500.30032162
2020-02-27 18:00:00,180.47,184.43,183.14,181.91,364.12526504
2020-02-27 19:00:00,179.27,182.94,181.41,181.96,385.93357247
2020-02-27 20:00:00,180.01,182.28,181.7,181.65,185.63632769
2020-02-27 21:00:00,175.14,180.91,180.81,176.15,726.36902873
2020-02-27 22:00:00,171.57,177.55,176.13,177.38,990.82653239
2020-02-27 23:00:00,174.53,178.58,177.95,176.75,109.4390118
2020-02-28 00:00:00,176.44,180.0,176.83,178.93,183.21586749
2020-02-28 01:00:00,177.21,181.6,178.73,181.17,262.61638398
2020-02-28 02:00:00,179.68,182.27,181.18,180.12,39.83197367
2020-02-28 03:00:00,178.2,181.38,180.23,179.16,43.91092304
2020-02-28 04:00:00,177.85,179.5,178.2,178.0,18.39168501
2020-02-28 05:00:00,176.11,178.0,178.0,176.57,96.26716703
2020-02-28 06:00:00,175.72,177.34,176.6,176.3,79.79043017
2020-02-28 07:00:00,173.32,175.75,175.75,174.46,192.22860173
2020-02-28 08:00:00,174.38,176.45,174.46,174.38,259.86098819
2020-02-28 09:00:00,168.72,174.43,174.0,169.86,1110.13007644
2020-02-28 10:00:00,168.23,172.64,169.72,171.78,508.51269836
2020-02-28 11:00:00,170.56,173.29,171.79,171.22,706.29184406
2020-02-28 12:00:00,166.21,171.35,171.26,169.51,602.92367153
2020-02-28 13:00:00,168.48,175.14,169.26,174.31,401.43008062
2020-02-28 14:00:00,172.09,175.28,174.0,175.28,260.2749494
2020-02-28 15:00:00,173.54,178.6,175.28,178.38,187.10740886
2020-02-28 16:00:00,175.47,179.38,178.02,175.47,572.91482837
2020-02-28 17:00:00,172.48,175.9,175.47,174.83,413.95211265
2020-02-28 18:00:00,173.81,177.12,174.53,174.2,159.69092845
2020-02-28 19:00:00,172.73,175.09,173.95,174.11,247.99168421
2020-02-28 20:00:00,174.15,176.99,174.15,174.73,273.54779765
2020-02-28 21:00:00,174.2,176.95,174.4,176.73,155.96106002
2020-02-28 22:00:00,175.17,179.98,177.16,179.98,850.35338642
2020-02-28 23:00:00,177.01,179.99,179.99,177.6,247.12627104
2020-02-29 00:00:00,177.6,180.92,177.6,179.65,197.37857668
2020-02-29 01:00:00,176.14,180.19,180.07,177.07,531.0883725
2020-02-29 02:00:00,176.11,179.5,177.82,178.95,192.96805201
2020-02-29 03:00:00,177.3,179.76,179.54,179.76,63.52801349
2020-02-29 04:00:00,179.63,181.54,179.98,181.43,89.37160602
2020-02-29 05:00:00,180.15,181.77,181.77,181.4,16.55443581
2020-02-29 06:00:00,178.4,181.21,181.2,179.25,58.55563377
2020-02-29 07:00:00,177.76,179.43,179.04,179.0,28.42185881
2020-02-29 08:00:00,178.0,179.89,179.51,178.65,129.62313354
2020-02-29 09:00:00,175.73,178.65,178.65,175.73,87.52126127
2020-02-29 10:00:00,174.0,177.9,176.08,174.19,323.91281677
2020-02-29 11:00:00,173.53,176.45,174.57,176.45,290.57616434
2020-02-29 12:00:00,174.82,176.45,176.38,175.57,45.55942577
2020-02-29 13:00:00,172.91,175.57,175.57,175.19,569.58109742
2020-02-29 14:00:00,172.73,175.17,175.17,174.32,444.25644323
2020-02-29 15:00:00,173.11,176.0,174.22,174.72,362.10691443
2020-02-29 16:00:00,173.77,175.99,174.26,173.8,46.46317137
2020-02-29 17:00:00,173.77,175.84,173.78,175.62,115.92303651
2020-02-29 18:00:00,174.96,176.37,175.85,175.9,156.33203211
2020-02-29 19:00:00,174.57,176.45,175.19,175.8,255.23674887
2020-02-29 20:00:00,174.2,175.88,175.48,175.67,139.45346828
2020-02-29 21:00:00,173.73,175.9,175.28,174.2,114.58911146
2020-02-29 22:00:00,172.98,174.53,174.53,174.49,368.31797761
2020-02-29 23:00:00,169.57,174.48,173.79,170.85,178.81021687
2020-03-01 00:00:00,170.25,172.54,170.42,170.3,178.07126663
2020-03-01 01:00:00,169.01,174.74,170.5,174.18,359.74429255
2020-03-01 02:00:00,173.93,176.44,175.08,174.61,534.45029742
2020-03-01 03:00:00,174.25,175.96,174.75,174.25,157.42552795
2020-03-01 04:00:00,173.3,175.31,175.28,173.36,10.80111066
2020-03-01 05:00:00,171.79,173.64,173.27,172.9,25.30235492
2020-03-01 06:00:00,171.9,173.35,173.21,172.39,7.16612857
2020-03-01 07:00:00,170.72,172.59,172.31,172.08,38.31498598
2020-03-01 08:00:00,170.79,174.17,172.26,171.96,94.78047419
2020-03-01 09:00:00,171.17,172.88,171.42,171.54,70.76240218
2020-03-01 10:00:00,170.95,172.58,171.3,172.3,424.05961557
2020-03-01 11:00:00,171.94,175.48,172.69,175.27,212.64611888
2020-03-01 12:00:00,172.99,177.59,175.66,173.62,726.27116539
2020-03-01 13:00:00,169.01,174.14,172.48,173.57,582.78391287
2020-03-01 14:00:00,171.75,174.13,173.36,171.99,74.33119041
2020-03-01 15:00:00,171.73,173.19,171.78,172.2,77.08613377
2020-03-01 16:00:00,167.29,172.52,172.07,169.73,799.07801846
2020-03-01 17:00:00,167.41,169.39,168.7,168.69,276.60599311
2020-03-01 18:00:00,166.09,168.4,168.33,166.09,202.09434258
2020-03-01 19:00:00,165.83,169.34,166.0,168.74,402.22062067
2020-03-01 20:00:00,167.53,169.36,168.49,167.53,55.77642128
2020-03-01 21:00:00,166.63,167.87,167.53,167.68,217.92326527
2020-03-01 22:00:00,167.81,171.42,167.9,170.73,284.76286915
2020-03-01 23:00:00,170.15,172.56,170.82,170.34,178.13346873
2020-03-02 00:00:00,168.75,171.68,169.75,170.37,32.32742371
2020-03-02 01:00:00,168.87,170.96,169.9,170.96,46.35781717
2020-03-02 02:00:00,170.34,172.85,170.97,172.85,66.65418731
2020-03-02 03:00:00,170.32,172.92,172.85,171.27,114.64418248
2020-03-02 04:00:00,171.11,172.68,171.34,172.68,100.41472994
2020-03-02 05:00:00,171.29,172.88,171.9,172.88,31.81038817
2020-03-02 06:00:00,171.63,173.67,173.66,172.17,5.6907229
2020-03-02 07:00:00,171.02,172.57,172.15,171.47,61.95647435
2020-03-02 08:00:00,171.79,173.78,171.85,173.78,160.00391685
2020-03-02 09:00:00,172.5,174.72,173.63,174.22,424.2952098
2020-03-02 10:00:00,174.63,176.82,174.99,175.12,1415.72032286
2020-03-02 11:00:00,174.98,176.81,175.42,175.85,480.17770076
2020-03-02 12:00:00,174.39,176.51,176.19,176.51,346.17729334
2020-03-02 13:00:00,176.17,178.8,176.55,178.37,429.70345386
2020-03-02 14:00:00,177.62,180.0,178.04,178.91,455.95619294
2020-03-02 15:00:00,177.36,180.0,178.77,179.16,382.71225287
2020-03-02 16:00:00,178.75,183.23,179.61,181.94,1304.17598276
2020-03-02 17:00:00,181.0,183.69,181.79,181.39,286.33164142
2020-03-02 18:00:00,180.95,182.9,181.0,181.66,424.90860125
2020-03-02 19:00:00,180.44,182.45,181.76,182.45,271.35454969
2020-03-02 20:00:00,180.64,182.22,181.85,182.19,88.18517856
2020-03-02 21:00:00,182.16,183.64,182.2,183.25,420.6427197
2020-03-02 22:00:00,181.4,183.61,183.05,181.64,430.09087835
2020-03-02 23:00:00,180.16,182.0,181.34,182.0,399.02986559
2020-03-03 00:00:00,177.6,182.2,182.0,179.43,412.49692915
2020-03-03 01:00:00,178.69,180.28,179.72,178.69,141.40111252
2020-03-03 02:00:00,178.72,180.55,179.38,180.55,47.91863964
2020-03-03 03:00:00,179.6,181.49,180.23,181.49,22.24714543
2020-03-03 04:00:00,178.98,180.89,180.43,178.98,10.05408176
2020-03-03 05:00:00,178.75,180.28,179.28,179.97,3.09319686
2020-03-03 06:00:00,177.37,179.78,179.78,177.37,141.89188017
2020-03-03 07:00:00,177.0,178.27,177.19,177.51,73.41196767
2020-03-03 08:00:00,176.55,178.86,177.5,178.2,638.2442506
2020-03-03 09:00:00,178.03,179.95,178.03,179.54,427.93871204
2020-03-03 10:00:00,179.0,181.0,179.55,180.15,348.78655024
2020-03-03 11:00:00,180.24,182.74,180.59,181.37,771.10628782
2020-03-03 12:00:00,178.58,182.55,181.68,179.26,764.79524694
2020-03-03 13:00:00,178.06,179.75,178.75,178.82,53.28653001
2020-03-03 14:00:00,175.0,179.16,178.86,175.98,1181.26063975
2020-03-03 15:00:00,173.89,179.0,176.0,174.63,1288.09628009
2020-03-03 16:00:00,171.73,175.49,174.7,172.42,1073.15072484
2020-03-03 17:00:00,172.71,174.3,172.95,174.0,93.31578298
2020-03-03 18:00:00,173.35,174.76,173.89,174.15,84.91757607
2020-03-03 19:00:00,173.23,174.99,174.03,174.63,116.55073869
2020-03-03 20:00:00,173.05,174.9,174.51,173.74,98.48446469
2020-03-03 21:00:00,173.81,175.31,173.81,175.2,240.74779775
2020-03-03 22:00:00,174.75,175.94,175.22,175.66,94.41043621
2020-03-03 23:00:00,174.38,176.0,175.66,175.13,117.82986908
2020-03-04 00:00:00,173.79,175.76,174.89,175.76,91.66948876
2020-03-04 01:00:00,175.98,178.44,176.0,177.39,201.38954322
2020-03-04 02:00:00,177.35,178.7,178.69,177.38,30.72854048
2020-03-04 03:00:00,174.74,177.72,177.15,176.82,322.59138499
2020-03-04 04:00:00,175.78,177.96,176.63,177.96,944.46008924
2020-03-04 05:00:00,176.07,177.86,177.72,176.58,62.75270736
2020-03-04 06:00:00,175.29,176.47,176.47,175.62,23.67965031
2020-03-04 07:00:00,175.57,178.09,175.57,177.84,59.13965751
2020-03-04 08:00:00,176.78,177.96,177.96,177.38,130.56594698
2020-03-04 09:00:00,175.43,177.88,177.48,175.43,662.25874407
2020-03-04 10:00:00,174.74,176.34,175.4,174.84,66.31686759
2020-03-04 11:00:00,173.77,175.5,174.99,174.98,211.47825959
2020-03-04 12:00:00,174.09,175.37,174.71,174.75,39.87620566
2020-03-04 13:00:00,174.41,175.66,174.41,175.19,180.77801065
2020-03-04 14:00:00,174.0,176.52,175.72,174.5,299.90983505
2020-03-04 15:00:00,172.81,175.91,174.73,173.72,124.94653428
2020-03-04 16:00:00,172.78,174.46,173.15,174.0,96.91957829
2020-03-04 17:00:00,173.12,174.65,174.0,173.73,864.10956583
2020-03-04 18:00:00,171.04,173.74,173.74,173.17,370.27289073
2020-03-04 19:00:00,172.49,173.43,173.17,172.76,93.31548463
2020-03-04 20:00:00,171.94,172.92,172.76,172.09,238.67622738
2020-03-04 21:00:00,172.09,173.62,172.09,173.16,52.9480502
2020-03-04 22:00:00,173.28,174.45,173.5,174.06,55.87601039
2020-03-04 23:00:00,173.75,175.35,173.75,175.35,41.48088819
2020-03-05 00:00:00,175.21,177.17,175.46,176.9,90.44952944
2020-03-05 01:00:00,175.45,176.72,176.72,176.67,24.38211054
2020-03-05 02:00:00,175.88,177.25,176.38,177.11,10.2609615
2020-03-05 03:00:00,176.09,177.44,177.1,176.7,48.21935456
2020-03-05 04:00:00,176.38,176.9,176.38,176.8,2.23239727
2020-03-05 05:00:00,176.26,178.56,176.54,178.56,155.46564238
2020-03-05 06:00:00,177.61,178.41,178.35,177.67,42.40464518
2020-03-05 07:00:00,176.81,178.15,177.91,177.48,147.64681714
2020-03-05 08:00:00,176.69,177.77,177.41,177.5,77.81812739
2020-03-05 09:00:00,177.05,179.92,177.39,179.29,255.82001501
2020-03-05 10:00:00,178.26,180.0,179.5,180.0,561.07627601
2020-03-05 11:00:00,179.92,181.23,179.92,180.44,390.50419054
2020-03-05 12:00:00,179.98,182.0,180.8,179.98,181.1370825
2020-03-05 13:00:00,178.7,180.15,179.8,179.73,247.79497663
2020-03-05 14:00:00,178.58,180.67,180.28,178.58,273.48294158
2020-03-05 15:00:00,178.1,179.62,178.58,179.62,506.81345293
2020-03-05 16:00:00,179.37,180.99,179.44,180.04,174.17467221
2020-03-05 17:00:00,179.32,180.84,179.75,180.45,149.44642287
2020-03-05 18:00:00,179.55,180.6,180.44,179.7,151.03627167
2020-03-05 19:00:00,178.71,180.02,179.56,180.0,43.55569073
2020-03-05 20:00:00,178.21,180.35,180.08,178.6,140.46574838
2020-03-05 21:00:00,178.35,179.4,179.05,178.79,101.12718491
2020-03-05 22:00:00,177.34,178.68,178.55,177.34,142.41134025
2020-03-05 23:00:00,175.26,179.12,177.05,177.46,1411.54849723
2020-03-06 00:00:00,176.16,177.93,176.92,176.17,59.84438027
2020-03-06 01:00:00,176.41,178.08,176.41,176.6,22.21419605
2020-03-06 02:00:00,176.65,178.83,176.85,177.79,8.59335774
2020-03-06 03:00:00,177.37,178.47,177.89,177.69,56.0872825
2020-03-06 04:00:00,177.23,177.71,177.71,177.55,9.69331995
2020-03-06 05:00:00,178.57,181.43,178.57,181.43,242.87923703
2020-03-06 06:00:00,180.8,182.86,181.43,182.06,424.10125256
2020-03-06 07:00:00,181.45,183.53,181.45,182.34,369.82551581
2020-03-06 08:00:00,181.05,183.15,182.0,183.15,130.19601342
2020-03-06 09:00:00,182.12,183.29,182.74,182.86,256.22553604
2020-03-06 10:00:00,181.78,184.49,182.81,184.49,156.81800094
2020-03-06 11:00:00,183.64,186.84,184.5,185.52,909.51843743
2020-03-06 12:00:00,183.51,185.14,185.14,184.57,443.46464811
2020-03-06 13:00:00,182.5,184.7,184.7,182.5,525.42004961
2020-03-06 14:00:00,182.34,183.93,182.5,182.67,137.86606537
2020-03-06 15:00:00,180.44,183.14,182.64,180.91,207.75002086
2020-03-06 16:00:00,180.49,183.0,180.5,182.65,137.10658982
2020-03-06 17:00:00,182.37,184.3,182.65,183.63,387.02712782
2020-03-06 18:00:00,182.7,184.07,183.76,183.49,47.39580075
2020-03-06 19:00:00,182.79,184.22,183.46,183.59,90.93202899
2020-03-06 20:00:00,183.31,184.33,183.59,184.23,146.82322067
2020-03-06 21:00:00,183.89,185.0,183.9,185.0,284.04548837
2020-03-06 22:00:00,183.69,185.0,185.0,184.38,143.70477136
2020-03-06 23:00:00,184.77,188.5,184.99,188.5,292.06777871
2020-03-07 00:00:00,187.0,189.0,188.5,188.28,450.55833371
2020-03-07 01:00:00,186.53,188.27,188.16,187.13,117.59185673
2020-03-07 02:00:00,187.23,187.9,187.54,187.66,197.57303734
2020-03-07 03:00:00,187.2,188.82,187.65,187.2,54.01511185
2020-03-07 04:00:00,186.53,187.81,187.2,186.98,13.29453949
2020-03-07 05:00:00,186.5,187.73,187.01,187.73,4.99070018
2020-03-07 06:00:00,186.49,188.37,188.37,186.49,78.36342017
2020-03-07 07:00:00,185.99,187.42,186.49,187.42,88.23181988
2020-03-07 08:00:00,186.93,188.09,186.93,187.74,30.51057456
2020-03-07 09:00:00,187.37,188.1,188.09,188.0,361.2196475
2020-03-07 10:00:00,187.5,189.0,188.22,187.83,267.66156344
2020-03-07 11:00:00,187.0,188.49,187.83,187.28,263.12521649
2020-03-07 12:00:00,187.26,189.89,187.29,187.67,801.06584005
2020-03-07 13:00:00,186.52,188.45,187.5,187.17,426.30660208
2020-03-07 14:00:00,186.98,188.45,187.0,188.45,58.14277883
2020-03-07 15:00:00,187.96,189.99,188.31,189.66,294.29992919
2020-03-07 16:00:00,187.09,194.24,189.57,188.71,1323.39486147
2020-03-07 17:00:00,182.7,188.32,188.32,184.18,1030.71871812
2020-03-07 18:00:00,180.6,184.62,183.66,183.31,713.31714068
2020-03-07 19:00:00,182.5,184.0,183.28,183.77,53.31884237
2020-03-07 20:00:00,182.28,183.88,183.33,182.89,559.03413321
2020-03-07 21:00:00,181.89,183.95,182.12,183.15,138.77149419
2020-03-07 22:00:00,182.62,184.89,182.68,184.8,85.07318185
2020-03-07 23:00:00,181.87,184.57,184.57,182.04,159.63746101
2020-03-08 00:00:00,177.57,182.29,182.29,179.93,372.48752433
2020-03-08 01:00:00,178.6,180.15,179.93,178.98,134.56902172
2020-03-08 02:00:00,176.1,179.34,178.72,176.94,141.46466712
2020-03-08 03:00:00,176.37,178.64,176.86,177.68,41.25502117
2020-03-08 04:00:00,177.0,178.49,177.5,177.46,26.03310153
2020-03-08 05:00:00,176.49,177.93,177.18,176.74,8.43756978
2020-03-08 06:00:00,174.96,176.52,176.01,175.63,81.55248073
2020-03-08 07:00:00,176.24,177.93,176.24,177.72,272.35898809
2020-03-08 08:00:00,175.56,177.77,177.77,175.75,328.11038434
2020-03-08 09:00:00,175.77,177.68,176.01,176.9,152.421829
2020-03-08 10:00:00,176.32,178.49,177.22,178.49,200.89111288
2020-03-08 11:00:00,177.35,179.01,178.35,178.33,160.1379968
2020-03-08 12:00:00,172.8,178.4,178.38,173.65,871.69605966
2020-03-08 13:00:00,171.84,173.86,173.32,173.06,240.78235598
2020-03-08 14:00:00,168.11,173.05,172.39,169.56,1311.87640299
2020-03-08 15:00:00,162.51,169.99,169.14,167.13,1416.8200918
2020-03-08 16:00:00,156.02,167.44,166.51,164.5,2522.68662494
2020-03-08 17:00:00,162.14,169.6,164.08,166.46,1570.16678519
2020-03-08 18:00:00,165.04,167.78,167.29,165.98,1068.91256422
2020-03-08 19:00:00,163.53,166.1,165.98,164.47,399.17896614
2020-03-08 20:00:00,161.21,164.99,164.48,161.21,318.28169461
2020-03-08 21:00:00,160.05,163.53,161.52,161.16,568.88985334
2020-03-08 22:00:00,156.4,166.8,161.4,156.4,1155.79566146
2020-03-08 23:00:00,150.65,160.69,156.3,153.1,1609.96098228
2020-03-09 00:00:00,152.01,160.62,153.11,155.8,749.14660304
2020-03-09 01:00:00,153.82,158.48,154.87,156.44,360.0199806
2020-03-09 02:00:00,154.33,157.32,156.88,154.33,230.25600884
2020-03-09 03:00:00,152.15,156.65,154.66,154.68,598.72893162
2020-03-09 04:00:00,150.99,154.52,154.2,154.1,508.86769398
2020-03-09 05:00:00,151.17,157.75,154.2,157.39,397.10065725
2020-03-09 06:00:00,156.53,159.7,157.31,156.79,211.14584438
2020-03-09 07:00:00,155.36,157.86,157.48,156.73,385.67449354
2020-03-09 08:00:00,156.39,159.25,156.39,158.27,519.71632333
2020-03-09 09:00:00,155.16,158.39,158.03,155.17,774.91533387
2020-03-09 10:00:00,155.16,157.41,155.72,155.97,211.82318086
2020-03-09 11:00:00,152.81,155.84,155.84,153.2,649.62044877
2020-03-09 12:00:00,153.87,156.98,154.12,156.72,267.78096544
2020-03-09 13:00:00,151.9,157.11,156.68,154.27,584.7723405
2020-03-09 14:00:00,150.0,155.33,154.93,151.0,401.75930641
2020-03-09 15:00:00,144.51,151.17,150.56,147.6,1810.52866284
2020-03-09 16:00:00,146.21,153.01,147.98,149.11,1145.55884347
2020-03-09 17:00:00,146.51,149.66,149.11,147.3,582.50117228
2020-03-09 18:00:00,147.01,149.17,147.23,147.23,703.76531122
2020-03-09 19:00:00,147.47,151.23,147.57,150.82,742.40903481
2020-03-09 20:00:00,149.67,152.57,150.56,151.32,387.78916618
2020-03-09 21:00:00,149.41,151.74,151.26,149.81,408.57026373
2020-03-09 22:00:00,148.81,152.38,149.81,151.95,400.9300619
2020-03-09 23:00:00,151.2,155.77,151.53,155.77,373.64434627
2020-03-10 00:00:00,153.56,156.18,155.89,156.0,145.03005096
2020-03-10 01:00:00,153.79,156.9,155.7,153.87,114.6023974
2020-03-10 02:00:00,153.66,154.7,154.43,153.66,102.76419414
2020-03-10 03:00:00,152.79,155.51,153.71,155.51,20.85865171
2020-03-10 04:00:00,154.42,155.85,155.64,155.25,81.0569155
2020-03-10 05:00:00,155.15,156.1,155.15,155.48,36.54775053
2020-03-10 06:00:00,153.44,155.95,155.48,154.14,215.40904228
2020-03-10 07:00:00,151.63,153.93,153.93,152.44,457.54751948
2020-03-10 08:00:00,151.3,153.66,152.44,151.3,496.35929573
2020-03-10 09:00:00,151.43,152.82,152.0,151.55,152.17137852
2020-03-10 10:00:00,151.86,156.9,151.86,156.34,395.84641421
2020-03-10 11:00:00,155.6,157.65,156.51,156.4,748.06116692
2020-03-10 12:00:00,156.09,158.81,157.16,158.5,291.4625623
2020-03-10 13:00:00,155.3,158.68,158.17,156.22,419.02617411
2020-03-10 14:00:00,155.98,158.07,156.47,156.31,283.45543474
2020-03-10 15:00:00,151.62,156.9,156.55,152.18,1120.72300158
2020-03-10 16:00:00,151.3,154.65,151.85,154.63,201.27708888
2020-03-10 17:00:00,153.85,155.88,153.95,155.88,111.34317648
2020-03-10 18:00:00,153.9,155.65,155.65,154.34,665.24043602
2020-03-10 19:00:00,154.08,156.98,154.5,156.98,1019.30240045
2020-03-10 20:00:00,155.72,158.5,156.74,157.48,973.75930481
2020-03-10 21:00:00,156.5,158.5,157.48,157.15,164.09385002
2020-03-10 22:00:00,157.01,158.02,158.01,157.41,137.55286544
2020-03-10 23:00:00,155.02,157.49,157.49,155.45,423.58302357
2020-03-11 00:00:00,155.06,157.42,155.45,157.42,374.36378551
2020-03-11 01:00:00,156.04,157.38,157.38,157.34,25.28646313
2020-03-11 02:00:00,155.67,157.12,157.12,155.9,8.93948951
2020-03-11 03:00:00,155.52,156.61,155.9,156.22,2.12284937
2020-03-11 04:00:00,155.52,156.43,156.43,155.52,39.82517022
2020-03-11 05:00:00,153.78,155.52,155.52,154.67,155.35007193
2020-03-11 06:00:00,153.78,155.08,154.91,154.31,152.85064955
2020-03-11 07:00:00,153.62,155.04,154.29,154.71,459.2428343
2020-03-11 08:00:00,153.11,155.8,155.41,153.76,337.66485915
2020-03-11 09:00:00,152.08,154.07,153.5,152.82,470.25413869
2020-03-11 10:00:00,151.23,152.92,152.87,152.37,352.80876351
2020-03-11 11:00:00,151.76,153.91,152.79,152.84,200.97855375
2020-03-11 12:00:00,151.71,153.3,153.21,152.16,152.73239142
2020-03-11 13:00:00,152.1,153.75,152.1,152.39,94.17250674
2020-03-11 14:00:00,149.33,152.7,152.54,150.12,285.50745089
2020-03-11 15:00:00,148.0,151.23,149.74,149.11,461.40148098
2020-03-11 16:00:00,148.5,151.16,149.01,149.49,332.29194192
2020-03-11 17:00:00,141.99,149.17,149.17,143.33,688.63841154
2020-03-11 18:00:00,141.17,148.29,143.37,147.6,714.37976055
2020-03-11 19:00:00,146.14,149.99,148.07,148.68,727.53678482
2020-03-11 20:00:00,148.37,150.0,149.0,149.98,729.59540556
2020-03-11 21:00:00,147.59,151.19,150.0,147.59,210.01860881
2020-03-11 22:00:00,147.11,152.0,147.99,152.0,274.69824222
2020-03-11 23:00:00,149.34,152.66,151.85,152.36,268.12640507
2020-03-12 00:00:00,150.23,152.52,152.32,150.71,104.54988836
2020-03-12 01:00:00,143.89,150.82,150.82,143.89,397.78671693
2020-03-12 02:00:00,142.51,146.24,144.23,143.0,1006.06201237
2020-03-12 03:00:00,142.19,146.26,143.0,142.61,303.50320533
2020-03-12 04:00:00,140.11,142.27,142.14,141.66,332.17143212
2020-03-12 05:00:00,140.54,142.02,141.62,141.41,152.78503083
2020-03-12 06:00:00,134.73,142.0,141.39,135.68,1494.04071552
2020-03-12 07:00:00,130.36,135.67,135.42,133.5,1592.45652052
2020-03-12 08:00:00,129.14,134.05,133.84,131.83,1842.56769431
2020-03-12 09:00:00,129.1,132.51,132.03,131.11,3043.35392679
2020-03-12 10:00:00,100.0,144.88,130.99,134.37,7042.29055209
2020-03-12 11:00:00,105.03,134.0,110.54,108.0,9540.99597432
2020-03-12 12:00:00,105.56,116.5,108.0,110.0,8903.49828952
2020-03-12 13:00:00,102.51,112.8,110.01,108.45,3935.75297229
2020-03-12 14:00:00,106.66,115.1,108.25,112.76,3568.55056478
2020-03-12 15:00:00,109.09,113.83,112.08,112.75,2057.76459416
2020-03-12 16:00:00,108.52,114.13,112.75,111.27,2265.70706741
2020-03-12 17:00:00,110.75,115.5,110.94,113.33,1746.16079987
2020-03-12 18:00:00,109.47,115.32,112.98,109.47,1039.42870022
2020-03-12 19:00:00,109.21,112.89,109.47,110.0,1522.23892285
2020-03-12 20:00:00,97.75,110.64,110.01,103.67,3716.43418428
2020-03-12 21:00:00,98.67,105.17,102.67,104.28,2832.05999694
2020-03-12 22:00:00,100.24,108.05,103.78,101.38,1675.35762708
2020-03-12 23:00:00,83.01,101.57,100.91,89.98,6995.9115003
2020-03-13 00:00:00,86.02,97.5,93.0,89.51,3614.66452419
2020-03-13 01:00:00,80.07,91.25,90.36,80.1,2737.6037116
2020-03-13 02:00:00,75.02,100.0,80.5,92.51,7557.16302106
2020-03-13 03:00:00,91.04,114.6,92.52,103.06,2635.08246892
2020-03-13 04:00:00,89.16,106.28,103.48,89.19,855.87390825
2020-03-13 05:00:00,89.08,104.92,89.08,94.46,1081.55685152
2020-03-13 06:00:00,92.75,106.47,93.14,102.54,2808.2573425
2020-03-13 07:00:00,97.92,110.0,102.17,110.0,3025.94721375
2020-03-13 08:00:00,100.7,120.0,109.08,107.92,5734.16964788
2020-03-13 09:00:00,107.03,113.83,107.92,112.98,2209.52903662
2020-03-13 10:00:00,109.02,113.64,112.4,113.23,3141.29473585
2020-03-13 11:00:00,105.62,113.2,112.33,110.36,2404.40469494
2020-03-13 12:00:00,105.56,111.88,108.84,106.23,3643.47172028
2020-03-13 13:00:00,104.75,114.0,106.24,110.01,3708.36785238
2020-03-13 14:00:00,103.0,112.11,109.0,105.33,1550.72770978
2020-03-13 15:00:00,95.26,107.93,105.83,102.89,3591.73035003
2020-03-13 16:00:00,98.22,106.12,102.8,102.41,1489.58245998
2020-03-13 17:00:00,100.51,104.33,101.71,102.41,583.12162242
2020-03-13 18:00:00,95.02,102.32,101.99,98.89,1936.71171296
2020-03-13 19:00:00,95.0,108.44,98.42,105.6,2672.71488819
2020-03-13 20:00:00,104.01,107.53,105.89,105.5,1054.6819963
2020-03-13 21:00:00,104.98,109.69,105.53,106.68,680.30931955
2020-03-13 22:00:00,106.41,109.87,106.65,109.87,839.13043471
2020-03-13 23:00:00,108.12,113.45,109.86,111.0,2594.76589118
2020-03-14 00:00:00,108.7,111.83,110.75,110.55,397.29001022
2020-03-14 01:00:00,108.0,111.32,110.33,110.02,170.51644249
2020-03-14 02:00:00,107.94,110.86,110.85,109.82,349.91142697
2020-03-14 03:00:00,109.03,111.93,109.68,110.15,503.93593972
2020-03-14 04:00:00,108.83,110.66,110.66,109.73,373.58041172
2020-03-14 05:00:00,107.99,109.98,109.77,108.22,383.26016312
2020-03-14 06:00:00,107.58,108.97,108.49,108.17,455.79684074
2020-03-14 07:00:00,107.61,109.3,108.04,108.99,316.77805663
2020-03-14 08:00:00,104.0,109.12,109.12,106.32,671.4822642
2020-03-14 09:00:00,103.23,106.27,106.25,103.97,1911.32160774
2020-03-14 10:00:00,103.49,106.49,103.76,105.98,515.33465131
2020-03-14 11:00:00,105.57,107.66,106.14,106.51,558.10353776
2020-03-14 12:00:00,104.42,106.42,106.07,105.99,761.3491687
2020-03-14 13:00:00,103.1,106.24,105.89,103.4,853.39230869
2020-03-14 14:00:00,103.05,104.89,103.53,104.61,3246.84249767
2020-03-14 15:00:00,103.01,105.08,104.4,103.01,1854.26643621
2020-03-14 16:00:00,103.08,106.52,103.08,104.64,1720.23944242
2020-03-14 17:00:00,103.65,105.03,104.67,104.75,708.46178626
2020-03-14 18:00:00,104.46,106.0,104.46,105.5,585.75691936
2020-03-14 19:00:00,103.24,105.91,105.0,104.1,1127.11170147
2020-03-14 20:00:00,101.2,104.4,103.77,103.97,1182.56433792
2020-03-14 21:00:00,101.44,103.92,103.86,103.08,1239.04668445
2020-03-14 22:00:00,98.5,103.43,102.8,101.52,1481.4124261
2020-03-14 23:00:00,96.58,101.49,101.49,99.52,2248.2463436
2020-03-15 00:00:00,98.43,100.5,99.52,100.16,645.52660065
2020-03-15 01:00:00,98.4,100.44,100.0,98.4,386.13108889
2020-03-15 02:00:00,98.38,99.61,98.5,98.98,222.5709942
2020-03-15 03:00:00,98.58,99.68,99.11,98.94,170.24574059
2020-03-15 04:00:00,98.83,100.39,98.84,99.77,120.11092321
2020-03-15 05:00:00,99.55,100.35,99.93,100.0,58.15427366
2020-03-15 06:00:00,99.84,101.3,99.84,101.0,250.49759957
2020-03-15 07:00:00,99.67,101.01,100.67,100.63,300.27627345
2020-03-15 08:00:00,99.16,100.7,100.64,99.56,1042.42861839
2020-03-15 09:00:00,99.09,99.76,99.56,99.5,201.70878838
2020-03-15 10:00:00,99.1,103.1,99.5,102.69,1961.16917808
2020-03-15 11:00:00,102.21,103.49,102.89,102.67,148.21872406
2020-03-15 12:00:00,100.67,104.7,102.75,101.8,1641.32449845
2020-03-15 13:00:00,99.7,102.5,101.61,101.78,1277.01960154
2020-03-15 14:00:00,99.75,102.39,101.6,101.18,1259.10755101
2020-03-15 15:00:00,100.05,101.8,100.75,100.91,1046.42467278
2020-03-15 16:00:00,99.4,101.13,100.53,100.23,1367.88251351
2020-03-15 17:00:00,99.8,101.48,100.3,99.97,385.79853292
2020-03-15 18:00:00,99.8,100.89,99.92,100.4,265.93784751
2020-03-15 19:00:00,99.9,101.0,100.39,100.35,176.64309552
2020-03-15 20:00:00,97.64,100.39,100.35,97.95,501.87089905
2020-03-15 21:00:00,97.42,107.96,97.95,106.84,1955.50750826
2020-03-15 22:00:00,98.2,107.64,107.38,100.1,2743.74852125
2020-03-15 23:00:00,99.55,101.14,99.86,100.25,534.95989231
2020-03-16 00:00:00,96.54,100.22,100.21,98.48,817.02803031
2020-03-16 01:00:00,98.48,100.85,98.48,100.11,601.74125335
2020-03-16 02:00:00,99.84,101.32,99.86,100.26,334.3107972
2020-03-16 03:00:00,98.62,100.11,100.02,99.02,265.25732493
2020-03-16 04:00:00,98.31,99.25,98.93,98.34,213.46554307
2020-03-16 05:00:00,93.78,98.79,98.42,94.25,1388.76851499
2020-03-16 06:00:00,89.44,94.33,94.33,91.74,2462.44641396
2020-03-16 07:00:00,85.79,91.56,91.48,87.61,3363.51908217
2020-03-16 08:00:00,86.9,90.58,87.29,90.14,1903.34522464
2020-03-16 09:00:00,88.91,90.55,90.14,89.39,1643.08820415
2020-03-16 10:00:00,85.33,89.48,88.92,86.9,3195.25426508
2020-03-16 11:00:00,86.24,89.4,86.62,88.4,2433.0391322
2020-03-16 12:00:00,87.17,92.33,88.5,90.91,3140.80774473
2020-03-16 13:00:00,87.0,92.0,90.88,92.0,2753.37859443
2020-03-16 14:00:00,89.85,95.22,91.05,92.9,2144.37891556
2020-03-16 15:00:00,92.48,95.78,92.87,95.02,1298.38072017
2020-03-16 16:00:00,91.27,95.37,94.83,92.63,695.34504982
2020-03-16 17:00:00,91.9,94.4,92.42,93.52,416.84722023
2020-03-16 18:00:00,92.54,96.0,93.08,93.91,842.49862258
2020-03-16 19:00:00,88.87,94.67,93.95,89.76,2666.85094969
2020-03-16 20:00:00,88.55,91.63,90.31,89.6,777.53522607
2020-03-16 21:00:00,88.6,90.99,89.56,90.32,523.25846399
2020-03-16 22:00:00,87.67,90.99,89.95,88.15,909.08081217
2020-03-16 23:00:00,88.14,91.32,88.34,90.93,467.9742315
2020-03-17 00:00:00,89.94,92.0,91.18,91.96,261.37602802
2020-03-17 01:00:00,91.72,99.0,91.96,94.89,1672.20605265
2020-03-17 02:00:00,93.38,96.19,94.93,96.19,530.9712754
2020-03-17 03:00:00,94.92,96.8,96.04,96.5,200.03091883
2020-03-17 04:00:00,94.63,96.58,96.58,95.47,82.19467836
2020-03-17 05:00:00,95.53,96.6,95.58,96.39,125.12373433
2020-03-17 06:00:00,95.39,96.72,96.45,96.38,202.49296952
2020-03-17 07:00:00,96.12,98.9,96.37,98.0,1141.03715518
2020-03-17 08:00:00,96.01,99.38,98.0,96.54,1230.60410913
2020-03-17 09:00:00,95.0,97.25,96.51,96.42,621.18639624
2020-03-17 10:00:00,96.08,97.79,96.36,97.77,1474.81109263
2020-03-17 11:00:00,96.4,97.9,97.8,96.5,516.81962701
2020-03-17 12:00:00,95.56,98.57,96.53,95.95,605.3581711
2020-03-17 13:00:00,92.97,98.21,95.67,94.29,1238.87807795
2020-03-17 14:00:00,94.22,96.67,94.22,96.46,390.24280654
2020-03-17 15:00:00,96.29,98.45,96.46,98.27,835.5694236
2020-03-17 16:00:00,97.51,99.98,98.34,98.03,583.3548955
2020-03-17 17:00:00,97.45,98.69,97.77,98.5,359.34702087
2020-03-17 18:00:00,98.0,99.03,98.34,98.0,365.40593701
2020-03-17 19:00:00,97.44,98.88,97.9,98.31,200.20620289
2020-03-17 20:00:00,97.64,99.6,98.3,99.4,335.80048449
2020-03-17 21:00:00,97.95,100.0,99.17,98.05,501.12802666
2020-03-17 22:00:00,97.57,99.02,98.04,98.61,404.08961672
2020-03-17 23:00:00,96.44,98.93,98.29,97.02,791.08747352
2020-03-18 00:00:00,96.07,98.33,96.27,97.21,249.19164952
2020-03-18 01:00:00,96.74,97.66,97.09,97.02,89.33642301
2020-03-18 02:00:00,96.57,97.97,97.19,97.97,81.2015326
2020-03-18 03:00:00,97.25,97.81,97.51,97.25,14.64951483
2020-03-18 04:00:00,97.38,98.09,97.54,98.09,274.43821912
2020-03-18 05:00:00,96.24,98.13,98.05,96.47,324.93557778
2020-03-18 06:00:00,95.12,96.62,96.0,96.19,316.36832639
2020-03-18 07:00:00,92.89,95.94,95.81,94.09,812.0693506
2020-03-18 08:00:00,93.11,94.97,93.97,94.8,376.67739195
2020-03-18 09:00:00,93.73,95.86,94.57,93.98,408.43139491
2020-03-18 10:00:00,92.29,94.8,94.2,93.98,554.41504737
2020-03-18 11:00:00,93.8,95.5,93.8,94.69,320.73142518
2020-03-18 12:00:00,94.01,95.42,94.69,95.12,139.55690702
2020-03-18 13:00:00,93.41,98.84,95.17,98.4,2423.98821779
2020-03-18 14:00:00,97.23,99.28,98.49,97.6,1644.70208767
2020-03-18 15:00:00,97.0,99.5,97.87,98.81,665.96181533
2020-03-18 16:00:00,96.64,99.47,98.73,99.0,1192.31497364
2020-03-18 17:00:00,97.86,99.64,99.0,98.7,517.98172079
2020-03-18 18:00:00,98.0,99.65,98.86,99.64,381.61919616
2020-03-18 19:00:00,98.05,100.41,99.65,100.23,1125.98064217
2020-03-18 20:00:00,99.43,101.0,99.78,100.11,627.2845166
2020-03-18 21:00:00,99.69,100.77,99.76,100.77,401.08679078
2020-03-18 22:00:00,99.05,101.21,100.77,100.33,286.25643838
2020-03-18 23:00:00,99.81,102.12,100.04,101.74,578.17755251
2020-03-19 00:00:00,100.99,103.05,102.16,101.8,907.00152506
2020-03-19 01:00:00,101.87,102.98,102.28,102.15,355.63769761
2020-03-19 02:00:00,100.36,102.33,102.31,101.25,46.00778363
2020-03-19 03:00:00,100.73,101.76,101.29,101.2,37.44268249
2020-03-19 04:00:00,100.72,101.51,101.2,101.24,91.02504424
2020-03-19 05:00:00,101.63,102.58,101.88,102.45,31.61466049
2020-03-19 06:00:00,101.18,103.13,102.55,101.61,618.93488282
2020-03-19 07:00:00,101.47,104.46,101.58,104.13,262.09100274
2020-03-19 08:00:00,102.73,104.73,103.82,103.53,1089.83172059
2020-03-19 09:00:00,103.19,109.99,103.52,108.68,2274.26104423
2020-03-19 10:00:00,107.14,109.79,108.49,107.79,2724.27220118
2020-03-19 11:00:00,107.35,108.35,107.68,108.3,854.61970704
2020-03-19 12:00:00,108.11,113.51,108.14,111.89,4517.39434727
2020-03-19 13:00:00,107.37,112.24,111.61,109.81,2670.90124698
2020-03-19 14:00:00,108.39,111.08,110.11,108.88,1377.78475414
2020-03-19 15:00:00,108.55,110.64,108.81,110.58,1279.92858288
2020-03-19 16:00:00,109.77,121.73,110.65,117.46,5795.58713898
2020-03-19 17:00:00,116.75,121.77,117.47,120.62,1468.04827099
2020-03-19 18:00:00,117.3,121.0,120.92,117.3,1118.71069568
2020-03-19 19:00:00,116.0,119.25,117.3,118.98,1406.43552808
2020-03-19 20:00:00,118.01,120.0,118.73,120.0,486.30368973
2020-03-19 21:00:00,118.91,120.71,119.96,120.71,746.63181896
2020-03-19 22:00:00,120.56,125.89,120.57,123.61,2340.14272912
2020-03-19 23:00:00,119.14,124.18,123.35,119.5,1256.22146747
2020-03-20 00:00:00,119.09,122.44,119.5,120.27,570.18034708
2020-03-20 01:00:00,116.37,120.48,120.3,117.48,851.8302401
2020-03-20 02:00:00,116.76,118.3,117.48,117.28,101.84571786
2020-03-20 03:00:00,115.85,117.48,117.0,116.56,271.12613323
2020-03-20 04:00:00,115.65,118.6,116.46,117.82,85.20208039
2020-03-20 05:00:00,117.97,119.72,117.97,118.52,88.35535844
2020-03-20 06:00:00,116.82,118.71,118.71,118.32,622.13629332
2020-03-20 07:00:00,117.83,119.46,118.01,118.7,1400.92925073
2020-03-20 08:00:00,118.97,128.67,119.06,125.75,2153.62773914
2020-03-20 09:00:00,125.39,129.54,125.39,128.15,3836.4538095
2020-03-20 10:00:00,126.5,131.82,128.15,131.55,2688.74386881
2020-03-20 11:00:00,123.28,131.52,130.77,125.01,3966.75404143
2020-03-20 12:00:00,121.73,125.33,125.23,123.24,2002.70097259
2020-03-20 13:00:00,116.48,123.03,122.82,119.39,2260.99777055
2020-03-20 14:00:00,119.4,122.79,119.9,121.83,1666.05872959
2020-03-20 15:00:00,120.08,122.32,121.8,122.07,592.80407852
2020-03-20 16:00:00,116.33,123.79,122.44,118.86,2184.59485272
2020-03-20 17:00:00,117.08,120.47,118.97,119.44,1255.74464183
2020-03-20 18:00:00,112.02,119.5,119.44,112.75,1654.72792013
2020-03-20 19:00:00,111.82,116.14,112.85,114.0,1456.46573798
2020-03-20 20:00:00,100.25,113.6,113.6,108.05,4715.18148549
2020-03-20 21:00:00,107.01,113.19,107.66,113.19,1179.96927203
2020-03-20 22:00:00,110.24,118.0,113.45,113.83,1411.57223747
2020-03-20 23:00:00,110.39,115.08,113.22,114.66,585.25104893
2020-03-21 00:00:00,111.86,115.42,115.3,113.26,220.62097464
2020-03-21 01:00:00,112.74,116.61,112.74,116.61,915.09109824
2020-03-21 02:00:00,115.5,118.54,116.94,116.34,255.4261936
2020-03-21 03:00:00,114.18,116.38,116.38,115.99,164.43994951
2020-03-21 04:00:00,114.52,116.94,116.12,114.57,88.31352957
2020-03-21 05:00:00,111.76,114.72,114.65,111.76,221.13901136
2020-03-21 06:00:00,110.54,114.83,111.38,114.59,263.48680866
2020-03-21 07:00:00,112.32,114.18,114.18,112.86,172.32222391
2020-03-21 08:00:00,111.05,113.5,112.46,112.81,400.97032525
2020-03-21 09:00:00,109.46,113.17,113.01,111.3,404.64463653
2020-03-21 10:00:00,109.86,111.47,110.33,110.14,92.84697622
2020-03-21 11:00:00,108.49,112.66,110.47,112.66,535.26864153
2020-03-21 12:00:00,112.34,114.55,112.5,113.11,474.09350683
2020-03-21 13:00:00,113.46,115.71,113.64,114.24,384.9795279
2020-03-21 14:00:00,113.01,114.96,113.84,113.73,346.25540189
2020-03-21 15:00:00,113.16,115.6,114.17,115.6,413.47995791
2020-03-21 16:00:00,112.88,115.43,115.37,112.92,300.58606071
2020-03-21 17:00:00,111.0,114.0,113.72,111.67,429.07251536
2020-03-21 18:00:00,111.05,114.57,111.8,114.33,306.16806211
2020-03-21 19:00:00,114.19,115.69,114.29,114.85,277.21362408
2020-03-21 20:00:00,113.93,117.91,114.79,116.59,955.02775089
2020-03-21 21:00:00,113.71,118.47,116.67,115.1,620.4039768
2020-03-21 22:00:00,113.49,116.44,114.65,115.37,674.57682638
2020-03-21 23:00:00,114.09,115.45,115.38,114.56,163.31959855
2020-03-22 00:00:00,112.98,114.54,114.37,114.54,193.85435397
2020-03-22 01:00:00,114.15,116.45,114.2,116.08,130.00694289
2020-03-22 02:00:00,115.27,117.21,116.22,115.7,46.81060312
2020-03-22 03:00:00,115.02,117.5,115.38,117.48,39.2443304
2020-03-22 04:00:00,116.13,117.72,117.72,116.44,13.6174645
2020-03-22 05:00:00,116.55,117.72,116.55,117.39,33.9077146
2020-03-22 06:00:00,116.2,118.02,117.53,116.27,74.11705204
2020-03-22 07:00:00,116.06,117.14,116.27,116.31,91.88076626
2020-03-22 08:00:00,114.34,116.81,116.23,114.76,601.95297344
2020-03-22 09:00:00,114.39,116.08,114.89,115.98,121.55048325
2020-03-22 10:00:00,114.41,116.29,115.63,114.94,244.72616682
2020-03-22 11:00:00,113.2,115.41,114.93,113.59,115.95220538
2020-03-22 12:00:00,109.51,113.37,113.37,110.8,1393.59380036
2020-03-22 13:00:00,109.94,112.6,110.82,111.48,442.09263315
2020-03-22 14:00:00,110.46,112.09,111.59,111.13,82.87472088
2020-03-22 15:00:00,108.53,111.49,111.19,111.27,727.61113226
2020-03-22 16:00:00,108.85,112.08,111.0,109.64,194.11202258
2020-03-22 17:00:00,107.87,110.42,109.37,108.93,690.24232499
2020-03-22 18:00:00,107.21,109.69,108.97,108.94,1149.56621414
2020-03-22 19:00:00,107.08,108.84,108.84,107.24,410.93861701
2020-03-22 20:00:00,105.51,108.7,107.06,107.45,1044.63679133
2020-03-22 21:00:00,107.42,110.84,107.42,109.28,1468.35674712
2020-03-22 22:00:00,106.27,109.48,109.42,106.81,619.36489172
2020-03-22 23:00:00,104.8,107.41,106.46,105.66,921.16649794
2020-03-23 00:00:00,103.52,108.8,105.6,107.5,1635.80645351
2020-03-23 01:00:00,106.07,107.72,107.36,106.81,128.98455434
2020-03-23 02:00:00,105.69,107.19,106.94,107.14,27.91069927
2020-03-23 03:00:00,106.83,108.54,107.31,107.97,87.34844761
2020-03-23 04:00:00,107.22,108.53,107.97,107.38,27.55703528
2020-03-23 05:00:00,106.31,107.73,107.52,106.88,117.78974449
2020-03-23 06:00:00,106.66,107.71,106.81,107.66,279.2300165
2020-03-23 07:00:00,106.7,107.78,107.53,106.7,164.81313235
2020-03-23 08:00:00,104.81,107.88,107.19,105.12,482.75166619
2020-03-23 09:00:00,104.37,106.39,105.16,105.67,532.12185503
2020-03-23 10:00:00,105.93,107.39,105.94,107.39,200.20967539
2020-03-23 11:00:00,106.75,109.32,107.6,107.11,413.22025093
2020-03-23 12:00:00,107.38,116.4,107.38,114.47,3115.04767714
2020-03-23 13:00:00,111.09,119.08,114.55,112.83,3151.3145605
2020-03-23 14:00:00,111.62,113.38,112.9,112.11,334.51472834
2020-03-23 15:00:00,111.09,113.71,112.13,112.79,361.43545031
2020-03-23 16:00:00,112.72,116.0,112.97,115.83,486.90379282
2020-03-23 17:00:00,112.9,116.26,115.89,113.0,649.22323394
2020-03-23 18:00:00,112.54,114.11,113.0,113.14,296.50891712
2020-03-23 19:00:00,112.71,114.25,113.28,114.17,330.36422771
2020-03-23 20:00:00,113.33,115.47,113.81,114.8,485.78021299
2020-03-23 21:00:00,113.68,115.94,114.62,114.56,296.20929114
2020-03-23 22:00:00,113.65,115.5,114.64,115.5,435.59214853
2020-03-23 23:00:00,115.55,117.98,115.58,117.91,1024.28019917
2020-03-24 00:00:00,115.87,118.98,118.0,116.94,742.40822698
2020-03-24 01:00:00,116.04,117.89,116.72,116.48,223.78189078
2020-03-24 02:00:00,116.28,117.35,116.28,117.35,129.90670162
2020-03-24 03:00:00,115.78,117.69,117.03,115.78,47.62152677
2020-03-24 04:00:00,115.0,115.99,115.84,115.17,97.93725089
2020-03-24 05:00:00,115.36,116.17,115.36,116.15,90.04359231
2020-03-24 06:00:00,115.77,117.44,115.77,117.02,249.01140603
2020-03-24 07:00:00,116.98,118.7,117.0,117.19,324.03279257
2020-03-24 08:00:00,117.17,123.88,117.17,121.02,2049.50642945
2020-03-24 09:00:00,120.23,123.41,120.71,120.57,1523.42172168
2020-03-24 10:00:00,119.02,121.53,120.63,119.8,1252.20478478
2020-03-24 11:00:00,118.51,121.18,119.64,120.67,706.30139093
2020-03-24 12:00:00,117.0,120.53,120.53,118.34,591.71953357
2020-03-24 13:00:00,117.86,119.55,118.08,118.35,793.72951196
2020-03-24 14:00:00,117.61,119.33,118.08,118.06,1260.5104753
2020-03-24 15:00:00,115.22,118.39,117.99,116.24,1288.82733052
2020-03-24 16:00:00,114.5,117.26,116.04,116.05,313.89693746
2020-03-24 17:00:00,115.95,117.44,115.99,117.19,214.26118536
2020-03-24 18:00:00,115.8,117.43,117.19,116.84,708.32801108
2020-03-24 19:00:00,116.57,119.52,116.86,119.36,597.12502704
2020-03-24 20:00:00,118.27,119.9,119.22,119.07,443.5941409
2020-03-24 21:00:00,116.4,119.35,118.97,118.06,592.89566272
2020-03-24 22:00:00,117.55,119.49,117.94,119.22,292.28197043
2020-03-24 23:00:00,117.91,119.13,118.94,117.91,74.18376104
2020-03-25 00:00:00,116.73,120.45,117.9,119.33,1145.09372547
2020-03-25 01:00:00,117.21,120.25,119.31,117.21,785.5042953
2020-03-25 02:00:00,116.33,118.63,117.75,117.18,207.08349488
2020-03-25 03:00:00,115.01,117.03,116.4,115.92,437.87062108
2020-03-25 04:00:00,115.34,116.71,115.73,116.69,153.84912657
2020-03-25 05:00:00,116.55,117.8,117.1,117.8,138.84275607
2020-03-25 06:00:00,117.07,117.94,117.33,117.84,11.43177118
2020-03-25 07:00:00,116.82,117.71,117.63,117.44,280.80520229
2020-03-25 08:00:00,116.6,118.16,117.2,117.92,153.7976529
2020-03-25 09:00:00,117.64,119.86,117.75,118.01,1279.65882975
2020-03-25 10:00:00,114.56,118.99,118.12,115.45,2498.85984309
2020-03-25 11:00:00,112.44,116.06,115.53,113.88,1097.07674469
2020-03-25 12:00:00,113.64,115.32,113.92,114.99,331.60784857
2020-03-25 13:00:00,114.92,117.3,115.25,115.0,922.08632471
2020-03-25 14:00:00,114.43,117.1,114.85,116.68,434.84233492
2020-03-25 15:00:00,116.0,117.5,116.59,116.25,413.01987728
2020-03-25 16:00:00,115.35,116.72,116.0,115.74,185.27529225
2020-03-25 17:00:00,115.36,116.27,115.54,115.9,70.13338756
2020-03-25 18:00:00,114.49,115.77,115.57,115.44,187.05516013
2020-03-25 19:00:00,114.72,115.78,115.56,115.07,100.15351051
2020-03-25 20:00:00,114.26,115.14,114.98,114.6,374.18581562
2020-03-25 21:00:00,113.15,114.6,114.6,113.33,353.62950058
2020-03-25 22:00:00,113.61,115.6,113.61,115.6,257.79345942
2020-03-25 23:00:00,115.0,116.0,115.59,116.0,331.13162338
2020-03-26 00:00:00,115.38,116.9,115.98,116.0,236.3440013
2020-03-26 01:00:00,115.37,116.39,116.0,115.66,124.73776129
2020-03-26 02:00:00,114.88,115.83,115.5,115.44,104.84769329
2020-03-26 03:00:00,115.31,116.42,115.5,116.42,196.58860449
2020-03-26 04:00:00,116.16,117.25,116.16,116.37,375.73312556
2020-03-26 05:00:00,114.28,116.39,116.22,114.28,29.9268525
2020-03-26 06:00:00,114.0,115.23,114.22,114.66,373.62440078
2020-03-26 07:00:00,113.74,114.92,114.75,113.95,396.72569976
2020-03-26 08:00:00,113.3,114.07,113.96,114.0,547.33912156
2020-03-26 09:00:00,113.42,114.89,114.0,114.22,473.83386283
2020-03-26 10:00:00,113.49,114.67,114.2,113.49,662.61886656
2020-03-26 11:00:00,112.68,114.29,113.69,113.14,176.49697258
2020-03-26 12:00:00,112.6,113.47,113.16,113.03,264.5460321
2020-03-26 13:00:00,111.87,113.56,113.11,112.99,860.23256873
2020-03-26 14:00:00,112.1,113.47,112.68,112.22,467.17536242
2020-03-26 15:00:00,111.37,112.38,112.13,111.39,743.96034241
2020-03-26 16:00:00,110.65,111.55,111.54,111.26,307.70770128
2020-03-26 17:00:00,111.0,112.23,111.13,111.25,923.33876814
2020-03-26 18:00:00,111.35,112.06,111.44,111.65,340.25890667
2020-03-26 19:00:00,111.11,111.86,111.68,111.55,475.12239769
2020-03-26 20:00:00,111.26,112.74,111.39,112.52,466.04141219
2020-03-26 21:00:00,112.28,113.87,112.41,112.4,410.77285068
2020-03-26 22:00:00,111.77,112.78,112.46,112.78,168.03270825
2020-03-26 23:00:00,112.8,115.13,112.8,114.5,989.77884311
2020-03-27 00:00:00,114.42,116.65,114.42,114.68,397.51633969
2020-03-27 01:00:00,113.82,115.21,114.73,114.67,273.42933352
2020-03-27 02:00:00,113.81,114.67,114.4,114.21,65.1529295
2020-03-27 03:00:00,113.83,114.36,114.11,113.87,62.89908657
2020-03-27 04:00:00,113.76,115.27,114.13,113.76,39.45047387
2020-03-27 05:00:00,111.86,113.38,113.38,112.15,331.38914485
2020-03-27 06:00:00,112.01,113.05,112.01,112.92,85.85043518
2020-03-27 07:00:00,112.52,113.84,112.71,113.27,99.66450104
2020-03-27 08:00:00,112.39,113.32,113.19,112.96,301.37517019
2020-03-27 09:00:00,112.1,113.06,112.9,112.1,481.64921035
2020-03-27 10:00:00,111.0,112.04,112.0,111.47,253.13330224
2020-03-27 11:00:00,111.09,112.63,111.11,111.83,335.35753723
2020-03-27 12:00:00,111.13,112.11,111.58,111.33,129.06435276
2020-03-27 13:00:00,110.45,111.39,111.05,110.71,293.42984411
2020-03-27 14:00:00,110.36,111.15,110.8,110.78,361.0115305
2020-03-27 15:00:00,110.31,111.36,110.77,110.68,233.03508687
2020-03-27 16:00:00,109.57,110.77,110.68,110.26,275.77944704
2020-03-27 17:00:00,109.97,110.75,110.62,110.41,541.39819566
2020-03-27 18:00:00,110.0,111.14,110.2,110.29,196.97111085
2020-03-27 19:00:00,110.04,110.83,110.36,110.11,287.82859435
2020-03-27 20:00:00,109.69,110.86,110.16,110.83,196.40906791
2020-03-27 21:00:00,110.06,111.31,111.03,110.84,288.99126319
2020-03-27 22:00:00,110.01,110.86,110.54,110.5,96.55165942
2020-03-27 23:00:00,104.99,110.61,110.4,105.82,1490.05714734
2020-03-28 00:00:00,103.3,105.8,105.8,105.34,1254.73673483
2020-03-28 01:00:00,104.07,105.3,105.3,104.7,454.2113653
2020-03-28 02:00:00,104.62,105.8,104.7,105.23,350.37830292
2020-03-28 03:00:00,102.29,105.23,105.23,103.65,248.37804798
2020-03-28 04:00:00,102.45,109.93,103.53,106.94,741.1370373
2020-03-28 05:00:00,104.95,107.52,106.58,106.0,162.42306436
2020-03-28 06:00:00,104.76,110.0,106.16,106.67,350.39499918
2020-03-28 07:00:00,103.73,108.83,106.68,104.18,1669.0068107
2020-03-28 08:00:00,103.84,106.49,104.03,104.78,1050.124931
2020-03-28 09:00:00,104.0,105.18,104.87,104.5,691.52670133
2020-03-28 10:00:00,103.67,104.52,104.26,104.13,239.76508643
2020-03-28 11:00:00,103.37,104.77,104.33,103.37,346.22810443
2020-03-28 12:00:00,103.01,104.0,103.33,103.85,306.38408333
2020-03-28 13:00:00,102.49,104.02,103.79,103.6,694.93707039
2020-03-28 14:00:00,103.63,104.58,103.71,104.25,394.51278498
2020-03-28 15:00:00,103.4,104.44,104.42,103.7,158.36130886
2020-03-28 16:00:00,103.29,104.22,103.6,103.9,369.5753853
2020-03-28 17:00:00,101.25,103.81,103.66,101.25,404.05944455
2020-03-28 18:00:00,101.12,108.85,101.25,103.25,3859.84230875
2020-03-28 19:00:00,103.21,105.0,103.49,104.43,347.32808873
2020-03-28 20:00:00,104.85,107.39,104.99,105.4,480.41682181
2020-03-28 21:00:00,104.67,107.0,105.4,105.99,2468.4929715
2020-03-28 22:00:00,104.96,106.92,106.0,105.69,320.52736498
2020-03-28 23:00:00,104.75,106.02,105.62,106.0,131.07378907
2020-03-29 00:00:00,104.78,106.43,106.1,105.28,65.43429236
2020-03-29 01:00:00,104.11,105.29,105.29,104.66,205.73472876
2020-03-29 02:00:00,104.64,105.28,105.0,104.7,39.47478222
2020-03-29 03:00:00,104.33,104.94,104.74,104.94,17.22728868
2020-03-29 04:00:00,104.67,104.97,104.67,104.8,44.08513654
2020-03-29 05:00:00,103.9,104.97,104.95,103.9,23.34746759
2020-03-29 06:00:00,103.97,104.29,104.17,104.29,14.77571667
2020-03-29 07:00:00,103.64,104.4,104.4,104.14,61.91660048
2020-03-29 08:00:00,103.13,104.16,103.97,104.14,115.06936344
2020-03-29 09:00:00,103.58,104.3,104.13,103.61,59.18599921
2020-03-29 10:00:00,103.39,104.88,103.55,104.27,271.61075828
2020-03-29 11:00:00,103.92,104.58,104.31,104.08,47.74452844
2020-03-29 12:00:00,103.23,104.03,103.76,103.54,242.03435101
2020-03-29 13:00:00,103.4,104.0,103.54,103.99,103.90209839
2020-03-29 14:00:00,103.8,104.0,103.98,103.98,276.36544833
2020-03-29 15:00:00,103.62,104.0,103.98,103.69,121.83659269
2020-03-29 16:00:00,103.0,104.29,103.69,103.23,383.72433161
2020-03-29 17:00:00,102.85,103.53,103.26,103.29,166.41181711
2020-03-29 18:00:00,102.02,103.39,103.24,102.32,275.53571654
2020-03-29 19:00:00,100.58,102.83,102.24,100.58,985.7817322
2020-03-29 20:00:00,100.02,101.67,100.75,101.47,526.66715595
2020-03-29 21:00:00,100.6,101.74,101.47,100.6,503.26926476
2020-03-29 22:00:00,100.12,102.24,100.56,101.31,1777.18060522
2020-03-29 23:00:00,100.01,101.76,101.38,100.01,391.25153947
2020-03-30 00:00:00,100.1,102.39,100.26,101.22,321.84363695
2020-03-30 01:00:00,100.98,102.09,101.2,101.72,224.02063328
2020-03-30 02:00:00,102.03,102.75,102.03,102.69,23.99299472
2020-03-30 03:00:00,102.38,102.97,102.63,102.77,4.87881477
2020-03-30 04:00:00,102.71,104.02,102.86,104.02,198.84920235
2020-03-30 05:00:00,103.69,105.6,103.89,105.12,287.4119914
2020-03-30 06:00:00,104.59,106.97,105.18,105.47,359.08373296
2020-03-30 07:00:00,105.52,106.95,105.52,105.78,504.64592249
2020-03-30 08:00:00,105.71,106.66,105.71,106.18,191.7326025
2020-03-30 09:00:00,105.62,106.67,106.28,106.04,238.23757474
2020-03-30 10:00:00,105.67,106.97,105.76,106.26,479.74497396
2020-03-30 11:00:00,106.42,108.89,106.42,108.22,284.28658937
2020-03-30 12:00:00,106.57,108.53,108.22,107.15,265.2614062
2020-03-30 13:00:00,106.7,107.57,107.15,106.78,826.22862561
2020-03-30 14:00:00,106.4,107.0,106.75,106.83,129.34109363
2020-03-30 15:00:00,106.7,108.42,106.7,107.14,484.48472742
2020-03-30 16:00:00,106.58,107.99,106.88,107.72,139.2867173
2020-03-30 17:00:00,106.95,107.83,107.73,107.17,132.241795
2020-03-30 18:00:00,106.61,107.35,107.17,107.04,182.64090516
2020-03-30 19:00:00,106.75,107.48,107.14,106.77,164.22710659
2020-03-30 20:00:00,107.06,108.89,107.06,108.33,345.92781331
2020-03-30 21:00:00,107.78,109.0,108.33,108.74,274.9971955
2020-03-30 22:00:00,108.02,109.59,108.62,108.15,330.43346308
2020-03-30 23:00:00,106.91,108.47,108.15,107.07,184.65865639
2020-03-31 00:00:00,106.91,108.41,106.91,107.58,106.55502718
2020-03-31 01:00:00,107.51,109.11,107.59,109.11,62.29695327
2020-03-31 02:00:00,108.12,108.78,108.78,108.13,49.67698472
2020-03-31 03:00:00,106.73,108.12,108.12,107.06,309.86834874
2020-03-31 04:00:00,106.35,107.38,106.98,106.52,25.50700095
2020-03-31 05:00:00,106.01,107.33,106.4,106.98,313.78977937
2020-03-31 06:00:00,106.27,107.95,106.56,107.61,150.78638807
2020-03-31 07:00:00,107.25,107.87,107.64,107.56,293.64829475
2020-03-31 08:00:00,107.22,108.62,107.55,108.62,359.97975938
2020-03-31 09:00:00,107.31,108.5,108.5,107.39,516.1682914
2020-03-31 10:00:00,106.89,107.78,107.47,107.49,116.7059964
2020-03-31 11:00:00,106.78,107.68,107.5,107.12,380.18177774
2020-03-31 12:00:00,106.38,107.42,107.2,107.42,148.83469919
2020-03-31 13:00:00,106.75,107.75,107.28,106.95,234.50525415
2020-03-31 14:00:00,106.84,107.85,106.97,107.39,241.05600518
2020-03-31 15:00:00,106.75,107.72,107.48,107.28,283.0051936
2020-03-31 16:00:00,106.73,107.72,106.95,106.97,148.96529521
2020-03-31 17:00:00,106.97,107.99,107.0,107.49,157.22032785
2020-03-31 18:00:00,106.89,107.96,107.41,107.37,139.38278454
2020-03-31 19:00:00,107.05,108.25,107.14,107.65,380.15441845
2020-03-31 20:00:00,107.65,109.17,107.65,108.97,190.9729531
2020-03-31 21:00:00,107.93,109.86,108.67,108.45,645.42121885
2020-03-31 22:00:00,107.89,108.91,108.5,108.36,217.60188797
2020-03-31 23:00:00,107.34,108.35,108.19,107.34,147.98321488
2020-04-01 00:00:00,105.98,108.0,107.58,106.85,756.53370303
2020-04-01 01:00:00,106.3,106.96,106.64,106.8,45.82719159
2020-04-01 02:00:00,106.52,107.18,106.52,106.89,32.54851549
2020-04-01 03:00:00,106.95,107.89,106.95,107.58,25.97783
2020-04-01 04:00:00,107.36,107.77,107.64,107.36,2.85913292
2020-04-01 05:00:00,106.66,107.51,107.17,106.82,78.63620312
2020-04-01 06:00:00,106.67,107.47,106.85,107.39,80.84169291
2020-04-01 07:00:00,107.01,107.92,107.21,107.28,51.41526215
2020-04-01 08:00:00,107.0,107.42,107.27,107.19,122.42396264
2020-04-01 09:00:00,106.72,107.2,107.03,107.2,343.17179923
2020-04-01 10:00:00,106.71,107.25,107.17,106.81,305.52185301
2020-04-01 11:00:00,106.58,107.14,107.0,107.1,227.19282504
2020-04-01 12:00:00,106.06,108.13,107.14,106.28,244.75416884
2020-04-01 13:00:00,105.3,106.75,106.33,105.72,345.10538435
2020-04-01 14:00:00,105.55,108.0,105.72,106.24,496.82037884
2020-04-01 15:00:00,106.0,106.68,106.47,106.3,152.27074932
2020-04-01 16:00:00,103.75,106.06,106.06,104.76,2036.9067201
2020-04-01 17:00:00,104.56,105.3,104.8,105.11,406.69932999
2020-04-01 18:00:00,104.77,105.51,105.16,105.14,371.92479255
2020-04-01 19:00:00,104.5,105.28,105.09,105.02,370.71096187
2020-04-01 20:00:00,105.12,107.4,105.18,107.02,382.132238
2020-04-01 21:00:00,106.48,107.34,106.97,106.74,229.67860452
2020-04-01 22:00:00,106.64,108.98,106.74,107.97,1660.33669515
2020-04-01 23:00:00,107.72,110.88,107.89,109.76,515.19860969
2020-04-02 00:00:00,109.38,112.19,110.05,109.7,636.19860234
2020-04-02 01:00:00,109.6,109.88,109.7,109.6,24.5591
2020-04-02 02:00:00,109.5,110.14,109.55,109.79,81.57892707
2020-04-02 03:00:00,108.91,110.13,109.83,109.52,101.2163901
2020-04-02 04:00:00,109.19,110.14,109.45,109.39,44.71972998
2020-04-02 05:00:00,109.04,110.0,109.39,110.0,286.49718396
2020-04-02 06:00:00,109.52,111.0,109.83,111.0,225.54919519
2020-04-02 07:00:00,110.14,111.25,110.54,110.83,226.59692665
2020-04-02 08:00:00,108.89,111.42,111.01,110.97,429.94754737
2020-04-02 09:00:00,110.1,110.92,110.71,110.12,215.60934237
2020-04-02 10:00:00,110.0,110.99,110.06,110.47,137.00403679
2020-04-02 11:00:00,110.32,112.0,110.4,111.52,143.46258131
2020-04-02 12:00:00,110.39,112.7,111.5,111.03,515.52412987
2020-04-02 13:00:00,110.39,112.11,110.75,110.75,293.42625975
2020-04-02 14:00:00,110.53,113.25,110.53,112.52,384.45371509
2020-04-02 15:00:00,111.43,113.0,112.36,112.75,389.1836152
2020-04-02 16:00:00,112.21,116.53,112.49,116.3,1717.63013174
2020-04-02 17:00:00,116.04,121.05,116.04,117.12,4171.70941092
2020-04-02 18:00:00,113.02,117.13,116.85,113.11,1044.10567693
2020-04-02 19:00:00,112.5,114.77,113.02,114.0,564.00650063
2020-04-02 20:00:00,109.91,113.99,113.7,113.2,2716.5779201
2020-04-02 21:00:00,113.03,115.0,113.03,114.82,198.00039609
2020-04-02 22:00:00,113.67,115.36,114.69,114.89,571.14043288
2020-04-02 23:00:00,113.3,114.91,114.89,113.89,141.77330277
2020-04-03 00:00:00,113.75,114.67,114.2,113.96,313.10328898
2020-04-03 01:00:00,113.36,115.06,114.13,115.05,47.5376649
2020-04-03 02:00:00,114.28,115.0,114.92,114.79,44.3390552
2020-04-03 03:00:00,114.64,115.2,115.0,114.64,323.53105614
2020-04-03 04:00:00,114.21,115.06,114.77,114.78,7.73542051
2020-04-03 05:00:00,114.01,114.71,114.53,114.36,35.57437398
2020-04-03 06:00:00,114.31,115.44,114.31,115.14,66.53858501
2020-04-03 07:00:00,115.03,117.62,115.09,117.49,342.61693639
2020-04-03 08:00:00,116.19,118.08,117.5,117.41,532.80006157
2020-04-03 09:00:00,116.86,118.75,117.39,118.42,551.09135429
2020-04-03 10:00:00,117.5,119.23,118.09,119.23,345.10371968
2020-04-03 11:00:00,118.03,119.78,119.15,119.19,860.45477594
2020-04-03 12:00:00,117.23,119.59,119.22,118.2,1186.6372275
2020-04-03 13:00:00,117.16,118.52,118.19,117.16,716.01505107
2020-04-03 14:00:00,115.25,118.08,117.0,115.68,1440.1170777
2020-04-03 15:00:00,115.3,116.83,115.69,116.14,889.59976026
2020-04-03 16:00:00,113.02,116.18,115.84,115.78,825.76041005
2020-04-03 17:00:00,114.7,116.55,115.81,115.04,664.24387773
2020-04-03 18:00:00,114.5,115.9,115.39,115.78,492.00619775
2020-04-03 19:00:00,115.47,116.99,116.0,116.33,324.79528121
2020-04-03 20:00:00,114.76,116.85,116.38,115.04,194.1131413
2020-04-03 21:00:00,114.35,116.05,114.85,115.37,287.49009741
2020-04-03 22:00:00,114.89,115.89,115.26,115.89,61.11938727
2020-04-03 23:00:00,115.42,116.3,115.92,115.66,65.9257915
2020-04-04 00:00:00,114.8,115.96,115.37,115.6,81.49559069
2020-04-04 01:00:00,115.28,116.15,115.44,115.42,341.30521212
2020-04-04 02:00:00,114.25,115.47,115.47,114.48,133.23944501
2020-04-04 03:00:00,113.74,114.57,114.02,114.02,3.23048701
2020-04-04 04:00:00,113.86,115.06,113.86,114.88,11.16875379
2020-04-04 05:00:00,114.57,115.21,114.64,114.58,17.05171763
2020-04-04 06:00:00,114.3,115.29,114.58,115.22,23.97045992
2020-04-04 07:00:00,115.04,115.83,115.04,115.83,43.04935123
2020-04-04 08:00:00,115.55,116.36,115.55,115.93,60.92706635
2020-04-04 09:00:00,115.5,117.49,115.89,117.22,446.67373122
2020-04-04 10:00:00,116.58,117.91,117.05,117.55,418.59646246
2020-04-04 11:00:00,114.58,117.55,117.28,115.42,425.68010655
2020-04-04 12:00:00,114.65,115.82,115.03,115.5,239.33225813
2020-04-04 13:00:00,115.13,116.21,115.42,116.01,158.09592774
2020-04-04 14:00:00,115.76,116.27,116.02,116.05,71.69170217
2020-04-04 15:00:00,115.8,116.99,115.86,116.66,436.17820866
2020-04-04 16:00:00,116.21,117.83,116.35,117.32,286.69613976
2020-04-04 17:00:00,116.76,118.03,117.33,117.05,262.00105236
2020-04-04 18:00:00,116.47,117.41,116.69,117.26,172.51164371
2020-04-04 19:00:00,116.41,117.26,117.19,117.11,171.74560916
2020-04-04 20:00:00,115.86,119.18,116.8,117.17,792.37108503
2020-04-04 21:00:00,117.1,118.64,117.24,117.89,149.33694359
2020-04-04 22:00:00,117.0,118.42,117.34,117.83,234.55512355
2020-04-04 23:00:00,117.24,118.0,117.64,117.91,38.11231055
2020-04-05 00:00:00,117.64,118.99,117.83,118.21,88.51469773
2020-04-05 01:00:00,117.81,118.72,117.83,117.89,36.87661064
2020-04-05 02:00:00,117.55,118.08,117.87,118.08,34.55193673
2020-04-05 03:00:00,117.17,118.32,117.84,117.17,59.12916124
2020-04-05 04:00:00,116.61,117.21,117.18,116.61,41.39477881
2020-04-05 05:00:00,116.54,117.56,116.91,116.54,40.92203735
2020-04-05 06:00:00,116.2,116.83,116.48,116.67,4.0426709
2020-04-05 07:00:00,116.33,116.94,116.62,116.48,60.78596337
2020-04-05 08:00:00,116.2,117.03,116.48,117.03,97.12099745
2020-04-05 09:00:00,116.49,117.48,116.6,116.59,161.43410068
2020-04-05 10:00:00,116.33,116.94,116.6,116.58,704.20232907
2020-04-05 11:00:00,116.79,117.2,116.88,117.0,93.82699532
2020-04-05 12:00:00,116.84,117.2,116.93,117.2,91.94928738
2020-04-05 13:00:00,117.11,117.88,117.12,117.72,609.66300102
2020-04-05 14:00:00,117.02,117.59,117.27,117.21,66.92689111
2020-04-05 15:00:00,117.0,117.8,117.0,117.52,251.91791906
2020-04-05 16:00:00,116.66,117.32,117.09,116.71,513.65553725
2020-04-05 17:00:00,114.89,116.95,116.7,116.75,1163.76842304
2020-04-05 18:00:00,116.35,117.47,116.81,116.88,278.77043904
2020-04-05 19:00:00,116.61,117.4,116.61,117.02,116.31992661
2020-04-05 20:00:00,116.06,116.99,116.69,116.5,114.62618664
2020-04-05 21:00:00,116.05,117.0,116.36,117.0,356.40045824
2020-04-05 22:00:00,116.66,117.47,116.95,117.19,311.04912582
2020-04-05 23:00:00,116.8,117.39,117.27,117.08,49.40943777
2020-04-06 00:00:00,117.05,118.4,117.05,118.11,390.56911075
2020-04-06 01:00:00,117.61,118.45,118.25,117.83,37.72680818
2020-04-06 02:00:00,117.14,118.06,117.94,117.56,20.54031598
2020-04-06 03:00:00,117.64,118.11,117.64,118.11,227.79801008
2020-04-06 04:00:00,118.11,121.74,118.11,121.74,916.48155021
2020-04-06 05:00:00,120.53,122.15,121.25,121.67,399.94836747
2020-04-06 06:00:00,121.31,123.91,121.72,122.76,428.02909826
2020-04-06 07:00:00,121.1,123.46,122.81,121.47,396.49026976
2020-04-06 08:00:00,121.55,122.83,121.55,122.12,303.1436807
2020-04-06 09:00:00,121.83,126.34,121.83,125.6,1167.93165044
2020-04-06 10:00:00,124.35,126.49,125.67,124.69,930.80914679
2020-04-06 11:00:00,124.34,125.77,124.34,125.35,250.24686062
2020-04-06 12:00:00,125.0,128.13,125.35,127.0,2040.156697
2020-04-06 13:00:00,126.25,129.68,127.09,127.49,1193.05861306
2020-04-06 14:00:00,125.91,127.83,127.14,127.5,750.46752348
2020-04-06 15:00:00,127.28,131.59,127.45,131.59,1847.50817589
2020-04-06 16:00:00,130.74,134.34,131.38,133.25,2416.35399475
2020-04-06 17:00:00,132.26,135.36,133.38,135.0,1263.66454473
2020-04-06 18:00:00,133.14,135.52,134.86,135.3,788.1902342
2020-04-06 19:00:00,135.01,136.84,135.32,135.63,973.79801935
2020-04-06 20:00:00,132.13,135.79,135.45,134.11,1845.96038019
2020-04-06 21:00:00,133.63,136.07,133.98,135.6,333.50417015
2020-04-06 22:00:00,134.7,135.94,135.94,135.94,592.31890881
2020-04-06 23:00:00,135.33,140.68,135.94,140.68,1060.30745248
2020-04-07 00:00:00,140.04,144.82,140.23,140.26,2007.3582994
2020-04-07 01:00:00,138.51,141.99,140.11,138.8,424.71125839
2020-04-07 02:00:00,136.74,139.74,138.41,138.93,444.50576184
2020-04-07 03:00:00,137.5,139.74,138.64,139.43,584.84618396
2020-04-07 04:00:00,137.45,139.25,139.25,137.86,194.265759
2020-04-07 05:00:00,137.77,139.4,137.89,138.97,409.24680452
2020-04-07 06:00:00,137.77,139.26,138.92,139.26,304.93699235
2020-04-07 07:00:00,138.97,142.17,139.13,141.45,1342.01623826
2020-04-07 08:00:00,140.0,141.63,141.63,141.03,866.67460702
2020-04-07 09:00:00,140.23,141.56,140.85,141.56,1427.898213
2020-04-07 10:00:00,141.43,143.3,141.56,142.63,1588.80369578
2020-04-07 11:00:00,140.19,142.85,142.85,140.44,957.32988432
2020-04-07 12:00:00,138.3,142.01,140.18,138.45,1391.51693507
2020-04-07 13:00:00,138.3,140.37,138.3,138.86,1115.27346862
2020-04-07 14:00:00,135.25,138.57,138.57,137.15,1254.48495336
2020-04-07 15:00:00,136.49,138.38,136.85,137.25,163.72473559
2020-04-07 16:00:00,137.82,140.97,137.99,140.14,739.14793484
2020-04-07 17:00:00,138.95,140.54,140.54,139.91,291.18284138
2020-04-07 18:00:00,136.95,139.8,139.5,138.39,165.92957466
2020-04-07 19:00:00,137.3,138.76,138.46,137.33,231.99865529
2020-04-07 20:00:00,131.06,136.91,136.91,132.47,2619.58535712
2020-04-07 21:00:00,131.76,136.89,132.47,135.76,1119.33065435
2020-04-07 22:00:00,134.1,135.73,135.35,134.76,664.0955004
2020-04-07 23:00:00,132.04,135.11,134.77,133.7,396.45963663
2020-04-08 00:00:00,132.76,134.67,133.44,134.25,360.75504474
2020-04-08 01:00:00,133.09,134.45,134.2,133.32,125.80835751
2020-04-08 02:00:00,133.14,137.84,133.33,137.84,188.17335555
2020-04-08 03:00:00,137.84,140.77,137.84,140.34,846.87803778
2020-04-08 04:00:00,139.15,140.8,140.09,140.29,443.76601781
2020-04-08 05:00:00,139.24,141.0,140.48,141.0,182.98324676
2020-04-08 06:00:00,137.34,141.34,141.0,138.57,341.11743742
2020-04-08 07:00:00,138.19,139.53,138.19,138.51,702.53491444
2020-04-08 08:00:00,136.12,138.97,138.97,137.07,365.90077583
2020-04-08 09:00:00,136.29,138.38,137.07,137.15,288.15694047
2020-04-08 10:00:00,134.67,138.18,137.35,135.99,497.2722374
2020-04-08 11:00:00,135.2,137.23,135.65,137.23,340.58782779
2020-04-08 12:00:00,135.81,138.37,137.57,137.0,517.85986006
2020-04-08 13:00:00,134.3,137.29,137.0,134.3,454.15386398
2020-04-08 14:00:00,134.88,136.65,134.88,136.2,169.96203823
2020-04-08 15:00:00,136.11,137.18,136.19,136.91,122.35517569
2020-04-08 16:00:00,136.19,138.0,136.5,137.7,540.10702866
2020-04-08 17:00:00,137.48,139.25,137.69,138.15,1065.63652207
2020-04-08 18:00:00,137.76,139.01,138.28,138.39,86.70191602
2020-04-08 19:00:00,136.7,138.62,138.2,137.99,337.36701588
2020-04-08 20:00:00,138.2,139.59,138.2,139.45,330.44675858
2020-04-08 21:00:00,138.65,140.24,139.48,138.88,750.77824488
2020-04-08 22:00:00,139.01,140.09,139.07,139.81,253.66498645
2020-04-08 23:00:00,139.34,140.64,139.34,139.88,270.81802699
2020-04-09 00:00:00,139.02,140.09,139.74,139.46,111.25753693
2020-04-09 01:00:00,137.8,139.57,139.57,138.39,148.5529628
2020-04-09 02:00:00,137.95,139.04,138.3,138.48,68.63221977
2020-04-09 03:00:00,137.6,138.61,138.61,137.78,68.00242705
2020-04-09 04:00:00,136.46,137.76,137.54,137.51,176.97665863
2020-04-09 05:00:00,137.39,138.4,137.68,138.4,205.10984393
2020-04-09 06:00:00,138.0,138.69,138.69,138.4,194.2150676
2020-04-09 07:00:00,137.95,139.57,138.4,139.47,239.28818305
2020-04-09 08:00:00,138.92,140.0,139.49,139.47,300.86821515
2020-04-09 09:00:00,137.56,139.4,139.1,137.56,151.38157704
2020-04-09 10:00:00,137.12,138.26,137.68,138.07,495.15394367
2020-04-09 11:00:00,134.6,138.55,137.81,135.88,761.53014641
2020-04-09 12:00:00,133.57,138.03,135.17,138.03,1342.88422395
2020-04-09 13:00:00,137.08,138.05,137.95,138.02,338.82391475
2020-04-09 14:00:00,136.62,138.99,138.01,137.44,406.12421244
2020-04-09 15:00:00,136.0,137.64,137.23,136.85,466.15739801
2020-04-09 16:00:00,136.0,137.25,136.74,136.52,126.39356822
2020-04-09 17:00:00,136.04,137.0,136.4,136.62,319.13267133
2020-04-09 18:00:00,135.22,136.61,136.59,135.56,608.36238347
2020-04-09 19:00:00,135.32,136.34,135.77,136.19,183.56519223
2020-04-09 20:00:00,135.4,137.25,136.19,137.03,218.94521133
2020-04-09 21:00:00,135.71,137.35,136.79,137.35,170.38649014
2020-04-09 22:00:00,136.64,137.35,137.35,137.25,249.60852947
2020-04-09 23:00:00,136.55,137.35,137.35,136.55,62.26184398
2020-04-10 00:00:00,135.74,136.82,136.5,136.51,104.71264434
2020-04-10 01:00:00,135.77,136.73,136.32,136.0,119.89177789
2020-04-10 02:00:00,134.5,135.99,135.78,135.22,109.99539931
2020-04-10 03:00:00,129.61,135.37,135.22,129.77,942.69092144
2020-04-10 04:00:00,128.68,131.9,129.38,131.03,950.60185642
2020-04-10 05:00:00,128.97,131.06,130.38,129.4,1101.17982791
2020-04-10 06:00:00,129.11,130.59,129.31,129.41,942.11684776
2020-04-10 07:00:00,126.0,129.31,129.31,127.26,1319.02974058
2020-04-10 08:00:00,125.44,128.06,127.06,127.01,928.40788356
2020-04-10 09:00:00,126.33,127.83,126.92,127.27,680.09141826
2020-04-10 10:00:00,126.94,128.29,127.18,127.64,336.42393793
2020-04-10 11:00:00,127.01,127.76,127.71,127.02,295.64808786
2020-04-10 12:00:00,126.88,127.75,127.17,127.5,345.00468679
2020-04-10 13:00:00,125.77,127.7,127.7,127.44,592.09499503
2020-04-10 14:00:00,126.12,127.7,127.56,126.75,339.00728525
2020-04-10 15:00:00,122.16,126.79,126.5,123.33,2179.56959581
2020-04-10 16:00:00,122.4,125.82,123.05,125.82,2067.74531581
2020-04-10 17:00:00,125.46,127.63,125.96,126.57,768.93067951
2020-04-10 18:00:00,125.0,127.18,126.56,127.18,506.57138976
2020-04-10 19:00:00,126.61,128.2,127.27,127.34,352.98739796
2020-04-10 20:00:00,126.89,128.09,127.11,128.02,214.09041217
2020-04-10 21:00:00,127.56,129.32,127.84,127.71,396.57936601
2020-04-10 22:00:00,126.42,128.92,127.9,127.75,225.12714295
2020-04-10 23:00:00,125.95,127.61,127.61,127.32,79.58978495
2020-04-11 00:00:00,126.98,128.44,127.91,128.28,173.35403704
2020-04-11 01:00:00,127.95,128.99,128.82,128.88,38.73253533
2020-04-11 02:00:00,128.29,129.38,128.79,128.72,86.16712691
2020-04-11 03:00:00,128.4,129.0,128.98,129.0,123.56798399
2020-04-11 04:00:00,129.0,129.74,129.0,129.05,28.28378146
2020-04-11 05:00:00,128.5,129.54,128.62,129.54,96.73506675
2020-04-11 06:00:00,128.99,129.7,129.59,128.99,98.15107806
2020-04-11 07:00:00,127.53,128.95,128.91,127.79,57.58935199
2020-04-11 08:00:00,127.64,129.46,127.75,127.78,715.44443273
2020-04-11 09:00:00,126.96,128.06,128.05,127.53,79.94896472
2020-04-11 10:00:00,126.54,127.93,127.66,127.02,58.45173034
2020-04-11 11:00:00,126.54,128.48,126.65,128.48,117.90967367
2020-04-11 12:00:00,127.49,128.59,128.41,128.04,270.85066053
2020-04-11 13:00:00,127.2,128.04,127.81,127.52,135.90300662
2020-04-11 14:00:00,126.36,127.44,127.35,126.4,362.87964671
2020-04-11 15:00:00,126.31,127.4,126.4,126.82,185.596799
2020-04-11 16:00:00,125.32,127.46,126.95,125.42,199.96658255
2020-04-11 17:00:00,125.03,126.38,125.21,125.55,333.46794395
2020-04-11 18:00:00,125.3,126.91,125.5,126.62,132.56905113
2020-04-11 19:00:00,124.93,126.53,126.53,124.93,332.34142268
2020-04-11 20:00:00,123.93,124.85,124.63,124.6,602.3561552
2020-04-11 21:00:00,124.27,126.66,124.59,126.49,363.33727133
2020-04-11 22:00:00,126.08,127.65,126.49,126.87,776.8988662
2020-04-11 23:00:00,126.24,127.65,126.57,127.45,177.9145646
2020-04-12 00:00:00,126.9,128.35,127.66,127.05,321.32052207
2020-04-12 01:00:00,126.44,127.41,127.05,126.44,13.4775168
2020-04-12 02:00:00,125.89,126.75,126.67,126.18,302.38160784
2020-04-12 03:00:00,125.42,126.52,126.07,125.42,178.07456602
2020-04-12 04:00:00,124.87,126.14,125.42,126.14,192.69871962
2020-04-12 05:00:00,125.94,126.71,125.94,126.44,64.41199851
2020-04-12 06:00:00,126.05,126.74,126.55,126.17,51.22244579
2020-04-12 07:00:00,125.82,126.8,126.14,126.8,24.47941823
2020-04-12 08:00:00,126.45,126.95,126.8,126.93,50.1942604
2020-04-12 09:00:00,126.72,127.75,126.77,127.2,325.59789911
2020-04-12 10:00:00,126.51,127.22,127.08,126.54,84.53723454
2020-04-12 11:00:00,126.72,128.08,126.74,127.58,528.5991747
2020-04-12 12:00:00,127.49,129.06,127.49,128.95,322.81560557
2020-04-12 13:00:00,128.3,129.21,128.95,128.88,226.64651809
2020-04-12 14:00:00,128.75,130.2,128.88,129.35,415.08259812
2020-04-12 15:00:00,129.2,130.58,129.61,130.54,689.46588427
2020-04-12 16:00:00,130.36,132.21,130.81,132.01,882.93344127
2020-04-12 17:00:00,130.75,133.33,132.45,131.44,1321.68645894
2020-04-12 18:00:00,130.57,131.95,131.39,131.31,211.55089582
2020-04-12 19:00:00,131.26,132.47,131.31,132.23,293.07352589
2020-04-12 20:00:00,131.27,132.83,132.41,131.97,631.74422626
2020-04-12 21:00:00,130.88,132.13,132.13,131.9,485.71677333
2020-04-12 22:00:00,128.89,132.24,131.94,130.06,483.50551988
2020-04-12 23:00:00,127.23,130.73,130.19,127.7,249.05248677
2020-04-13 00:00:00,120.5,127.82,127.82,123.71,3586.53669736
2020-04-13 01:00:00,122.5,123.98,123.39,123.73,314.0603356
2020-04-13 02:00:00,122.85,124.02,123.55,123.86,90.28211835
2020-04-13 03:00:00,122.05,123.9,123.9,122.15,501.67926566
2020-04-13 04:00:00,121.58,123.47,122.0,123.0,337.40749014
2020-04-13 05:00:00,122.45,123.36,123.02,122.61,163.06973426
2020-04-13 06:00:00,122.15,123.38,122.45,122.85,201.5487893
2020-04-13 07:00:00,121.6,122.92,122.91,122.5,184.34503178
2020-04-13 08:00:00,122.12,123.11,122.42,122.4,605.58331446
2020-04-13 09:00:00,121.06,122.29,122.14,121.27,922.56425002
2020-04-13 10:00:00,121.61,123.6,121.65,123.6,403.57319589
2020-04-13 11:00:00,123.21,126.0,123.7,125.16,819.19814281
2020-04-13 12:00:00,122.48,125.16,125.16,123.5,473.83319374
2020-04-13 13:00:00,121.62,123.7,123.63,121.62,291.1930892
2020-04-13 14:00:00,121.72,123.9,122.02,123.14,331.569495
2020-04-13 15:00:00,122.85,124.27,123.08,123.6,180.88926312
2020-04-13 16:00:00,122.85,124.19,123.47,123.18,292.20443976
2020-04-13 17:00:00,123.22,124.07,123.47,123.27,232.08722711
2020-04-13 18:00:00,123.13,124.03,123.46,123.51,142.43011552
2020-04-13 19:00:00,123.35,124.55,123.37,124.3,385.55290609
2020-04-13 20:00:00,124.3,125.72,124.3,125.53,596.59793798
2020-04-13 21:00:00,125.39,127.91,125.6,125.74,398.49737211
2020-04-13 22:00:00,125.72,126.99,125.72,126.86,470.81152773
2020-04-13 23:00:00,125.08,127.1,126.85,126.12,147.74282315
2020-04-14 00:00:00,125.03,126.31,126.31,125.03,54.33316635
2020-04-14 01:00:00,124.72,126.01,125.12,126.01,162.94401762
2020-04-14 02:00:00,125.63,126.48,125.92,125.78,32.96900535
2020-04-14 03:00:00,125.56,126.5,125.64,126.29,37.03243675
2020-04-14 04:00:00,125.98,126.65,126.65,125.98,191.70293567
2020-04-14 05:00:00,125.96,126.55,126.11,126.16,50.17222279
2020-04-14 06:00:00,125.53,126.35,126.19,125.97,146.58108374
2020-04-14 07:00:00,125.0,126.84,125.9,125.02,218.26184305
2020-04-14 08:00:00,124.3,125.44,124.71,124.99,133.1489271
2020-04-14 09:00:00,124.91,126.41,125.13,126.15,126.44868775
2020-04-14 10:00:00,125.18,126.57,126.28,125.18,592.33228943
2020-04-14 11:00:00,125.12,125.96,125.28,125.13,188.45288838
2020-04-14 12:00:00,124.75,125.66,125.05,125.65,146.46091899
2020-04-14 13:00:00,125.38,126.72,125.38,126.25,194.75185636
2020-04-14 14:00:00,126.07,128.61,126.33,126.99,412.86042323
2020-04-14 15:00:00,126.89,127.82,127.07,127.11,146.07334531
2020-04-14 16:00:00,126.8,128.68,127.47,128.68,217.59463975
2020-04-14 17:00:00,126.43,128.8,128.68,126.6,194.61355418
2020-04-14 18:00:00,126.89,128.1,126.89,127.55,86.51306329
2020-04-14 19:00:00,126.71,127.64,127.55,127.14,510.89314795
2020-04-14 20:00:00,126.0,127.42,127.31,126.3,359.5096425
2020-04-14 21:00:00,126.09,126.64,126.24,126.38,225.5861583
2020-04-14 22:00:00,126.1,127.67,126.18,126.92,142.36071945
2020-04-14 23:00:00,125.44,127.19,126.76,125.88,76.7943936
2020-04-15 00:00:00,124.0,125.77,125.77,124.59,485.8447834
2020-04-15 01:00:00,124.55,126.02,124.59,126.02,50.4196344
2020-04-15 02:00:00,126.07,127.39,126.19,127.39,68.45017181
2020-04-15 03:00:00,126.93,128.18,127.17,128.18,190.36579998
2020-04-15 04:00:00,127.2,128.03,127.78,127.23,124.29765749
2020-04-15 05:00:00,127.0,128.14,127.0,128.14,35.20593042
2020-04-15 06:00:00,127.09,128.3,127.85,127.27,323.32358553
2020-04-15 07:00:00,127.2,128.25,127.21,128.01,72.03093019
2020-04-15 08:00:00,126.75,128.25,127.95,127.15,284.9118009
2020-04-15 09:00:00,126.67,127.59,127.08,127.3,435.11896518
2020-04-15 10:00:00,126.08,127.97,127.26,126.7,496.82323019
2020-04-15 11:00:00,125.98,126.9,126.33,126.55,127.62341753
2020-04-15 12:00:00,125.15,126.54,126.54,125.36,441.31199234
2020-04-15 13:00:00,125.2,126.59,125.2,126.04,203.44121181
2020-04-15 14:00:00,125.65,126.66,125.8,125.89,136.96810739
2020-04-15 15:00:00,124.68,126.07,125.71,125.03,294.74245935
2020-04-15 16:00:00,125.06,125.97,125.12,125.48,402.09269585
2020-04-15 17:00:00,125.44,126.09,125.71,125.96,68.76205138
2020-04-15 18:00:00,125.77,126.31,125.77,125.83,196.83386806
2020-04-15 19:00:00,125.38,126.28,125.86,125.69,188.48404676
2020-04-15 20:00:00,125.58,126.49,125.58,126.33,70.8420834
2020-04-15 21:00:00,125.5,126.68,126.13,125.72,138.16483555
2020-04-15 22:00:00,124.18,125.52,125.5,124.7,288.13168958
2020-04-15 23:00:00,121.85,124.51,124.51,122.42,1186.76624556
2020-04-16 00:00:00,118.66,122.32,122.32,121.66,2039.85856337
2020-04-16 01:00:00,120.77,123.2,121.56,122.94,343.85200166
2020-04-16 02:00:00,122.55,123.39,123.05,123.03,70.83417564
2020-04-16 03:00:00,122.26,123.17,122.64,123.17,74.00444275
2020-04-16 04:00:00,122.65,123.33,123.17,122.77,12.25612643
2020-04-16 05:00:00,122.77,123.5,122.77,123.5,159.84419774
2020-04-16 06:00:00,123.55,124.8,123.55,124.6,154.25377589
2020-04-16 07:00:00,124.6,134.33,124.6,131.91,3211.92108532
2020-04-16 08:00:00,131.81,139.45,131.81,136.29,2739.29791866
2020-04-16 09:00:00,134.65,138.11,136.71,135.42,1054.57502946
2020-04-16 10:00:00,133.54,136.86,135.8,134.34,1028.32932507
2020-04-16 11:00:00,134.25,137.1,134.31,136.04,1157.19351527
2020-04-16 12:00:00,135.15,138.54,136.5,137.84,1558.16360248
2020-04-16 13:00:00,134.31,138.25,137.78,135.15,1238.79450574
2020-04-16 14:00:00,134.48,137.05,134.9,137.04,716.73500049
2020-04-16 15:00:00,136.96,139.22,136.96,138.46,2202.1991372
2020-04-16 16:00:00,136.48,138.08,138.0,137.31,629.7823404
2020-04-16 17:00:00,136.76,137.69,137.33,137.32,231.7867891
2020-04-16 18:00:00,136.87,137.66,137.28,137.07,320.55027074
2020-04-16 19:00:00,136.89,138.68,136.89,138.41,359.45223543
2020-04-16 20:00:00,136.86,138.68,138.67,138.14,570.37119414
2020-04-16 21:00:00,137.81,138.8,138.19,138.61,445.06461962
2020-04-16 22:00:00,137.32,139.4,138.78,139.3,873.75026724
2020-04-16 23:00:00,137.28,139.98,139.2,138.07,1091.31392992
2020-04-17 00:00:00,136.0,138.75,138.1,137.2,362.36473311
2020-04-17 01:00:00,137.2,138.29,137.2,137.62,75.50302712
2020-04-17 02:00:00,136.87,137.72,137.65,137.0,209.8293256
2020-04-17 03:00:00,136.45,137.37,136.64,137.06,248.79726172
2020-04-17 04:00:00,134.9,137.12,136.62,135.4,888.59266115
2020-04-17 05:00:00,135.69,137.34,135.82,136.73,311.04564807
2020-04-17 06:00:00,135.39,136.76,136.71,135.75,170.44077997
2020-04-17 07:00:00,135.47,137.29,135.75,136.82,774.37494287
2020-04-17 08:00:00,136.65,137.5,136.65,137.32,211.85853485
2020-04-17 09:00:00,137.18,139.0,137.37,138.58,385.24302841
2020-04-17 10:00:00,137.65,138.66,138.32,137.94,242.20620047
2020-04-17 11:00:00,135.69,138.37,137.96,136.21,518.51498806
2020-04-17 12:00:00,135.87,137.03,136.2,137.03,208.5313563
2020-04-17 13:00:00,135.31,137.05,137.0,136.55,170.77513294
2020-04-17 14:00:00,135.9,137.0,136.55,136.08,422.15811637
2020-04-17 15:00:00,135.94,136.75,135.94,136.52,141.07069977
2020-04-17 16:00:00,136.34,136.99,136.34,136.9,67.98416241
2020-04-17 17:00:00,136.19,136.99,136.92,136.61,268.031662
2020-04-17 18:00:00,135.59,136.78,136.4,136.61,250.70749651
2020-04-17 19:00:00,136.42,137.4,136.59,137.26,437.20686303
2020-04-17 20:00:00,136.68,137.4,137.4,136.91,264.96897849
2020-04-17 21:00:00,135.98,137.25,136.91,136.36,496.38528663
2020-04-17 22:00:00,136.35,137.05,136.53,136.53,50.1141808
2020-04-17 23:00:00,136.25,139.82,136.93,137.3,1835.15057165
2020-04-18 00:00:00,137.18,138.62,137.68,138.35,300.40985707
2020-04-18 01:00:00,138.17,138.9,138.45,138.76,239.59698634
2020-04-18 02:00:00,138.8,139.5,138.85,139.32,481.00610574
2020-04-18 03:00:00,138.53,139.47,139.12,139.14,53.99892187
2020-04-18 04:00:00,138.52,139.3,139.13,138.67,81.78934695
2020-04-18 05:00:00,138.66,139.48,138.67,139.35,60.0286438
2020-04-18 06:00:00,138.9,139.58,139.36,139.08,358.8816684
2020-04-18 07:00:00,138.56,139.5,138.94,139.0,434.3988617
2020-04-18 08:00:00,138.98,139.58,138.99,139.11,788.28388341
2020-04-18 09:00:00,138.88,139.57,139.12,138.94,216.64245407
2020-04-18 10:00:00,137.48,139.37,138.94,138.49,109.85771719
2020-04-18 11:00:00,137.88,139.91,138.6,139.67,143.26319823
2020-04-18 12:00:00,139.36,144.6,139.68,143.6,2088.22282517
2020-04-18 13:00:00,143.06,148.49,143.63,147.64,3103.27656661
2020-04-18 14:00:00,146.16,148.61,147.5,146.77,1271.41543234
2020-04-18 15:00:00,146.33,148.38,146.61,148.0,543.23076489
2020-04-18 16:00:00,145.48,148.5,148.29,146.75,768.04635608
2020-04-18 17:00:00,145.83,146.89,146.22,146.23,392.63380207
2020-04-18 18:00:00,145.79,146.54,146.32,146.23,337.55378876
2020-04-18 19:00:00,145.98,146.99,146.39,146.54,185.54309967
2020-04-18 20:00:00,146.31,147.03,146.54,147.0,136.3029539
2020-04-18 21:00:00,146.74,147.96,146.74,147.79,216.85073113
2020-04-18 22:00:00,147.6,151.91,147.9,150.06,1762.55048201
2020-04-18 23:00:00,148.81,151.8,150.13,150.02,1229.00987201
2020-04-19 00:00:00,147.79,150.77,150.44,149.15,420.43398154
2020-04-19 01:00:00,148.97,149.79,149.41,149.79,89.25258522
2020-04-19 02:00:00,149.42,150.85,149.63,149.95,244.35619778
2020-04-19 03:00:00,149.28,150.1,149.94,149.92,61.64691
2020-04-19 04:00:00,148.94,150.29,149.95,148.94,56.04722996
2020-04-19 05:00:00,144.08,149.37,148.82,144.12,593.5267455
2020-04-19 06:00:00,143.3,147.44,144.07,146.76,759.46138839
2020-04-19 07:00:00,145.91,147.31,146.56,146.47,335.99286096
2020-04-19 08:00:00,145.28,146.88,146.16,146.5,1059.67205875
2020-04-19 09:00:00,145.84,148.09,146.36,147.74,319.19777627
2020-04-19 10:00:00,146.65,148.33,147.74,147.16,503.52323169
2020-04-19 11:00:00,145.76,147.2,147.1,146.69,259.06246958
2020-04-19 12:00:00,146.22,147.28,146.8,147.08,332.06197165
2020-04-19 13:00:00,143.9,146.92,146.92,144.87,819.67698572
2020-04-19 14:00:00,141.79,144.74,144.5,144.14,1175.14693642
2020-04-19 15:00:00,143.0,144.38,143.88,143.93,370.17725181
2020-04-19 16:00:00,143.0,145.59,143.47,145.49,172.73681467
2020-04-19 17:00:00,144.95,146.85,145.43,146.0,334.31059979
2020-04-19 18:00:00,145.15,146.61,146.34,146.61,314.11739481
2020-04-19 19:00:00,145.11,146.54,146.28,145.77,278.70109994
2020-04-19 20:00:00,144.52,145.79,145.35,145.79,170.77256031
2020-04-19 21:00:00,145.42,147.23,145.42,147.23,142.31788626
2020-04-19 22:00:00,144.3,147.38,147.21,146.65,806.75476383
2020-04-19 23:00:00,144.11,147.07,146.81,144.41,305.7536865
2020-04-20 00:00:00,143.14,146.58,144.0,146.58,206.64589317
2020-04-20 01:00:00,145.8,146.75,146.57,146.08,530.93930631
2020-04-20 02:00:00,146.04,147.7,146.45,147.7,244.3699134
2020-04-20 03:00:00,147.19,148.57,147.98,148.57,419.1687988
2020-04-20 04:00:00,147.3,149.5,148.71,147.3,828.96591185
2020-04-20 05:00:00,147.03,148.56,147.73,148.4,240.98091914
2020-04-20 06:00:00,147.01,148.56,148.0,147.85,64.69658158
2020-04-20 07:00:00,147.27,148.48,147.55,148.19,88.90757072
2020-04-20 08:00:00,146.15,147.76,147.76,146.83,438.66292257
2020-04-20 09:00:00,145.36,146.9,146.7,146.3,350.19402467
2020-04-20 10:00:00,143.9,146.17,146.15,144.87,712.2995415
2020-04-20 11:00:00,141.33,145.63,145.03,142.0,1517.36786673
2020-04-20 12:00:00,140.0,145.71,141.8,145.13,1882.77656279
2020-04-20 13:00:00,143.92,145.45,145.18,144.4,489.52494305
2020-04-20 14:00:00,143.47,145.1,144.0,144.68,259.93325896
2020-04-20 15:00:00,144.14,145.48,144.42,144.45,381.57495707
2020-04-20 16:00:00,142.82,145.03,144.28,143.55,192.36401729
2020-04-20 17:00:00,138.74,143.25,143.25,140.28,1652.5094335
2020-04-20 18:00:00,138.43,142.35,140.0,140.49,796.73873796
2020-04-20 19:00:00,135.21,140.8,140.42,135.27,1453.55265171
2020-04-20 20:00:00,134.81,138.63,135.22,138.59,1108.51695959
2020-04-20 21:00:00,137.0,139.5,138.6,137.63,688.77753489
2020-04-20 22:00:00,137.87,139.98,137.87,139.45,1028.50757477
2020-04-20 23:00:00,136.96,139.7,139.34,137.53,470.42209055
2020-04-21 00:00:00,136.89,140.0,137.23,139.41,273.25034465
2020-04-21 01:00:00,138.69,140.04,139.5,139.32,187.86392763
2020-04-21 02:00:00,138.13,139.35,139.35,138.63,164.56343773
2020-04-21 03:00:00,138.33,139.45,138.33,139.12,52.94615744
2020-04-21 04:00:00,138.46,139.45,139.15,139.07,71.312056
2020-04-21 05:00:00,138.77,140.97,139.07,140.97,124.54057166
2020-04-21 06:00:00,139.68,141.05,141.05,139.68,354.53213963
2020-04-21 07:00:00,139.34,140.15,139.65,140.11,219.00696693
2020-04-21 08:00:00,139.0,140.43,140.43,139.6,82.28202757
2020-04-21 09:00:00,136.84,139.69,139.29,139.18,452.57628197
2020-04-21 10:00:00,137.72,139.69,138.66,137.72,316.86109464
2020-04-21 11:00:00,137.44,138.96,137.94,138.17,198.63839743
2020-04-21 12:00:00,138.66,139.83,138.66,139.33,652.35107357
2020-04-21 13:00:00,138.18,139.97,139.31,139.15,287.89806543
2020-04-21 14:00:00,138.83,141.4,139.08,139.3,460.01307091
2020-04-21 15:00:00,138.5,139.78,139.35,139.16,143.2143706
2020-04-21 16:00:00,139.15,140.15,139.45,139.87,211.97744727
2020-04-21 17:00:00,139.3,141.82,139.62,140.85,779.19257929
2020-04-21 18:00:00,140.0,141.15,141.15,140.58,175.97030272
2020-04-21 19:00:00,140.28,141.09,140.74,140.41,255.91063036
2020-04-21 20:00:00,139.74,140.98,140.13,140.71,308.95967968
2020-04-21 21:00:00,140.34,141.4,140.7,141.06,119.6110563
2020-04-21 22:00:00,140.19,141.15,141.07,141.0,225.05323134
2020-04-21 23:00:00,138.16,141.18,141.0,139.32,984.05617359
2020-04-22 00:00:00,138.91,139.89,139.1,139.2,136.64013158
2020-04-22 01:00:00,138.49,140.07,139.35,140.07,129.44616294
2020-04-22 02:00:00,139.71,140.84,139.93,140.38,17.38598302
2020-04-22 03:00:00,139.88,140.61,140.28,140.03,53.73938528
2020-04-22 04:00:00,139.66,140.57,139.66,139.86,28.32144157
2020-04-22 05:00:00,139.87,142.0,139.87,142.0,237.16904741
2020-04-22 06:00:00,140.95,142.0,142.0,142.0,656.92592071
2020-04-22 07:00:00,141.69,143.26,142.09,142.47,460.62321248
2020-04-22 08:00:00,142.01,142.97,142.4,142.63,187.36993926
2020-04-22 09:00:00,141.88,143.18,142.63,141.88,352.94297839
2020-04-22 10:00:00,141.7,142.46,142.08,142.13,275.09196751
2020-04-22 11:00:00,141.98,142.95,142.05,142.53,172.49597627
2020-04-22 12:00:00,142.03,142.98,142.73,142.76,124.51832787
2020-04-22 13:00:00,142.39,147.27,142.81,146.79,1800.85370338
2020-04-22 14:00:00,146.16,148.74,146.88,147.72,1647.0251956
2020-04-22 15:00:00,147.19,148.59,148.2,148.28,864.38973261
2020-04-22 16:00:00,147.59,149.75,148.36,147.59,718.8979744
2020-04-22 17:00:00,146.83,148.42,147.72,147.0,641.84766333
2020-04-22 18:00:00,146.75,148.0,147.22,147.58,209.1497747
2020-04-22 19:00:00,147.44,148.5,147.7,147.93,519.15921458
2020-04-22 20:00:00,147.65,148.83,147.65,148.5,214.11608036
2020-04-22 21:00:00,147.0,148.86,148.5,147.0,295.26342872
2020-04-22 22:00:00,147.1,148.35,147.1,147.69,224.21543257
2020-04-22 23:00:00,147.72,148.6,148.11,148.54,122.03095427
2020-04-23 00:00:00,147.54,149.04,148.6,148.18,380.31681143
2020-04-23 01:00:00,148.14,151.49,148.22,151.19,1346.68029141
2020-04-23 02:00:00,149.38,151.39,151.39,149.38,184.84768033
2020-04-23 03:00:00,148.5,150.01,149.06,148.5,119.46944553
2020-04-23 04:00:00,147.54,148.64,148.12,148.64,344.90033624
2020-04-23 05:00:00,144.84,148.73,148.67,145.59,551.5665713
2020-04-23 06:00:00,144.46,146.39,145.59,144.96,379.67040334
2020-04-23 07:00:00,145.44,146.94,145.44,146.0,331.07485195
2020-04-23 08:00:00,145.6,147.66,146.26,146.55,346.48674688
2020-04-23 09:00:00,146.26,147.89,146.52,147.77,320.0540696
2020-04-23 10:00:00,146.76,148.28,147.95,146.9,502.20943667
2020-04-23 11:00:00,146.36,149.71,146.88,149.01,693.68523641
2020-04-23 12:00:00,148.92,150.48,149.27,150.0,632.62380483
2020-04-23 13:00:00,148.78,151.44,149.72,151.0,1708.14550181
2020-04-23 14:00:00,150.92,156.32,150.94,152.96,3846.45643001
2020-04-23 15:00:00,151.14,154.0,153.69,152.81,688.92242785
2020-04-23 16:00:00,151.1,154.12,153.27,151.77,1498.7338423
2020-04-23 17:00:00,151.57,153.81,151.57,153.6,224.73585847
2020-04-23 18:00:00,152.72,153.96,153.38,153.12,371.66430527
2020-04-23 19:00:00,152.72,154.06,153.3,153.72,1080.84965661
2020-04-23 20:00:00,153.22,153.96,153.63,153.22,268.20413834
2020-04-23 21:00:00,152.92,154.79,153.0,154.18,400.32802565
2020-04-23 22:00:00,153.04,154.58,154.53,153.1,174.04467147
2020-04-23 23:00:00,146.95,153.36,153.36,150.59,1359.29026272
2020-04-24 00:00:00,149.81,151.67,150.24,151.26,423.29875115
2020-04-24 01:00:00,151.07,152.28,151.24,151.83,264.95193078
2020-04-24 02:00:00,151.51,153.11,151.51,153.11,57.77345319
2020-04-24 03:00:00,152.34,153.66,152.71,153.0,136.07891625
2020-04-24 04:00:00,152.1,153.29,153.15,153.15,66.23936245
2020-04-24 05:00:00,151.97,153.07,153.07,151.97,98.8712317
2020-04-24 06:00:00,151.86,153.39,151.91,153.33,113.34298282
2020-04-24 07:00:00,153.03,154.27,153.14,154.27,292.52629845
2020-04-24 08:00:00,152.47,154.27,154.27,153.63,288.80104899
2020-04-24 09:00:00,153.36,154.49,153.58,153.73,367.46721751
2020-04-24 10:00:00,151.76,153.67,153.58,152.63,1092.93138624
2020-04-24 11:00:00,150.49,152.75,152.6,150.81,436.71814604
2020-04-24 12:00:00,150.57,152.42,150.76,151.79,353.78960611
2020-04-24 13:00:00,151.49,152.51,151.72,151.78,362.08533532
2020-04-24 14:00:00,150.25,152.16,152.15,152.0,668.5883781
2020-04-24 15:00:00,151.73,153.27,151.91,152.26,1505.74463664
2020-04-24 16:00:00,151.7,152.84,152.26,152.54,101.59641774
2020-04-24 17:00:00,152.1,152.82,152.82,152.52,351.09280459
2020-04-24 18:00:00,152.41,153.1,152.52,152.64,671.41393429
2020-04-24 19:00:00,151.86,153.1,152.99,153.1,113.56836636
2020-04-24 20:00:00,152.45,153.33,152.88,152.45,223.89974039
2020-04-24 21:00:00,152.05,153.44,152.49,152.05,151.71621493
2020-04-24 22:00:00,150.95,152.45,152.0,151.09,93.5598966
2020-04-24 23:00:00,151.27,152.23,151.55,151.98,157.17107929
2020-04-25 00:00:00,150.75,151.91,151.91,151.1,84.91307871
2020-04-25 01:00:00,150.82,151.8,151.19,151.44,221.28930176
2020-04-25 02:00:00,151.29,151.88,151.42,151.65,37.02724625
2020-04-25 03:00:00,151.41,152.43,151.72,152.33,34.27699525
2020-04-25 04:00:00,151.86,152.66,152.48,152.66,65.9101776
2020-04-25 05:00:00,152.72,156.83,152.72,156.83,2110.86182665
2020-04-25 06:00:00,156.44,158.74,157.0,158.74,772.60895146
2020-04-25 07:00:00,157.04,159.0,158.74,157.83,1126.69850146
2020-04-25 08:00:00,155.57,158.3,157.83,156.99,386.04215282
2020-04-25 09:00:00,156.44,158.14,156.84,157.53,505.93297488
2020-04-25 10:00:00,156.8,158.4,157.77,158.09,476.49903029
2020-04-25 11:00:00,156.16,159.2,157.73,157.03,1190.56876879
2020-04-25 12:00:00,157.12,157.95,157.35,157.74,145.85643765
2020-04-25 13:00:00,157.8,159.17,157.8,159.17,529.84105872
2020-04-25 14:00:00,157.25,159.16,159.16,158.67,552.10452188
2020-04-25 15:00:00,156.51,160.47,158.95,157.01,1356.91242316
2020-04-25 16:00:00,156.31,158.43,156.73,157.68,634.57839536
2020-04-25 17:00:00,156.75,157.96,157.74,157.58,675.36915111
2020-04-25 18:00:00,156.73,157.62,157.3,157.48,427.44550645
2020-04-25 19:00:00,156.9,157.77,157.19,157.54,87.38116967
2020-04-25 20:00:00,157.26,157.92,157.41,157.35,214.29980617
2020-04-25 21:00:00,155.61,157.24,157.18,156.71,531.12986731
2020-04-25 22:00:00,156.36,157.48,156.44,157.06,394.0756167
2020-04-25 23:00:00,156.17,158.43,157.15,157.61,639.04809774
2020-04-26 00:00:00,157.07,158.7,157.48,158.7,109.23090895
2020-04-26 01:00:00,157.96,158.65,158.54,158.23,119.60518354
2020-04-26 02:00:00,158.06,158.69,158.16,158.06,39.02462792
2020-04-26 03:00:00,157.67,158.39,158.22,157.91,157.28691151
2020-04-26 04:00:00,157.3,158.06,158.06,157.74,26.79469878
2020-04-26 05:00:00,156.14,157.6,157.6,156.14,28.16441046
2020-04-26 06:00:00,156.43,157.35,156.43,156.92,57.81860487
2020-04-26 07:00:00,156.6,157.47,156.97,157.24,71.33273483
2020-04-26 08:00:00,156.62,157.55,157.35,157.29,98.08860457
2020-04-26 09:00:00,157.15,158.96,157.55,158.53,245.43762909
2020-04-26 10:00:00,158.17,160.0,158.74,160.0,1301.40986704
2020-04-26 11:00:00,159.09,160.52,160.0,159.94,637.09535359
2020-04-26 12:00:00,159.37,161.0,159.94,159.84,621.53213952
2020-04-26 13:00:00,160.0,162.0,160.19,162.0,1015.82531717
2020-04-26 14:00:00,159.48,162.0,162.0,159.77,599.90892221
2020-04-26 15:00:00,157.2,159.95,159.71,157.55,1070.67620076
2020-04-26 16:00:00,157.0,158.47,157.31,158.27,578.75678947
2020-04-26 17:00:00,157.42,158.44,158.33,158.37,435.33235227
2020-04-26 18:00:00,157.9,158.7,158.06,158.57,330.53652897
2020-04-26 19:00:00,158.04,158.72,158.22,158.57,343.99268686
2020-04-26 20:00:00,158.24,159.55,158.43,159.44,201.92558357
2020-04-26 21:00:00,158.82,159.97,159.54,159.2,332.23909957
2020-04-26 22:00:00,157.5,159.24,159.05,157.87,544.30056621
2020-04-26 23:00:00,157.78,160.28,157.78,160.14,342.98538984
2020-04-27 00:00:00,159.46,161.13,160.13,160.82,548.84363856
2020-04-27 01:00:00,159.29,161.15,160.83,159.29,88.66410403
2020-04-27 02:00:00,159.2,160.29,159.41,160.04,34.74090209
2020-04-27 03:00:00,159.35,160.54,160.04,159.45,40.7554911
2020-04-27 04:00:00,159.1,159.71,159.34,159.4,221.58057462
2020-04-27 05:00:00,157.77,159.52,159.52,157.8,157.27886209
2020-04-27 06:00:00,157.0,158.24,157.68,157.02,797.72605331
2020-04-27 07:00:00,156.51,158.62,157.03,158.58,527.18967046
2020-04-27 08:00:00,158.0,159.34,158.38,158.0,562.77755982
2020-04-27 09:00:00,157.52,158.77,157.82,158.06,254.96731872
2020-04-27 10:00:00,156.8,158.5,158.2,157.45,604.33354765
2020-04-27 11:00:00,157.06,158.5,157.3,158.2,299.26133023
2020-04-27 12:00:00,156.98,158.4,158.34,157.63,615.29533876
2020-04-27 13:00:00,155.04,158.0,157.64,156.87,526.98388231
2020-04-27 14:00:00,153.88,157.03,156.95,155.01,866.82174508
2020-04-27 15:00:00,154.75,156.7,155.1,155.77,748.46879822
2020-04-27 16:00:00,155.2,156.6,155.93,155.71,232.42141761
2020-04-27 17:00:00,154.81,155.79,155.79,155.4,301.16011245
2020-04-27 18:00:00,155.15,156.65,155.15,156.59,227.8525059
2020-04-27 19:00:00,156.37,156.87,156.59,156.87,410.70986481
2020-04-27 20:00:00,156.14,157.47,156.6,156.14,411.49327041
2020-04-27 21:00:00,156.13,158.1,156.44,157.62,192.36523622
2020-04-27 22:00:00,156.92,158.85,157.29,158.85,871.41040667
2020-04-27 23:00:00,158.05,158.92,158.67,158.82,237.41234927
2020-04-28 00:00:00,157.03,158.82,158.82,157.49,152.01140294
2020-04-28 01:00:00,156.38,157.65,157.64,156.42,45.3024048
2020-04-28 02:00:00,155.67,157.13,156.57,156.84,57.8807436
2020-04-28 03:00:00,156.22,157.39,157.11,157.14,68.15755267
2020-04-28 04:00:00,155.66,157.42,156.87,157.01,202.31571656
2020-04-28 05:00:00,156.24,157.39,156.89,157.36,52.83440834
2020-04-28 06:00:00,156.84,158.47,157.27,158.32,147.10716816
2020-04-28 07:00:00,157.15,158.35,158.35,157.35,195.13281841
2020-04-28 08:00:00,156.15,157.27,157.27,156.18,216.72588761
2020-04-28 09:00:00,156.2,157.58,156.2,157.58,1090.23963301
2020-04-28 10:00:00,156.83,158.46,157.59,158.15,188.58370342
2020-04-28 11:00:00,157.62,158.35,158.15,157.77,284.94331901
2020-04-28 12:00:00,157.1,158.79,157.77,158.55,495.27156279
2020-04-28 13:00:00,158.08,159.0,158.61,158.08,269.2463733
2020-04-28 14:00:00,157.0,158.62,158.0,157.07,339.64968086
2020-04-28 15:00:00,156.69,157.99,156.98,157.86,189.92340178
2020-04-28 16:00:00,157.71,158.8,157.96,158.13,136.95183578
2020-04-28 17:00:00,157.57,158.44,158.07,157.85,195.62559441
2020-04-28 18:00:00,157.84,158.89,157.85,158.87,272.95874883
2020-04-28 19:00:00,157.75,158.9,158.86,157.75,244.91853482
2020-04-28 20:00:00,157.5,158.79,157.76,158.73,154.6774633
2020-04-28 21:00:00,158.1,158.78,158.69,158.77,191.55078829
2020-04-28 22:00:00,158.34,159.35,158.73,159.03,326.95029768
2020-04-28 23:00:00,158.74,159.5,159.28,158.74,563.14159914
2020-04-29 00:00:00,158.5,159.21,158.64,158.5,77.01873943
2020-04-29 01:00:00,158.5,159.4,158.63,159.4,78.54380233
2020-04-29 02:00:00,158.75,160.33,159.4,159.71,228.78852831
2020-04-29 03:00:00,159.48,159.91,159.52,159.51,183.85483925
2020-04-29 04:00:00,159.05,159.88,159.62,159.8,114.35575959
2020-04-29 05:00:00,159.85,160.5,159.9,160.46,188.62642363
2020-04-29 06:00:00,160.48,166.79,160.5,165.99,2501.93141583
2020-04-29 07:00:00,164.66,166.49,166.0,165.61,825.55806954
2020-04-29 08:00:00,165.36,166.4,165.65,165.77,875.67339347
2020-04-29 09:00:00,165.56,167.32,165.56,166.91,687.63714633
2020-04-29 10:00:00,166.79,169.26,166.91,168.69,1841.05231042
2020-04-29 11:00:00,168.0,170.22,168.57,168.35,1456.31173822
2020-04-29 12:00:00,168.28,170.26,168.35,170.24,1001.03714199
2020-04-29 13:00:00,167.54,170.76,170.27,168.42,1904.72512489
2020-04-29 14:00:00,168.0,169.55,168.25,169.45,922.3497248
2020-04-29 15:00:00,168.66,169.9,169.44,169.8,463.85551431
2020-04-29 16:00:00,169.2,176.0,169.8,173.4,3056.47456554
2020-04-29 17:00:00,172.75,176.25,173.05,174.06,3168.37313863
2020-04-29 18:00:00,171.0,174.01,173.53,173.05,2301.10072822
2020-04-29 19:00:00,173.03,174.43,173.1,174.0,744.41794239
2020-04-29 20:00:00,173.45,174.66,174.0,174.66,1371.59763596
2020-04-29 21:00:00,172.61,174.7,174.49,173.25,634.98822729
2020-04-29 22:00:00,171.47,173.55,173.55,173.13,615.69317337
2020-04-29 23:00:00,172.81,173.5,172.99,173.08,419.0583706
2020-04-30 00:00:00,172.64,174.88,173.3,174.88,597.74366114
2020-04-30 01:00:00,174.41,176.0,174.6,174.75,286.08240561
2020-04-30 02:00:00,174.32,175.9,174.99,175.6,409.63977278
2020-04-30 03:00:00,175.24,181.81,175.55,181.35,891.92047731
2020-04-30 04:00:00,177.25,181.19,181.19,179.1,409.59173957
2020-04-30 05:00:00,179.33,182.73,179.55,182.01,411.47348961
2020-04-30 06:00:00,180.0,182.98,182.0,180.16,1905.4479044
2020-04-30 07:00:00,174.26,180.14,180.14,177.57,2586.7184559
2020-04-30 08:00:00,173.84,177.71,177.24,173.84,1326.86236411
2020-04-30 09:00:00,164.78,173.89,173.89,165.1,2908.42363974
2020-04-30 10:00:00,161.37,170.32,165.1,170.32,2415.35939494
2020-04-30 11:00:00,169.57,171.99,170.16,169.77,1388.48907626
2020-04-30 12:00:00,166.54,171.05,169.69,167.16,1275.08628314
2020-04-30 13:00:00,166.48,170.64,167.32,169.66,726.75335304
2020-04-30 14:00:00,167.98,170.27,169.38,168.02,491.81112057
2020-04-30 15:00:00,164.45,168.76,168.02,165.94,1000.58639067
2020-04-30 16:00:00,162.76,167.4,165.52,164.92,1646.02687814
2020-04-30 17:00:00,161.21,165.27,165.27,164.16,2979.27922694
2020-04-30 18:00:00,163.73,167.38,163.73,166.39,1242.65904717
2020-04-30 19:00:00,166.21,169.43,166.23,168.67,1073.82478815
2020-04-30 20:00:00,167.0,169.17,168.45,168.92,1622.25894746
2020-04-30 21:00:00,166.6,168.8,168.58,166.71,368.86927974
2020-04-30 22:00:00,165.04,167.64,166.37,167.62,357.33043109
2020-04-30 23:00:00,163.79,167.88,167.55,164.96,1352.63906042
2020-05-01 00:00:00,165.22,167.48,165.22,166.92,1280.43853154
2020-05-01 01:00:00,166.01,167.58,166.87,166.08,267.23747468
2020-05-01 02:00:00,166.0,167.98,166.06,167.75,103.29074944
2020-05-01 03:00:00,165.82,167.88,167.88,167.06,50.04997224
2020-05-01 04:00:00,167.28,169.28,167.49,169.18,92.34400412
2020-05-01 05:00:00,168.89,171.64,169.39,171.3,500.25464138
2020-05-01 06:00:00,169.73,171.24,171.24,170.52,196.30638067
2020-05-01 07:00:00,168.1,170.53,170.38,170.08,320.15376371
2020-05-01 08:00:00,169.26,170.54,170.25,170.48,169.90605267
2020-05-01 09:00:00,170.2,171.76,170.49,171.59,554.39666482
2020-05-01 10:00:00,170.29,171.87,171.62,171.5,650.78025219
2020-05-01 11:00:00,171.1,173.99,171.72,172.53,1869.77957072
2020-05-01 12:00:00,169.04,172.87,172.24,170.61,687.32964532
2020-05-01 13:00:00,168.32,171.3,170.82,169.16,260.2342591
2020-05-01 14:00:00,167.9,169.96,169.0,169.87,297.15770206
2020-05-01 15:00:00,168.31,170.52,169.49,168.51,414.35601025
2020-05-01 16:00:00,167.38,169.24,168.43,168.43,818.22683719
2020-05-01 17:00:00,168.04,169.36,168.21,169.31,122.55373185
2020-05-01 18:00:00,168.48,170.24,169.31,168.72,160.89037505
2020-05-01 19:00:00,167.23,168.95,168.54,167.62,130.63189782
2020-05-01 20:00:00,167.03,168.7,167.81,168.7,138.18605786
2020-05-01 21:00:00,168.42,170.25,168.57,170.14,185.36005856
2020-05-01 22:00:00,169.69,170.51,170.12,170.3,213.80003043
2020-05-01 23:00:00,170.0,171.25,170.0,170.01,387.39368036
2020-05-02 00:00:00,169.52,171.25,170.0,170.97,239.18885244
2020-05-02 01:00:00,170.11,171.07,170.71,170.11,38.53488251
2020-05-02 02:00:00,169.69,170.66,170.11,170.4,34.91788942
2020-05-02 03:00:00,170.18,171.15,170.29,171.09,27.70513935
2020-05-02 04:00:00,170.53,171.25,171.13,170.62,10.26565199
2020-05-02 05:00:00,170.11,170.8,170.66,170.44,40.56807986
2020-05-02 06:00:00,170.55,171.19,170.88,170.65,39.48863101
2020-05-02 07:00:00,168.92,170.7,170.58,169.57,153.80382998
2020-05-02 08:00:00,168.83,169.97,169.4,168.98,483.00913007
2020-05-02 09:00:00,169.1,170.33,169.32,170.33,131.41580165
2020-05-02 10:00:00,170.01,170.83,170.33,170.64,322.19182265
2020-05-02 11:00:00,170.41,171.4,170.77,171.4,240.14214262
2020-05-02 12:00:00,170.46,171.64,171.03,171.0,201.27157417
2020-05-02 13:00:00,170.58,171.39,171.02,171.38,90.40140587
2020-05-02 14:00:00,171.09,171.93,171.38,171.56,211.30173238
2020-05-02 15:00:00,170.02,171.97,171.4,171.08,212.48702342
2020-05-02 16:00:00,170.79,172.8,170.79,172.04,295.65283644
2020-05-02 17:00:00,171.31,172.19,172.16,172.0,226.66508213
2020-05-02 18:00:00,169.96,171.99,171.99,170.67,208.90518752
2020-05-02 19:00:00,170.07,171.46,170.36,171.46,222.27153213
2020-05-02 20:00:00,170.74,171.97,171.26,171.97,146.3752103
2020-05-02 21:00:00,171.19,172.03,172.03,171.8,113.73043769
2020-05-02 22:00:00,171.24,171.88,171.45,171.88,61.77038603
2020-05-02 23:00:00,171.4,171.96,171.66,171.68,290.75524822
2020-05-03 00:00:00,171.04,175.71,171.42,174.14,825.20397426
2020-05-03 01:00:00,173.09,175.43,174.35,174.25,507.18825124
2020-05-03 02:00:00,173.33,174.87,174.41,173.58,261.77707384
2020-05-03 03:00:00,173.58,175.03,173.75,174.6,143.33401438
2020-05-03 04:00:00,173.87,175.22,174.6,173.87,68.09282865
2020-05-03 05:00:00,173.25,174.2,174.04,173.6,24.45138348
2020-05-03 06:00:00,170.11,173.6,173.6,171.79,222.29473472
2020-05-03 07:00:00,171.14,172.38,171.87,171.74,122.37691654
2020-05-03 08:00:00,171.0,172.6,171.43,172.27,410.5475163
2020-05-03 09:00:00,172.07,173.12,172.53,172.84,212.8102519
2020-05-03 10:00:00,171.39,173.44,172.92,171.77,278.5836282
2020-05-03 11:00:00,171.7,172.86,171.72,171.97,232.50393771
2020-05-03 12:00:00,169.39,171.97,171.97,171.08,645.15872231
2020-05-03 13:00:00,169.57,171.14,170.5,170.58,326.79405952
2020-05-03 14:00:00,166.7,170.66,170.65,167.29,942.20367152
2020-05-03 15:00:00,165.17,168.2,167.02,166.39,1579.29105594
2020-05-03 16:00:00,166.71,168.59,166.77,167.82,258.52719329
2020-05-03 17:00:00,166.33,168.42,167.85,167.1,289.08414539
2020-05-03 18:00:00,166.66,167.92,167.06,166.86,695.24922201
2020-05-03 19:00:00,166.76,168.22,167.1,167.83,390.01191316
2020-05-03 20:00:00,166.15,167.85,167.81,166.92,274.79760217
2020-05-03 21:00:00,166.49,168.5,166.76,167.95,700.65910256
2020-05-03 22:00:00,168.48,169.87,168.5,169.11,728.18724841
2020-05-03 23:00:00,168.4,169.58,169.14,169.13,175.49063189
2020-05-04 00:00:00,167.38,169.84,169.09,167.45,344.2330669
2020-05-04 01:00:00,162.85,167.87,167.31,164.02,1282.72737799
2020-05-04 02:00:00,163.6,165.05,163.68,164.48,198.63931479
2020-05-04 03:00:00,163.52,164.2,164.18,163.71,89.5854535
2020-05-04 04:00:00,159.12,163.71,163.59,160.55,1287.027125
2020-05-04 05:00:00,157.15,160.87,160.7,160.0,1285.94220778
2020-05-04 06:00:00,159.38,161.29,159.99,160.23,680.16834204
2020-05-04 07:00:00,158.8,161.04,160.0,160.89,389.50194238
2020-05-04 08:00:00,160.96,163.42,160.96,163.0,788.43328028
2020-05-04 09:00:00,160.38,163.0,163.0,160.76,528.3904668
2020-05-04 10:00:00,160.0,162.43,160.82,160.95,612.49127019
2020-05-04 11:00:00,160.4,162.07,160.88,161.33,547.48447108
2020-05-04 12:00:00,160.67,164.16,161.06,162.72,510.07840871
2020-05-04 13:00:00,162.45,166.22,162.49,166.22,623.5627013
2020-05-04 14:00:00,164.6,167.19,165.99,164.6,469.23404793
2020-05-04 15:00:00,164.56,166.57,164.56,166.22,183.01800435
2020-05-04 16:00:00,164.05,167.04,166.52,164.89,430.11737511
2020-05-04 17:00:00,163.2,165.76,165.0,164.28,501.43496677
2020-05-04 18:00:00,164.13,165.59,164.13,164.49,194.47579958
2020-05-04 19:00:00,163.6,165.22,164.54,164.77,372.66721374
2020-05-04 20:00:00,164.73,167.36,164.82,167.35,271.70396622
2020-05-04 21:00:00,166.1,168.3,167.16,168.3,155.25232293
2020-05-04 22:00:00,166.78,168.37,168.21,167.09,224.59857591
2020-05-04 23:00:00,165.41,167.67,167.28,166.58,153.7986932
2020-05-05 00:00:00,166.26,167.61,166.66,167.61,112.30080757
2020-05-05 01:00:00,166.05,167.61,167.61,167.06,25.62313153
2020-05-05 02:00:00,165.15,166.81,166.81,165.6,172.11279157
2020-05-05 03:00:00,164.59,166.23,165.0,165.92,47.2693596
2020-05-05 04:00:00,166.29,169.16,166.29,169.15,231.63367421
2020-05-05 05:00:00,167.45,169.88,169.27,167.65,501.88161549
2020-05-05 06:00:00,166.95,168.52,167.79,168.52,112.71351324
2020-05-05 07:00:00,167.51,168.97,168.19,167.82,540.22516187
2020-05-05 08:00:00,167.17,169.03,167.86,168.43,301.64761291
2020-05-05 09:00:00,166.14,168.94,168.36,166.4,398.52631656
2020-05-05 10:00:00,162.51,166.79,166.3,163.77,740.79879063
2020-05-05 11:00:00,163.44,164.92,163.79,163.53,383.32451987
2020-05-05 12:00:00,163.41,164.69,163.41,164.68,510.06761581
2020-05-05 13:00:00,163.33,165.74,163.99,164.59,526.33996652
2020-05-05 14:00:00,163.66,165.01,164.55,164.5,785.47413978
2020-05-05 15:00:00,163.56,165.35,164.16,164.23,388.8481553
2020-05-05 16:00:00,163.86,165.32,164.27,164.63,130.4289723
2020-05-05 17:00:00,163.87,165.22,164.7,164.29,283.27126143
2020-05-05 18:00:00,163.66,164.43,164.29,164.13,128.35502976
2020-05-05 19:00:00,163.9,164.72,164.11,164.66,199.43509951
2020-05-05 20:00:00,164.5,165.69,164.65,165.61,167.49801726
2020-05-05 21:00:00,165.09,165.89,165.85,165.36,178.05946233
2020-05-05 22:00:00,164.21,165.65,165.23,165.23,190.11850096
2020-05-05 23:00:00,164.58,165.74,164.83,165.74,212.62694817
2020-05-06 00:00:00,162.48,165.75,165.75,163.45,227.20541276
2020-05-06 01:00:00,163.33,165.13,163.33,165.13,53.29303511
2020-05-06 02:00:00,164.3,165.18,165.16,164.76,45.18339103
2020-05-06 03:00:00,164.79,168.29,164.9,166.79,229.82317992
2020-05-06 04:00:00,166.54,168.0,166.91,166.54,190.14469933
2020-05-06 05:00:00,165.96,167.28,166.68,166.57,114.80631598
2020-05-06 06:00:00,166.57,167.58,166.62,167.1,117.91481028
2020-05-06 07:00:00,166.58,168.0,167.1,168.0,557.39762323
2020-05-06 08:00:00,167.23,168.8,168.0,167.77,461.35509931
2020-05-06 09:00:00,167.76,168.75,167.76,168.69,230.15233528
2020-05-06 10:00:00,168.1,170.03,168.66,168.93,779.40145532
2020-05-06 11:00:00,167.81,170.5,168.92,170.22,909.67228041
2020-05-06 12:00:00,168.04,170.5,170.41,168.63,633.82569363
2020-05-06 13:00:00,166.92,168.92,168.56,168.27,238.51247347
2020-05-06 14:00:00,167.75,168.99,168.25,168.79,327.27430467
2020-05-06 15:00:00,168.58,169.47,168.78,169.14,361.84503699
2020-05-06 16:00:00,168.18,169.52,168.95,169.01,249.05770084
2020-05-06 17:00:00,168.34,169.14,169.01,168.85,279.52943699
2020-05-06 18:00:00,167.8,168.86,168.65,168.24,312.4613765
2020-05-06 19:00:00,166.34,168.58,168.24,166.58,211.63238074
2020-05-06 20:00:00,165.53,167.42,166.22,167.1,489.60266503
2020-05-06 21:00:00,166.99,167.75,167.11,167.58,623.50624497
2020-05-06 22:00:00,166.31,167.75,167.65,167.44,451.41546477
2020-05-06 23:00:00,161.63,167.75,167.75,162.35,1868.73752602
2020-05-07 00:00:00,160.05,165.66,162.11,165.39,656.79077026
2020-05-07 01:00:00,164.52,165.53,165.39,164.8,299.01465731
2020-05-07 02:00:00,164.16,169.44,164.67,168.36,1380.68945231
2020-05-07 03:00:00,166.9,167.92,167.91,167.59,142.4395605
2020-05-07 04:00:00,166.5,168.3,167.45,166.89,20.79390597
2020-05-07 05:00:00,166.4,167.2,166.63,166.6,56.42000824
2020-05-07 06:00:00,164.45,166.7,166.7,164.45,325.94006222
2020-05-07 07:00:00,164.76,166.11,164.76,166.11,99.98097932
2020-05-07 08:00:00,165.44,167.14,165.77,166.95,171.8299127
2020-05-07 09:00:00,165.91,167.04,166.72,166.94,299.57612768
2020-05-07 10:00:00,165.47,167.03,167.03,165.79,452.25754659
2020-05-07 11:00:00,165.1,166.14,165.54,166.14,148.92176734
2020-05-07 12:00:00,165.73,168.49,166.14,168.37,1035.63233786
2020-05-07 13:00:00,167.23,169.9,168.2,168.08,1595.79547726
2020-05-07 14:00:00,168.29,169.25,168.29,168.5,333.19930954
2020-05-07 15:00:00,166.09,169.0,168.71,167.55,694.14765991
2020-05-07 16:00:00,166.13,168.0,167.4,167.29,523.48790085
2020-05-07 17:00:00,166.46,169.26,167.55,168.7,1201.95620125
2020-05-07 18:00:00,168.84,174.21,168.84,172.99,2917.17520451
2020-05-07 19:00:00,172.37,173.99,172.95,173.36,717.42843378
2020-05-07 20:00:00,171.0,173.99,173.26,171.66,892.94952405
2020-05-07 21:00:00,171.34,172.74,171.63,172.23,162.28450343
2020-05-07 22:00:00,171.5,172.98,172.2,172.46,339.07519257
2020-05-07 23:00:00,171.56,173.0,172.34,172.48,278.29911893
2020-05-08 00:00:00,171.83,174.45,172.48,174.45,487.94913945
2020-05-08 01:00:00,172.77,175.01,174.5,173.6,831.16401811
2020-05-08 02:00:00,171.0,173.6,173.53,171.86,284.92010643
2020-05-08 03:00:00,170.92,172.4,171.18,172.28,158.43870418
2020-05-08 04:00:00,171.44,172.12,171.98,172.1,60.4043595
2020-05-08 05:00:00,169.4,171.74,171.54,170.37,314.93108209
2020-05-08 06:00:00,168.0,170.13,170.09,168.72,543.23128737
2020-05-08 07:00:00,168.22,169.94,168.56,169.71,224.73517519
2020-05-08 08:00:00,169.68,170.74,169.88,169.68,375.10116353
2020-05-08 09:00:00,169.12,170.52,169.66,170.0,372.20752684
2020-05-08 10:00:00,169.76,171.86,169.81,171.86,344.63945157
2020-05-08 11:00:00,171.28,172.14,171.96,171.47,312.66751244
2020-05-08 12:00:00,170.11,171.25,171.25,170.16,1290.0582705
2020-05-08 13:00:00,169.91,171.48,170.07,171.01,331.43040343
2020-05-08 14:00:00,170.5,171.82,171.0,170.6,312.54391342
2020-05-08 15:00:00,170.5,171.99,170.52,170.76,287.33784642
2020-05-08 16:00:00,170.36,173.65,170.72,173.62,1106.37768967
2020-05-08 17:00:00,172.27,173.62,173.49,172.96,202.42627117
2020-05-08 18:00:00,171.75,173.47,173.0,171.75,352.8725178
2020-05-08 19:00:00,171.5,172.64,171.75,172.32,271.56559391
2020-05-08 20:00:00,171.59,173.37,172.41,173.37,443.60744144
2020-05-08 21:00:00,172.05,173.66,173.33,173.45,387.47900324
2020-05-08 22:00:00,171.75,173.5,173.45,172.41,430.86440335
2020-05-08 23:00:00,170.41,172.49,172.04,171.03,279.17560056
2020-05-09 00:00:00,169.45,172.41,170.72,172.17,603.89412318
2020-05-09 01:00:00,172.13,173.2,172.52,172.68,220.44591178
2020-05-09 02:00:00,171.82,172.78,172.73,172.09,117.25246671
2020-05-09 03:00:00,172.06,173.02,172.21,173.0,77.2502456
2020-05-09 04:00:00,171.46,172.73,172.71,171.8,42.23910253
2020-05-09 05:00:00,171.28,172.83,171.8,172.78,191.61411289
2020-05-09 06:00:00,170.6,172.74,172.62,171.29,628.87089352
2020-05-09 07:00:00,170.0,171.87,170.99,170.26,434.71216747
2020-05-09 08:00:00,170.03,171.32,170.03,171.32,264.86114936
2020-05-09 09:00:00,170.62,171.63,171.0,170.94,288.29514332
2020-05-09 10:00:00,169.85,171.13,170.95,170.48,282.37862314
2020-05-09 11:00:00,168.51,170.64,170.61,169.65,514.33805148
2020-05-09 12:00:00,169.14,170.63,169.53,170.38,249.44430979
2020-05-09 13:00:00,169.67,171.45,170.19,171.38,210.52763439
2020-05-09 14:00:00,171.09,172.29,171.09,171.98,496.51885858
2020-05-09 15:00:00,171.2,172.31,171.99,172.03,247.21640192
2020-05-09 16:00:00,171.98,173.2,172.31,172.25,241.9019139
2020-05-09 17:00:00,171.71,172.57,172.31,171.76,269.6137156
2020-05-09 18:00:00,170.65,172.2,171.94,170.65,215.50194534
2020-05-09 19:00:00,170.21,172.24,170.52,171.8,206.40362143
2020-05-09 20:00:00,171.07,172.5,172.1,171.13,263.51638929
2020-05-09 21:00:00,170.38,171.48,171.13,170.38,99.50301129
2020-05-09 22:00:00,169.75,171.07,170.2,170.66,360.75833842
2020-05-09 23:00:00,169.4,170.97,170.32,169.4,129.76275506
2020-05-10 00:00:00,150.01,169.57,169.51,157.05,4459.53660377
2020-05-10 01:00:00,153.56,157.69,156.88,154.36,2655.85949176
2020-05-10 02:00:00,150.7,154.16,154.16,151.42,1671.37392362
2020-05-10 03:00:00,147.37,151.84,151.3,150.38,898.93526592
2020-05-10 04:00:00,148.31,150.77,150.4,150.77,1050.25915377
2020-05-10 05:00:00,150.58,152.27,150.6,151.98,866.02979393
2020-05-10 06:00:00,151.21,152.36,151.98,151.85,1622.88461451
2020-05-10 07:00:00,151.69,156.93,151.95,156.04,2684.29700095
2020-05-10 08:00:00,154.85,159.77,156.18,155.99,5930.80680914
2020-05-10 09:00:00,154.47,156.2,156.13,154.47,1568.98545741
2020-05-10 10:00:00,153.56,155.05,154.19,154.85,723.72220324
2020-05-10 11:00:00,152.45,154.88,154.88,153.83,632.78814662
2020-05-10 12:00:00,153.0,154.24,153.68,153.64,565.63457242
2020-05-10 13:00:00,153.5,154.94,153.82,154.62,509.9709076
2020-05-10 14:00:00,151.08,154.64,154.27,152.42,711.44683621
2020-05-10 15:00:00,151.75,153.3,152.26,152.58,589.63601411
2020-05-10 16:00:00,146.3,153.5,152.63,146.31,1612.5835049
2020-05-10 17:00:00,145.73,149.93,146.22,149.49,1257.96523367
2020-05-10 18:00:00,148.9,150.46,149.64,149.34,562.56084432
2020-05-10 19:00:00,149.23,150.96,149.23,150.64,637.00588677
2020-05-10 20:00:00,150.36,153.49,150.36,152.31,1045.87251288
2020-05-10 21:00:00,151.84,154.39,152.45,153.14,590.58716276
2020-05-10 22:00:00,151.9,153.86,153.68,152.28,803.34461742
2020-05-10 23:00:00,149.95,152.85,152.85,151.87,723.2921064
2020-05-11 00:00:00,151.68,154.42,151.68,153.58,228.85355835
2020-05-11 01:00:00,152.28,153.74,153.74,152.53,134.20620361
2020-05-11 02:00:00,152.1,153.86,152.49,153.47,158.79100672
2020-05-11 03:00:00,152.09,153.74,153.55,152.22,209.88989818
2020-05-11 04:00:00,151.06,152.52,152.07,151.07,173.32668718
2020-05-11 05:00:00,151.01,151.99,151.19,151.79,53.13789204
2020-05-11 06:00:00,151.43,152.5,151.79,151.43,364.46985021
2020-05-11 07:00:00,150.55,152.25,151.43,151.83,337.13224247
2020-05-11 08:00:00,149.85,152.06,151.68,151.41,656.06926381
2020-05-11 09:00:00,149.23,151.28,151.28,149.37,654.55490212
2020-05-11 10:00:00,149.43,153.93,149.43,152.7,686.87507321
2020-05-11 11:00:00,152.07,154.91,152.72,154.43,535.33837749
2020-05-11 12:00:00,152.53,158.0,154.6,152.81,2141.73227444
2020-05-11 13:00:00,151.58,154.02,152.54,152.51,593.9053354
2020-05-11 14:00:00,152.15,153.45,152.35,152.75,498.75361926
2020-05-11 15:00:00,152.01,153.87,152.54,153.51,378.70359684
2020-05-11 16:00:00,147.7,153.81,153.44,149.37,3578.08559948
2020-05-11 17:00:00,148.63,150.73,148.94,149.1,756.90504943
2020-05-11 18:00:00,143.83,149.94,149.09,149.11,2226.27751393
2020-05-11 19:00:00,146.59,153.21,149.44,153.21,1696.15021204
2020-05-11 20:00:00,150.89,153.17,152.53,151.95,1330.61902975
2020-05-11 21:00:00,149.24,153.06,152.13,150.73,606.23108192
2020-05-11 22:00:00,149.0,151.47,151.07,151.04,1489.13193354
2020-05-11 23:00:00,149.45,151.82,151.04,151.37,434.0577614
2020-05-12 00:00:00,150.92,153.3,150.93,152.13,128.17528795
2020-05-12 01:00:00,151.49,152.8,152.49,152.34,59.00364851
2020-05-12 02:00:00,152.37,153.99,152.81,152.99,604.561256
2020-05-12 03:00:00,152.73,153.7,153.61,152.86,74.32998702
2020-05-12 04:00:00,152.38,153.66,153.66,152.61,59.2204063
2020-05-12 05:00:00,152.98,153.82,152.98,153.08,104.25557923
2020-05-12 06:00:00,152.86,153.99,153.29,153.39,113.56815911
2020-05-12 07:00:00,152.11,153.54,153.29,153.14,466.17110719
2020-05-12 08:00:00,152.62,154.66,152.81,154.49,1049.96134663
2020-05-12 09:00:00,154.09,155.51,154.48,154.18,1409.00924582
2020-05-12 10:00:00,153.51,154.81,154.37,154.79,543.60875703
2020-05-12 11:00:00,154.15,154.97,154.79,154.97,195.91819601
2020-05-12 12:00:00,153.71,155.0,154.67,154.63,119.19836092
2020-05-12 13:00:00,153.09,154.9,154.3,154.78,270.83944558
2020-05-12 14:00:00,154.8,156.05,154.8,155.69,361.90577835
2020-05-12 15:00:00,155.15,155.93,155.82,155.75,509.01022287
2020-05-12 16:00:00,155.29,156.35,156.0,156.11,364.07667884
2020-05-12 17:00:00,155.51,156.78,155.89,156.04,512.6569037
2020-05-12 18:00:00,155.4,155.94,155.84,155.52,235.78195485
2020-05-12 19:00:00,155.0,156.35,155.79,155.16,295.89306963
2020-05-12 20:00:00,154.24,155.64,154.88,155.05,276.43418305
2020-05-12 21:00:00,152.97,155.39,155.03,153.92,611.37161354
2020-05-12 22:00:00,153.25,155.5,154.01,155.14,571.87502644
2020-05-12 23:00:00,154.97,155.81,154.97,155.4,168.40972206
2020-05-13 00:00:00,155.33,156.3,155.42,156.11,128.99569071
2020-05-13 01:00:00,155.5,156.25,156.22,156.02,228.98120628
2020-05-13 02:00:00,155.39,156.37,156.15,156.31,51.72266557
2020-05-13 03:00:00,155.7,156.55,155.83,155.74,27.89120708
2020-05-13 04:00:00,155.5,155.92,155.77,155.69,79.68902098
2020-05-13 05:00:00,155.29,155.87,155.53,155.3,38.90193825
2020-05-13 06:00:00,154.92,155.69,155.26,155.65,197.83687747
2020-05-13 07:00:00,155.07,155.65,155.56,155.07,59.72257825
2020-05-13 08:00:00,153.97,155.44,155.06,155.4,675.34600012
2020-05-13 09:00:00,154.87,155.62,155.53,155.27,208.46637476
2020-05-13 10:00:00,154.72,155.66,155.07,155.61,186.22459268
2020-05-13 11:00:00,154.87,155.87,155.43,155.65,186.96540264
2020-05-13 12:00:00,155.21,158.48,155.65,158.4,914.36105253
2020-05-13 13:00:00,157.48,159.2,158.44,159.2,713.96911861
2020-05-13 14:00:00,159.19,162.4,159.19,161.52,577.04317669
2020-05-13 15:00:00,160.9,162.75,161.71,162.73,465.3238149
2020-05-13 16:00:00,161.01,163.36,162.55,161.43,542.02184479
2020-05-13 17:00:00,160.49,161.73,161.73,161.39,339.50742857
2020-05-13 18:00:00,160.94,161.78,161.43,161.16,331.44453339
2020-05-13 19:00:00,160.93,161.89,161.01,161.44,207.72645848
2020-05-13 20:00:00,161.55,163.27,161.56,162.38,809.90036255
2020-05-13 21:00:00,162.0,164.82,162.66,164.27,285.88909419
2020-05-13 22:00:00,162.41,164.39,164.39,163.2,463.27995523
2020-05-13 23:00:00,162.88,164.0,163.14,163.41,201.6049815
2020-05-14 00:00:00,162.54,164.61,163.88,162.73,427.92371378
2020-05-14 01:00:00,162.0,163.19,162.41,162.0,124.14638691
2020-05-14 02:00:00,161.87,162.9,162.0,162.9,115.2766943
2020-05-14 03:00:00,162.53,163.63,162.74,163.63,155.1763124
2020-05-14 04:00:00,162.29,163.47,163.47,162.43,184.85278582
2020-05-14 05:00:00,160.54,163.41,162.29,163.36,338.09893908
2020-05-14 06:00:00,162.92,163.9,163.43,163.63,92.61644541
2020-05-14 07:00:00,163.16,164.87,163.52,164.17,592.93935868
2020-05-14 08:00:00,163.46,166.43,164.34,166.16,573.31439589
2020-05-14 09:00:00,165.88,168.39,165.88,167.95,1399.58518224
2020-05-14 10:00:00,164.55,169.3,167.76,165.61,1142.96332434
2020-05-14 11:00:00,165.63,167.49,165.8,166.02,451.80400494
2020-05-14 12:00:00,164.76,166.19,166.17,165.53,578.11588478
2020-05-14 13:00:00,164.45,165.77,165.28,165.52,303.5508523
2020-05-14 14:00:00,164.64,166.33,165.51,165.38,510.17473427
2020-05-14 15:00:00,164.76,166.25,165.6,166.21,304.17604376
2020-05-14 16:00:00,162.34,166.38,165.92,163.37,584.3897381
2020-05-14 17:00:00,161.07,163.63,163.35,162.39,346.0450464
2020-05-14 18:00:00,162.42,164.6,162.42,164.26,483.32400741
2020-05-14 19:00:00,164.34,167.32,164.49,166.51,434.21319254
2020-05-14 20:00:00,165.54,167.92,166.68,165.63,509.9151385
2020-05-14 21:00:00,165.57,166.34,166.0,165.99,243.54045776
2020-05-14 22:00:00,166.0,166.99,166.03,166.31,694.80934455
2020-05-14 23:00:00,165.63,166.59,166.21,166.08,152.96126671
2020-05-15 00:00:00,165.02,166.21,166.21,165.75,327.86495198
2020-05-15 01:00:00,164.92,166.08,165.81,164.97,44.31550385
2020-05-15 02:00:00,160.76,164.76,164.76,163.29,1117.20008463
2020-05-15 03:00:00,163.23,164.38,163.23,163.63,228.1323623
2020-05-15 04:00:00,162.95,164.06,163.47,163.0,131.00765101
2020-05-15 05:00:00,162.67,163.87,163.07,163.76,254.83421119
2020-05-15 06:00:00,163.8,165.43,163.8,164.92,135.93571056
2020-05-15 07:00:00,164.71,165.77,164.89,165.19,288.07488418
2020-05-15 08:00:00,164.1,165.23,165.0,164.1,168.4524442
2020-05-15 09:00:00,163.75,164.7,164.0,164.09,230.16979285
2020-05-15 10:00:00,163.22,164.5,163.8,164.1,186.14402619
2020-05-15 11:00:00,164.1,165.87,164.49,165.64,66.93160593
2020-05-15 12:00:00,163.73,165.65,165.65,163.91,429.37759598
2020-05-15 13:00:00,163.73,164.93,163.9,164.66,233.79618061
2020-05-15 14:00:00,164.56,165.39,164.64,164.89,252.02221775
2020-05-15 15:00:00,162.51,164.98,164.98,163.58,607.91576354
2020-05-15 16:00:00,163.0,164.15,163.42,163.07,167.50855149
2020-05-15 17:00:00,163.0,164.46,163.05,163.62,285.69100547
2020-05-15 18:00:00,163.62,164.35,163.63,163.77,284.57779082
2020-05-15 19:00:00,160.6,163.85,163.77,160.65,1103.94110903
2020-05-15 20:00:00,158.53,161.05,160.59,159.94,617.80476021
2020-05-15 21:00:00,159.6,162.52,160.15,161.98,527.12346122
2020-05-15 22:00:00,161.7,163.5,162.41,162.13,540.68988532
2020-05-15 23:00:00,160.13,162.6,162.13,160.66,181.5735328
2020-05-16 00:00:00,159.48,162.96,160.91,162.82,335.02163004
2020-05-16 01:00:00,161.75,163.29,162.73,163.29,144.33925253
2020-05-16 02:00:00,163.07,164.79,163.5,164.46,198.46871378
2020-05-16 03:00:00,163.84,164.75,164.42,164.75,187.3611746
2020-05-16 04:00:00,164.69,166.2,165.0,166.2,275.92611159
2020-05-16 05:00:00,165.05,166.74,166.4,165.37,159.72402829
2020-05-16 06:00:00,165.11,165.8,165.11,165.51,81.62469273
2020-05-16 07:00:00,164.44,166.16,166.16,164.51,197.86673946
2020-05-16 08:00:00,164.07,165.67,164.77,165.67,236.83434751
2020-05-16 09:00:00,164.44,165.52,165.48,165.07,85.3333766
2020-05-16 10:00:00,164.64,166.21,165.12,166.2,129.70871175
2020-05-16 11:00:00,165.18,166.37,165.95,165.68,242.36752812
2020-05-16 12:00:00,165.91,167.76,165.96,167.02,484.26374545
2020-05-16 13:00:00,166.33,167.95,167.26,166.97,161.90578018
2020-05-16 14:00:00,165.53,167.43,166.97,166.4,134.88794986
2020-05-16 15:00:00,165.61,166.55,166.51,166.05,135.87270584
2020-05-16 16:00:00,164.19,166.52,165.95,165.63,145.90312801
2020-05-16 17:00:00,164.0,166.23,165.96,164.5,210.10713762
2020-05-16 18:00:00,164.06,164.97,164.32,164.29,991.19194178
2020-05-16 19:00:00,164.07,165.69,164.4,165.57,136.99117634
2020-05-16 20:00:00,165.06,165.9,165.52,165.79,138.10904387
2020-05-16 21:00:00,165.61,167.06,165.61,166.55,409.38353051
2020-05-16 22:00:00,166.05,166.9,166.56,166.6,151.61847687
2020-05-16 23:00:00,165.63,166.88,166.67,165.65,88.84952777
2020-05-17 00:00:00,165.17,166.87,165.63,166.59,213.99431229
2020-05-17 01:00:00,166.19,167.2,166.62,166.36,54.16701444
2020-05-17 02:00:00,166.15,166.7,166.34,166.16,119.01892124
2020-05-17 03:00:00,165.99,166.57,166.36,166.02,48.66776178
2020-05-17 04:00:00,165.5,166.38,166.38,165.95,64.37824008
2020-05-17 05:00:00,165.42,166.12,166.04,165.83,70.49915112
2020-05-17 06:00:00,165.65,167.13,165.92,167.13,79.15624961
2020-05-17 07:00:00,166.39,167.16,167.07,167.16,140.13635565
2020-05-17 08:00:00,165.98,167.14,167.14,166.29,84.60884856
2020-05-17 09:00:00,165.98,167.08,165.98,166.43,126.87720392
2020-05-17 10:00:00,166.41,167.1,166.88,167.01,101.94906585
2020-05-17 11:00:00,166.24,167.01,167.01,166.65,86.76167462
2020-05-17 12:00:00,166.61,170.72,166.76,170.72,1629.06899622
2020-05-17 13:00:00,169.81,171.19,170.74,170.22,604.57794531
2020-05-17 14:00:00,170.0,172.5,170.25,171.92,425.56197959
2020-05-17 15:00:00,170.44,172.47,172.17,171.44,444.50970491
2020-05-17 16:00:00,170.21,171.74,171.5,170.68,469.45600972
2020-05-17 17:00:00,170.25,171.42,170.61,171.25,495.19208694
2020-05-17 18:00:00,169.8,171.3,171.16,170.92,198.40246958
2020-05-17 19:00:00,170.55,171.45,170.93,171.44,473.25847965
2020-05-17 20:00:00,171.01,171.45,171.32,171.41,301.12731475
2020-05-17 21:00:00,171.41,173.27,171.41,172.14,1067.26018649
2020-05-17 22:00:00,169.54,171.93,171.92,170.99,521.24958718
2020-05-17 23:00:00,170.17,171.43,170.94,170.93,210.70348073
2020-05-18 00:00:00,170.91,172.2,170.91,171.74,114.56216674
2020-05-18 01:00:00,171.45,174.77,171.45,174.76,975.54281819
2020-05-18 02:00:00,173.54,175.0,174.76,174.64,722.32988141
2020-05-18 03:00:00,174.34,175.91,174.71,175.0,533.63617871
2020-05-18 04:00:00,174.99,176.84,174.99,176.84,389.19145424
2020-05-18 05:00:00,175.29,176.82,176.56,175.29,310.85979061
2020-05-18 06:00:00,174.28,176.15,175.35,175.53,815.02585465
2020-05-18 07:00:00,175.5,176.92,175.56,176.18,779.93108907
2020-05-18 08:00:00,174.0,177.31,176.18,175.5,735.70478162
2020-05-18 09:00:00,173.0,176.01,175.5,174.0,1164.66997959
2020-05-18 10:00:00,174.0,175.44,174.05,175.35,301.30394075
2020-05-18 11:00:00,174.63,175.78,175.34,174.86,445.68019322
2020-05-18 12:00:00,173.31,175.02,174.64,174.66,524.88718584
2020-05-18 13:00:00,174.31,175.37,174.94,174.71,170.57399219
2020-05-18 14:00:00,174.12,175.18,174.63,174.56,496.52657045
2020-05-18 15:00:00,172.5,174.93,174.62,173.51,289.95035676
2020-05-18 16:00:00,171.78,174.5,173.53,174.2,448.87237895
2020-05-18 17:00:00,173.11,174.6,174.23,174.0,190.67357937
2020-05-18 18:00:00,173.97,174.93,174.22,174.02,112.38052801
2020-05-18 19:00:00,174.0,175.43,174.19,175.06,621.06847702
2020-05-18 20:00:00,174.64,175.11,174.99,175.04,131.5412489
2020-05-18 21:00:00,174.72,175.67,174.81,175.2,587.15939361
2020-05-18 22:00:00,174.93,176.5,175.12,176.27,293.51803697
2020-05-18 23:00:00,175.92,176.68,176.2,176.45,190.67438853
2020-05-19 00:00:00,173.51,176.45,176.45,173.89,527.07335628
2020-05-19 01:00:00,173.54,174.49,173.89,174.43,66.08731968
2020-05-19 02:00:00,172.69,174.44,174.34,173.84,362.68204882
2020-05-19 03:00:00,172.32,174.28,173.89,172.52,151.28285225
2020-05-19 04:00:00,172.08,173.44,172.83,173.01,46.19813741
2020-05-19 05:00:00,172.95,174.69,173.16,174.69,290.4534013
2020-05-19 06:00:00,173.02,174.51,174.51,173.48,139.58106089
2020-05-19 07:00:00,173.01,173.79,173.4,173.08,115.76276646
2020-05-19 08:00:00,173.1,175.89,173.1,175.0,596.61606941
2020-05-19 09:00:00,174.66,175.55,175.12,175.27,193.3851051
2020-05-19 10:00:00,174.81,175.54,175.36,175.0,174.46797271
2020-05-19 11:00:00,173.77,176.4,174.9,174.08,633.35586207
2020-05-19 12:00:00,172.66,174.34,174.09,172.82,328.99360097
2020-05-19 13:00:00,172.65,173.99,172.69,173.55,429.72339709
2020-05-19 14:00:00,173.57,174.25,173.66,174.0,210.9618136
2020-05-19 15:00:00,173.34,174.15,174.15,173.51,192.67328067
2020-05-19 16:00:00,173.53,175.51,173.53,174.61,292.9972414
2020-05-19 17:00:00,173.51,175.01,174.96,174.11,307.97512684
2020-05-19 18:00:00,173.37,174.22,174.0,173.97,453.34786358
2020-05-19 19:00:00,172.92,174.23,173.89,172.92,258.59455432
2020-05-19 20:00:00,172.2,173.86,172.89,173.86,658.208551
2020-05-19 21:00:00,173.41,174.28,173.93,173.59,127.14957968
2020-05-19 22:00:00,173.38,175.0,173.64,174.11,108.17029963
2020-05-19 23:00:00,174.0,175.37,174.37,175.37,132.52998226
2020-05-20 00:00:00,174.5,175.6,175.5,174.5,91.09340165
2020-05-20 01:00:00,174.42,175.08,174.62,174.93,71.91144921
2020-05-20 02:00:00,173.41,174.94,174.8,174.4,65.36169707
2020-05-20 03:00:00,173.82,174.6,174.46,174.08,45.4675507
2020-05-20 04:00:00,173.82,174.5,173.86,174.47,48.14330116
2020-05-20 05:00:00,174.04,174.56,174.54,174.53,70.39374745
2020-05-20 06:00:00,173.3,176.09,174.44,173.98,411.2381126
2020-05-20 07:00:00,174.08,175.5,174.08,174.67,174.35813106
2020-05-20 08:00:00,174.39,175.59,174.41,174.93,262.24444895
2020-05-20 09:00:00,174.43,175.32,175.28,174.73,155.78693835
2020-05-20 10:00:00,174.21,175.0,174.94,174.36,153.72982637
2020-05-20 11:00:00,173.78,174.71,174.36,174.14,142.61420436
2020-05-20 12:00:00,173.98,175.4,174.26,175.15,452.14293975
2020-05-20 13:00:00,174.44,175.23,174.9,175.23,326.46392956
2020-05-20 14:00:00,174.65,175.5,175.4,174.69,118.44722458
2020-05-20 15:00:00,168.66,174.84,174.84,170.15,3538.12580277
2020-05-20 16:00:00,169.03,172.07,170.15,171.3,1266.80765358
2020-05-20 17:00:00,170.76,171.92,171.18,171.71,551.08563962
2020-05-20 18:00:00,171.34,172.13,171.42,172.04,161.36464291
2020-05-20 19:00:00,170.99,172.05,172.02,171.96,383.33284184
2020-05-20 20:00:00,171.3,172.55,171.74,172.35,282.93533064
2020-05-20 21:00:00,171.92,172.57,172.38,172.06,346.6895728
2020-05-20 22:00:00,171.66,172.41,172.37,171.93,263.42027418
2020-05-20 23:00:00,171.27,172.28,171.99,171.95,198.25037457
2020-05-21 00:00:00,171.57,173.62,171.87,173.39,275.82870296
2020-05-21 01:00:00,172.75,173.65,173.65,173.0,90.13985929
2020-05-21 02:00:00,172.0,173.18,173.18,172.0,269.67377663
2020-05-21 03:00:00,171.62,172.32,171.82,171.67,73.13104138
2020-05-21 04:00:00,171.36,172.13,171.95,171.96,71.7056617
2020-05-21 05:00:00,171.97,172.61,172.18,172.2,63.04066156
2020-05-21 06:00:00,171.71,172.69,172.5,171.71,41.67732686
2020-05-21 07:00:00,171.27,171.85,171.5,171.64,228.48196641
2020-05-21 08:00:00,167.57,172.44,171.85,169.19,811.42915381
2020-05-21 09:00:00,168.8,170.16,169.12,168.9,218.46972218
2020-05-21 10:00:00,168.31,169.56,168.9,169.48,260.811299
2020-05-21 11:00:00,169.28,170.27,169.46,170.27,158.27212962
2020-05-21 12:00:00,168.63,170.25,170.25,169.11,182.11305404
2020-05-21 13:00:00,167.5,169.83,169.06,167.95,919.11614276
2020-05-21 14:00:00,160.79,168.27,167.81,164.0,1962.23438238
2020-05-21 15:00:00,162.81,165.3,163.91,162.81,936.48915544
2020-05-21 16:00:00,162.43,164.19,162.8,163.19,456.92977663
2020-05-21 17:00:00,161.27,163.28,163.13,161.27,290.24632812
2020-05-21 18:00:00,156.61,163.5,161.33,157.37,1497.1099683
2020-05-21 19:00:00,157.07,163.48,157.24,163.01,1246.90835171
2020-05-21 20:00:00,161.91,163.27,162.97,163.19,341.4352082
2020-05-21 21:00:00,162.95,164.48,163.16,163.19,434.67110131
2020-05-21 22:00:00,163.11,164.69,163.33,164.4,609.13695077
2020-05-21 23:00:00,162.57,164.47,164.34,162.88,333.46750117
2020-05-22 00:00:00,160.98,162.77,162.77,162.31,448.19144295
2020-05-22 01:00:00,162.97,163.7,162.97,163.22,47.39616075
2020-05-22 02:00:00,162.61,163.67,163.35,162.84,79.95846287
2020-05-22 03:00:00,161.61,163.09,163.09,161.89,63.72363529
2020-05-22 04:00:00,161.38,162.45,161.92,161.73,98.7582574
2020-05-22 05:00:00,161.72,163.23,162.01,163.12,104.15125879
2020-05-22 06:00:00,163.05,164.41,163.21,164.34,133.70754142
2020-05-22 07:00:00,164.33,166.84,164.33,166.24,309.91687389
2020-05-22 08:00:00,165.2,166.69,166.23,166.08,496.36720306
2020-05-22 09:00:00,165.06,166.65,166.04,166.65,525.83788139
2020-05-22 10:00:00,166.79,167.85,166.82,167.34,520.66207992
2020-05-22 11:00:00,166.46,167.54,167.41,167.51,248.50944968
2020-05-22 12:00:00,167.38,168.15,167.41,167.45,270.02959467
2020-05-22 13:00:00,165.54,167.4,167.18,166.12,232.45015489
2020-05-22 14:00:00,166.25,167.28,166.25,166.71,261.26131998
2020-05-22 15:00:00,166.85,169.24,167.0,168.95,338.312358
2020-05-22 16:00:00,168.57,172.05,169.15,171.53,879.32440261
2020-05-22 17:00:00,170.4,171.96,171.46,170.77,798.68474618
2020-05-22 18:00:00,170.85,172.06,170.85,171.56,587.70403404
2020-05-22 19:00:00,170.0,172.06,171.56,170.87,319.24882021
2020-05-22 20:00:00,170.19,172.06,170.79,171.51,267.44796543
2020-05-22 21:00:00,171.04,172.21,171.65,171.6,64.99040612
2020-05-22 22:00:00,171.15,172.14,171.96,171.67,228.20815802
2020-05-22 23:00:00,169.92,171.68,171.62,170.8,331.89931765
2020-05-23 00:00:00,171.2,172.5,171.2,172.3,59.55407894
2020-05-23 01:00:00,171.77,172.49,172.26,171.88,91.75240163
2020-05-23 02:00:00,172.08,173.6,172.14,173.51,581.73794363
2020-05-23 03:00:00,172.66,173.8,173.67,173.04,89.77210225
2020-05-23 04:00:00,171.67,173.39,172.97,171.99,65.63754931
2020-05-23 05:00:00,171.27,172.22,171.92,171.85,178.27492717
2020-05-23 06:00:00,171.14,171.89,171.55,171.5,30.88052698
2020-05-23 07:00:00,170.94,172.13,171.44,171.09,123.82121551
2020-05-23 08:00:00,170.22,171.31,170.99,171.0,116.32749656
2020-05-23 09:00:00,169.67,171.66,171.02,169.89,263.52603672
2020-05-23 10:00:00,169.12,170.49,169.82,169.85,917.05524079
2020-05-23 11:00:00,170.23,171.14,170.42,170.82,288.93882786
2020-05-23 12:00:00,168.67,170.83,170.79,170.04,644.88634265
2020-05-23 13:00:00,169.51,170.55,169.97,169.52,186.54312375
2020-05-23 14:00:00,169.14,171.5,169.33,171.23,107.88117221
2020-05-23 15:00:00,170.32,171.39,171.05,171.39,278.80107239
2020-05-23 16:00:00,169.63,171.81,171.33,170.6,478.09508523
2020-05-23 17:00:00,170.04,171.09,170.61,170.49,354.46594145
2020-05-23 18:00:00,169.99,171.11,170.5,170.44,174.06461365
2020-05-23 19:00:00,169.67,170.88,170.25,170.52,87.91879399
2020-05-23 20:00:00,170.54,171.76,170.72,171.24,156.71541712
2020-05-23 21:00:00,170.86,171.55,171.53,171.55,101.28474892
2020-05-23 22:00:00,170.98,171.64,171.45,171.29,29.16141252
2020-05-23 23:00:00,170.01,171.73,171.29,170.13,114.93523884
2020-05-24 00:00:00,169.82,171.19,170.17,171.11,42.2240323
2020-05-24 01:00:00,170.52,171.44,170.81,171.13,21.06497205
2020-05-24 02:00:00,171.28,172.71,171.43,172.4,54.01373334
2020-05-24 03:00:00,171.08,172.45,172.45,172.08,156.31678149
2020-05-24 04:00:00,171.58,172.49,172.12,171.58,21.12359312
2020-05-24 05:00:00,171.28,172.5,171.28,172.5,30.60493461
2020-05-24 06:00:00,172.61,173.3,172.73,172.99,202.80135717
2020-05-24 07:00:00,172.49,173.3,173.3,173.02,129.3415513
2020-05-24 08:00:00,172.5,173.29,173.29,172.84,204.52551695
2020-05-24 09:00:00,173.0,173.44,173.11,173.09,339.48479382
2020-05-24 10:00:00,172.58,173.4,173.15,172.64,187.7307142
2020-05-24 11:00:00,169.5,172.93,172.64,169.5,1101.13410807
2020-05-24 12:00:00,169.26,170.86,169.26,170.57,342.05991384
2020-05-24 13:00:00,169.0,170.81,170.5,169.23,405.49061094
2020-05-24 14:00:00,167.93,169.78,169.0,169.44,525.35333419
2020-05-24 15:00:00,168.9,170.5,169.44,169.2,143.25314173
2020-05-24 16:00:00,166.12,169.01,169.01,168.01,591.81858914
2020-05-24 17:00:00,167.86,168.68,168.01,168.17,263.20416853
2020-05-24 18:00:00,167.45,168.68,167.97,167.76,249.63004654
2020-05-24 19:00:00,167.45,170.3,167.67,170.11,171.69566523
2020-05-24 20:00:00,169.77,170.68,169.89,169.98,90.74144356
2020-05-24 21:00:00,169.6,171.22,169.89,170.64,152.20517052
2020-05-24 22:00:00,169.31,170.67,170.6,169.86,84.2054883
2020-05-24 23:00:00,164.07,169.84,169.84,164.07,863.11739267
2020-05-25 00:00:00,163.02,167.24,164.01,167.04,630.39465031
2020-05-25 01:00:00,166.0,167.02,166.51,166.73,60.78171089
2020-05-25 02:00:00,165.98,167.01,166.25,166.79,39.02152569
2020-05-25 03:00:00,165.56,166.55,166.47,166.55,23.88623254
2020-05-25 04:00:00,166.58,167.15,166.62,166.58,5.22185352
2020-05-25 05:00:00,166.0,166.68,166.68,166.42,116.66758657
2020-05-25 06:00:00,165.82,167.85,166.42,166.81,60.50942171
2020-05-25 07:00:00,166.8,168.47,166.8,168.35,81.86959951
2020-05-25 08:00:00,167.0,168.6,168.24,167.12,157.66642922
2020-05-25 09:00:00,166.0,168.67,167.29,166.39,487.12699384
2020-05-25 10:00:00,166.0,167.85,166.82,166.0,241.89552353
2020-05-25 11:00:00,165.82,166.71,166.0,166.48,465.25738401
2020-05-25 12:00:00,166.26,167.53,166.26,167.05,134.07432043
2020-05-25 13:00:00,166.33,167.76,167.25,167.39,310.96108282
2020-05-25 14:00:00,166.41,168.08,168.0,166.68,738.99051376
2020-05-25 15:00:00,166.4,167.02,166.68,166.78,196.01756275
2020-05-25 16:00:00,166.34,167.93,166.86,167.5,140.45988383
2020-05-25 17:00:00,167.17,168.74,167.59,168.74,221.43856845
2020-05-25 18:00:00,167.87,168.6,168.34,168.42,91.2365999
2020-05-25 19:00:00,167.98,169.28,168.17,168.66,333.23238996
2020-05-25 20:00:00,167.98,168.7,168.67,168.47,806.96333287
2020-05-25 21:00:00,167.57,168.49,168.48,168.02,120.53174189
2020-05-25 22:00:00,167.18,168.44,168.02,167.5,283.22613277
2020-05-25 23:00:00,167.53,168.3,168.1,167.61,97.57014593
2020-05-26 00:00:00,166.45,168.16,167.72,166.85,323.51395902
2020-05-26 01:00:00,166.98,167.69,167.22,167.51,162.98900223
2020-05-26 02:00:00,167.29,167.94,167.6,167.82,20.15930623
2020-05-26 03:00:00,167.5,167.98,167.79,167.55,5.99267501
2020-05-26 04:00:00,167.07,167.71,167.5,167.5,64.15101241
2020-05-26 05:00:00,166.96,167.59,167.45,167.48,20.42573875
2020-05-26 06:00:00,165.56,167.41,167.41,165.56,107.24995441
2020-05-26 07:00:00,165.16,166.69,165.64,166.35,68.25503171
2020-05-26 08:00:00,165.64,166.92,166.35,165.64,170.87119281
2020-05-26 09:00:00,165.01,165.79,165.65,165.44,237.74892764
2020-05-26 10:00:00,164.45,165.45,165.4,164.78,321.59316994
2020-05-26 11:00:00,164.27,165.01,164.64,164.39,128.88911582
2020-05-26 12:00:00,162.87,164.62,164.26,162.94,494.58004506
2020-05-26 13:00:00,162.57,164.16,162.87,163.72,386.91274149
2020-05-26 14:00:00,163.0,164.33,163.53,163.0,269.9606917
2020-05-26 15:00:00,160.12,163.33,163.17,160.29,405.03486952
2020-05-26 16:00:00,160.0,162.25,160.17,162.07,596.56139161
2020-05-26 17:00:00,161.97,162.78,162.16,162.62,179.77958847
2020-05-26 18:00:00,161.96,162.84,162.68,162.51,124.62214209
2020-05-26 19:00:00,161.48,162.46,162.4,161.91,181.69554806
2020-05-26 20:00:00,161.91,164.65,161.91,164.26,444.00969626
2020-05-26 21:00:00,163.26,164.48,164.39,163.4,206.96934826
2020-05-26 22:00:00,163.0,163.53,163.4,163.51,90.75401935
2020-05-26 23:00:00,162.88,163.54,163.22,163.36,53.75686753
2020-05-27 00:00:00,163.12,164.33,163.36,164.1,33.20416025
2020-05-27 01:00:00,163.43,164.45,164.2,163.47,52.41758805
2020-05-27 02:00:00,163.79,164.47,163.92,163.82,24.16919523
2020-05-27 03:00:00,163.8,164.31,163.94,164.15,9.19395822
2020-05-27 04:00:00,163.85,164.46,163.95,164.07,248.57049313
2020-05-27 05:00:00,163.99,165.63,164.36,165.42,29.36166939
2020-05-27 06:00:00,165.17,166.0,165.79,165.41,253.6746824
2020-05-27 07:00:00,164.73,165.76,165.43,165.32,54.27530105
2020-05-27 08:00:00,165.5,166.39,165.5,166.1,133.95079228
2020-05-27 09:00:00,165.61,166.58,166.24,165.79,366.6979426
2020-05-27 10:00:00,165.6,167.99,165.81,167.66,522.13440408
2020-05-27 11:00:00,167.29,168.23,167.45,168.22,397.90350682
2020-05-27 12:00:00,168.11,169.5,168.23,168.75,430.68309902
2020-05-27 13:00:00,168.21,169.0,168.57,168.49,160.98134748
2020-05-27 14:00:00,168.01,169.0,168.46,168.53,236.50602411
2020-05-27 15:00:00,168.52,169.78,168.53,168.96,191.47874851
2020-05-27 16:00:00,168.75,169.88,168.96,169.32,163.97353402
2020-05-27 17:00:00,169.17,169.88,169.17,169.55,133.48510111
2020-05-27 18:00:00,168.9,169.71,169.55,168.99,109.25545688
2020-05-27 19:00:00,168.35,169.22,169.18,168.61,95.08603135
2020-05-27 20:00:00,168.62,169.0,168.92,168.62,167.5194841
2020-05-27 21:00:00,167.6,168.65,168.62,168.09,241.61306723
2020-05-27 22:00:00,167.63,168.96,167.63,168.43,161.39823168
2020-05-27 23:00:00,168.14,170.27,168.42,170.26,236.71339474
2020-05-28 00:00:00,169.39,170.33,169.73,170.33,111.96910672
2020-05-28 01:00:00,169.23,170.5,170.5,169.55,22.15666748
2020-05-28 02:00:00,168.66,169.63,169.36,169.51,23.23635664
2020-05-28 03:00:00,168.77,169.31,169.3,168.86,13.62609352
2020-05-28 04:00:00,168.35,169.24,168.56,168.88,75.41689537
2020-05-28 05:00:00,168.19,168.78,168.41,168.49,9.38046618
2020-05-28 06:00:00,168.01,168.82,168.64,168.82,73.72694456
2020-05-28 07:00:00,167.28,168.91,168.91,167.76,234.84752175
2020-05-28 08:00:00,167.21,168.76,167.43,168.76,106.79237327
2020-05-28 09:00:00,168.25,169.23,168.76,169.01,95.78903515
2020-05-28 10:00:00,168.62,169.47,169.01,168.87,170.61765166
2020-05-28 11:00:00,168.51,169.68,168.88,169.68,121.2271555
2020-05-28 12:00:00,169.43,171.6,169.43,171.43,481.78752732
2020-05-28 13:00:00,170.51,171.9,171.54,170.84,389.75072986
2020-05-28 14:00:00,170.86,172.5,170.86,172.5,289.38802081
2020-05-28 15:00:00,172.25,174.5,172.5,174.09,868.46811079
2020-05-28 16:00:00,173.53,174.88,174.24,173.88,305.89363512
2020-05-28 17:00:00,173.63,174.49,173.93,174.2,186.30136622
2020-05-28 18:00:00,173.57,175.0,174.36,173.57,203.83549712
2020-05-28 19:00:00,173.41,175.0,173.54,175.0,251.80158118
2020-05-28 20:00:00,174.14,175.0,174.95,174.28,482.00745761
2020-05-28 21:00:00,173.68,174.87,174.5,173.97,91.73577148
2020-05-28 22:00:00,173.89,176.4,173.89,175.99,607.7485381
2020-05-28 23:00:00,175.96,178.98,175.96,178.52,1383.3077885
2020-05-29 00:00:00,178.79,182.01,178.79,179.79,1896.53479093
2020-05-29 01:00:00,178.59,180.84,179.94,179.07,96.38289121
2020-05-29 02:00:00,179.0,180.83,179.25,180.14,74.41185954
2020-05-29 03:00:00,179.71,180.74,180.37,179.92,134.54629106
2020-05-29 04:00:00,178.75,180.25,179.96,179.07,308.50506619
2020-05-29 05:00:00,177.99,179.29,179.04,178.92,151.0410696
2020-05-29 06:00:00,178.75,179.91,178.92,178.98,342.83068695
2020-05-29 07:00:00,178.47,179.99,178.9,179.53,990.91329033
2020-05-29 08:00:00,178.5,181.4,179.34,179.02,477.15582393
2020-05-29 09:00:00,177.99,179.11,178.59,178.83,293.42794821
2020-05-29 10:00:00,176.7,179.23,178.75,176.87,1397.66385676
2020-05-29 11:00:00,176.61,178.13,176.88,177.37,374.90175879
2020-05-29 12:00:00,176.61,178.57,177.37,177.57,145.61511974
2020-05-29 13:00:00,177.46,178.58,177.72,178.32,222.77889438
2020-05-29 14:00:00,177.65,178.95,178.13,178.0,252.80158767
2020-05-29 15:00:00,177.35,178.88,178.0,178.17,433.47236153
2020-05-29 16:00:00,178.28,180.92,178.43,180.68,291.24795172
2020-05-29 17:00:00,179.62,180.85,180.65,179.62,417.74918488
2020-05-29 18:00:00,178.75,179.78,179.62,179.49,166.45837606
2020-05-29 19:00:00,178.23,179.58,179.58,178.52,129.28437407
2020-05-29 20:00:00,177.96,179.01,178.56,179.01,344.87974537
2020-05-29 21:00:00,177.5,178.75,178.72,177.74,302.6012984
2020-05-29 22:00:00,177.49,179.36,177.51,179.26,204.12866543
2020-05-29 23:00:00,178.59,179.72,178.92,178.87,240.07235367
2020-05-30 00:00:00,177.74,179.09,179.09,178.05,115.76957974
2020-05-30 01:00:00,177.68,178.45,178.07,177.9,126.71846051
2020-05-30 02:00:00,177.81,178.36,177.81,178.36,30.01575144
2020-05-30 03:00:00,177.59,180.3,178.26,180.04,68.14724147
2020-05-30 04:00:00,180.26,185.48,180.53,184.64,509.96761108
2020-05-30 05:00:00,184.43,187.14,185.0,187.14,120.51025088
2020-05-30 06:00:00,186.24,189.02,187.96,188.15,393.44546317
2020-05-30 07:00:00,187.16,188.79,188.11,188.13,898.91506606
2020-05-30 08:00:00,188.08,189.8,188.24,188.33,743.60399783
2020-05-30 09:00:00,187.49,188.77,188.22,188.12,404.38740603
2020-05-30 10:00:00,187.94,190.37,188.38,190.37,1070.2718963
2020-05-30 11:00:00,190.02,193.27,190.37,191.69,1993.48224962
2020-05-30 12:00:00,190.09,192.32,191.87,192.09,763.6302059
2020-05-30 13:00:00,190.68,192.34,191.8,192.31,517.9908156
2020-05-30 14:00:00,191.59,193.76,192.37,193.05,685.42274275
2020-05-30 15:00:00,189.58,192.99,192.99,190.84,1559.5431435
2020-05-30 16:00:00,190.06,191.93,190.84,191.51,302.58821009
2020-05-30 17:00:00,191.0,191.75,191.48,191.11,296.46379823
2020-05-30 18:00:00,190.95,193.2,191.0,192.46,492.69302527
2020-05-30 19:00:00,191.33,192.52,192.17,192.42,267.27084862
2020-05-30 20:00:00,189.89,192.52,192.42,190.64,812.00201767
2020-05-30 21:00:00,191.0,194.78,191.0,194.39,418.64621631
2020-05-30 22:00:00,193.54,199.4,194.47,198.89,1839.72081836
2020-05-30 23:00:00,195.01,198.89,198.89,196.74,1198.8152528
2020-05-31 00:00:00,195.53,198.0,196.61,198.0,420.40888124
2020-05-31 01:00:00,195.68,198.28,197.67,196.35,345.31396821
2020-05-31 02:00:00,195.72,196.77,196.4,196.19,116.66554708
2020-05-31 03:00:00,190.67,195.89,195.88,191.84,361.15472023
2020-05-31 04:00:00,191.06,192.76,191.71,192.41,132.48495995
2020-05-31 05:00:00,192.26,193.9,192.28,192.91,190.56016412
2020-05-31 06:00:00,192.14,193.36,193.19,192.47,76.50919343
2020-05-31 07:00:00,192.53,194.75,192.57,194.2,197.80384592
2020-05-31 08:00:00,191.66,194.14,194.0,191.66,652.37668384
2020-05-31 09:00:00,190.88,193.12,191.91,192.17,342.30295572
2020-05-31 10:00:00,192.15,194.71,192.78,194.19,466.45394595
2020-05-31 11:00:00,192.93,194.04,194.04,193.73,189.49210506
2020-05-31 12:00:00,192.73,194.74,193.55,193.24,511.59731271
2020-05-31 13:00:00,192.05,194.13,193.5,192.42,511.36552275
2020-05-31 14:00:00,190.0,192.9,192.46,190.0,588.63916514
2020-05-31 15:00:00,188.53,190.61,189.9,189.57,582.18644547
2020-05-31 16:00:00,189.52,191.54,189.62,191.54,368.54426282
2020-05-31 17:00:00,190.0,191.7,191.6,190.26,359.26324072
2020-05-31 18:00:00,190.0,191.32,190.24,190.46,190.21061801
2020-05-31 19:00:00,190.46,192.34,190.69,192.11,157.24199728
2020-05-31 20:00:00,190.86,192.0,192.0,191.77,181.66604177
2020-05-31 21:00:00,188.94,191.41,191.27,190.41,324.07317473
2020-05-31 22:00:00,189.01,191.83,190.66,189.55,355.25554387
2020-05-31 23:00:00,186.58,189.5,189.5,187.61,726.34164066
2020-06-01 00:00:00,187.19,189.28,187.53,188.86,207.6698437
2020-06-01 01:00:00,188.02,191.0,188.85,190.63,88.10840577
2020-06-01 02:00:00,190.93,193.54,190.93,192.63,296.36850019
2020-06-01 03:00:00,192.55,193.31,192.89,193.31,20.6566674
2020-06-01 04:00:00,193.4,195.8,193.52,193.75,334.16157658
2020-06-01 05:00:00,191.83,194.28,194.28,191.95,61.3379225
2020-06-01 06:00:00,191.5,193.25,192.36,192.42,505.21695206
2020-06-01 07:00:00,191.92,193.01,192.09,192.06,234.05472847
2020-06-01 08:00:00,190.8,192.78,192.36,191.59,370.07594655
2020-06-01 09:00:00,191.11,192.69,191.56,191.12,172.31494376
2020-06-01 10:00:00,190.39,191.81,191.27,191.64,214.90614924
2020-06-01 11:00:00,190.37,192.06,191.81,190.37,328.48421591
2020-06-01 12:00:00,189.79,194.3,190.62,193.19,497.79443665
2020-06-01 13:00:00,191.89,193.36,193.36,192.45,282.81399887
2020-06-01 14:00:00,191.82,193.5,192.41,192.12,340.67241401
2020-06-01 15:00:00,189.87,192.02,192.02,191.06,280.1579093
2020-06-01 16:00:00,191.0,193.0,191.0,192.68,414.21161097
2020-06-01 17:00:00,191.06,192.73,192.65,191.75,126.36053969
2020-06-01 18:00:00,190.91,191.99,191.87,191.56,133.86223207
2020-06-01 19:00:00,190.41,192.24,191.73,190.41,192.42094526
2020-06-01 20:00:00,190.3,194.55,190.95,194.04,283.25574999
2020-06-01 21:00:00,192.24,194.15,194.15,193.75,488.18634434
2020-06-01 22:00:00,193.52,198.0,193.67,198.0,1080.82537452
2020-06-01 23:00:00,197.22,201.04,197.78,198.67,1897.24942652
2020-06-02 00:00:00,196.74,199.66,198.67,197.39,651.661632
2020-06-02 01:00:00,196.36,198.11,197.35,197.84,347.80996826
2020-06-02 02:00:00,197.0,197.84,197.07,197.52,120.79900166
2020-06-02 03:00:00,196.71,197.82,197.53,197.56,162.28637874
2020-06-02 04:00:00,197.33,198.2,197.56,198.08,51.76639058
2020-06-02 05:00:00,197.69,199.65,198.02,198.48,226.35096315
2020-06-02 06:00:00,197.32,199.11,198.3,197.75,191.10121859
2020-06-02 07:00:00,197.52,198.76,197.65,198.5,377.01713207
2020-06-02 08:00:00,197.9,199.33,198.5,197.92,587.67934609
2020-06-02 09:00:00,197.91,198.77,197.95,197.91,356.67164859
2020-06-02 10:00:00,198.04,202.12,198.22,201.8,828.63551072
2020-06-02 11:00:00,200.66,201.99,201.83,201.05,870.66939074
2020-06-02 12:00:00,200.03,201.76,200.91,200.65,503.42746707
2020-06-02 13:00:00,200.2,201.1,200.44,200.7,555.14187796
2020-06-02 14:00:00,180.09,201.09,200.45,187.52,4004.75969545
2020-06-02 15:00:00,183.35,190.99,187.35,187.13,4039.71717769
2020-06-02 16:00:00,185.75,187.46,186.69,187.44,1481.03201947
2020-06-02 17:00:00,186.01,188.08,187.08,187.79,1104.67811428
2020-06-02 18:00:00,187.08,188.15,187.72,187.58,399.21061131
2020-06-02 19:00:00,187.29,189.32,187.55,188.92,275.51102549
2020-06-02 20:00:00,187.71,188.99,188.84,188.89,352.64667566
2020-06-02 21:00:00,188.61,190.96,188.84,190.11,902.48896997
2020-06-02 22:00:00,188.85,191.0,190.14,189.58,480.19801623
2020-06-02 23:00:00,188.5,189.65,189.07,189.48,385.74763548
2020-06-03 00:00:00,188.79,189.93,189.26,189.5,109.13401039
2020-06-03 01:00:00,188.55,189.51,189.51,189.07,127.85931281
2020-06-03 02:00:00,187.3,189.18,189.17,188.24,155.13580838
2020-06-03 03:00:00,187.47,188.32,188.22,187.79,29.5683318
2020-06-03 04:00:00,187.37,188.55,187.55,187.9,28.72416513
2020-06-03 05:00:00,186.01,188.68,187.9,188.51,258.80360872
2020-06-03 06:00:00,188.1,189.19,188.57,188.34,457.17898383
2020-06-03 07:00:00,187.75,189.08,188.51,188.85,492.04071497
2020-06-03 08:00:00,188.45,189.6,188.86,188.75,254.90939497
2020-06-03 09:00:00,188.64,189.99,188.64,189.99,350.89816327
2020-06-03 10:00:00,189.97,191.71,189.97,191.71,937.6553969
2020-06-03 11:00:00,190.0,191.42,191.39,191.37,827.98373362
2020-06-03 12:00:00,190.01,191.84,191.42,190.6,304.90650798
2020-06-03 13:00:00,190.41,191.44,190.86,190.9,253.7729394
2020-06-03 14:00:00,189.13,191.05,190.91,190.57,417.93549325
2020-06-03 15:00:00,189.44,190.95,190.57,190.49,582.99571528
2020-06-03 16:00:00,190.08,191.4,190.61,191.07,194.11373586
2020-06-03 17:00:00,190.28,191.28,190.96,190.36,142.2777695
2020-06-03 18:00:00,189.92,192.81,190.17,192.72,187.34099516
2020-06-03 19:00:00,190.92,193.5,192.87,191.82,562.69177254
2020-06-03 20:00:00,191.22,192.95,191.88,192.53,246.26822879
2020-06-03 21:00:00,192.0,193.11,192.52,192.29,214.69850401
2020-06-03 22:00:00,192.41,194.14,192.71,194.0,328.01267665
2020-06-03 23:00:00,193.14,195.27,194.14,195.27,257.66601565
2020-06-04 00:00:00,194.07,195.2,195.2,194.72,72.55982934
2020-06-04 01:00:00,194.34,195.78,194.96,195.64,44.21779737
2020-06-04 02:00:00,195.63,196.8,195.63,196.71,138.35610703
2020-06-04 03:00:00,195.81,196.71,196.71,195.81,105.97796413
2020-06-04 04:00:00,194.64,196.02,196.02,195.36,103.8016056
2020-06-04 05:00:00,194.0,195.56,195.31,194.32,127.51033663
2020-06-04 06:00:00,194.07,195.39,194.38,194.88,173.58691853
2020-06-04 07:00:00,194.7,195.44,195.07,194.71,140.04111121
2020-06-04 08:00:00,194.37,195.27,194.96,195.18,229.05308639
2020-06-04 09:00:00,190.5,195.12,194.9,192.37,956.15886533
2020-06-04 10:00:00,190.79,192.59,192.51,192.05,395.74412088
2020-06-04 11:00:00,188.6,193.9,191.83,193.65,481.87100562
2020-06-04 12:00:00,192.55,194.91,193.23,194.47,541.3077695
2020-06-04 13:00:00,194.16,196.0,194.58,195.23,408.06953972
2020-06-04 14:00:00,192.5,195.49,195.42,193.52,214.00187511
2020-06-04 15:00:00,192.86,194.99,193.61,194.68,290.21189006
2020-06-04 16:00:00,193.03,194.92,194.9,193.51,530.44770592
2020-06-04 17:00:00,193.21,194.04,193.53,193.94,98.58961157
2020-06-04 18:00:00,190.81,194.18,194.16,191.21,422.46707183
2020-06-04 19:00:00,190.75,192.2,191.15,191.91,302.49515185
2020-06-04 20:00:00,190.51,192.52,191.68,192.52,436.89271244
2020-06-04 21:00:00,191.63,192.35,192.23,192.3,309.47493928
2020-06-04 22:00:00,192.0,194.0,192.3,193.44,181.21888115
2020-06-04 23:00:00,192.86,194.08,193.44,193.35,170.69476496
2020-06-05 00:00:00,192.04,193.65,193.3,193.65,222.82275104
2020-06-05 01:00:00,193.13,194.6,193.23,193.91,177.16962096
2020-06-05 02:00:00,193.43,194.13,194.03,194.01,36.11087119
2020-06-05 03:00:00,192.5,194.2,193.77,193.57,35.35771229
2020-06-05 04:00:00,192.57,193.92,193.57,193.11,43.42218283
2020-06-05 05:00:00,193.1,193.86,193.31,193.25,96.21175039
2020-06-05 06:00:00,192.0,193.3,193.01,192.84,159.94535363
2020-06-05 07:00:00,192.08,193.05,192.82,192.78,31.27748347
2020-06-05 08:00:00,191.01,196.28,192.79,195.09,740.94812495
2020-06-05 09:00:00,193.55,195.47,195.47,194.82,198.38071869
2020-06-05 10:00:00,191.62,194.8,194.68,192.3,526.29832677
2020-06-05 11:00:00,191.03,193.26,192.43,192.3,386.3050015
2020-06-05 12:00:00,190.74,192.64,192.17,191.83,577.73247059
2020-06-05 13:00:00,190.84,192.52,192.02,192.42,326.06457435
2020-06-05 14:00:00,190.58,192.4,192.18,190.7,556.94051186
2020-06-05 15:00:00,188.37,191.16,190.57,190.95,640.20319366
2020-06-05 16:00:00,190.39,191.54,190.92,191.21,410.13348901
2020-06-05 17:00:00,190.89,192.0,191.13,191.52,389.99244113
2020-06-05 18:00:00,191.63,192.24,191.63,191.68,226.49406143
2020-06-05 19:00:00,190.82,192.04,191.84,191.75,116.42675162
2020-06-05 20:00:00,190.04,192.04,191.52,191.15,170.20159249
2020-06-05 21:00:00,190.0,191.32,191.15,190.48,404.35639721
2020-06-05 22:00:00,189.29,190.73,190.14,190.63,209.76244529
2020-06-05 23:00:00,189.35,190.91,190.33,189.66,139.8326415
2020-06-06 00:00:00,188.35,191.14,189.44,190.35,421.18324529
2020-06-06 01:00:00,189.04,190.65,190.35,189.04,65.96476965
2020-06-06 02:00:00,188.86,189.95,189.01,189.88,112.78096381
2020-06-06 03:00:00,189.03,190.38,189.85,190.38,36.50052431
2020-06-06 04:00:00,189.42,190.33,190.26,189.5,118.03121078
2020-06-06 05:00:00,189.33,190.33,189.37,190.29,147.23472114
2020-06-06 06:00:00,190.22,191.09,190.39,190.71,35.27563679
2020-06-06 07:00:00,190.24,191.03,190.93,190.26,98.80804703
2020-06-06 08:00:00,189.58,190.32,190.17,190.09,113.29888686
2020-06-06 09:00:00,190.48,192.85,190.48,192.14,282.01067398
2020-06-06 10:00:00,191.79,192.59,192.33,192.24,82.80757312
2020-06-06 11:00:00,191.86,192.76,192.39,192.67,101.11275806
2020-06-06 12:00:00,190.87,193.5,192.67,191.47,527.35450599
2020-06-06 13:00:00,191.21,192.11,191.76,191.39,229.53369131
2020-06-06 14:00:00,191.3,191.87,191.6,191.49,86.68315703
2020-06-06 15:00:00,191.26,192.16,191.68,191.97,109.80185648
2020-06-06 16:00:00,189.8,192.52,191.76,190.7,371.07200679
2020-06-06 17:00:00,189.97,190.87,190.55,190.5,373.92468964
2020-06-06 18:00:00,190.1,190.9,190.45,190.59,220.48030413
2020-06-06 19:00:00,190.13,191.49,190.59,191.1,154.93538084
2020-06-06 20:00:00,190.71,192.24,191.19,192.04,440.14600532
2020-06-06 21:00:00,191.47,192.18,192.04,192.18,140.87422465
2020-06-06 22:00:00,190.96,192.49,192.2,191.24,86.97732352
2020-06-06 23:00:00,191.1,192.0,191.1,191.57,56.73322996
2020-06-07 00:00:00,190.25,191.62,191.59,191.62,71.72727091
2020-06-07 01:00:00,190.89,191.84,191.67,191.52,32.29558943
2020-06-07 02:00:00,191.25,192.85,191.48,191.98,166.93011967
2020-06-07 03:00:00,191.79,192.23,191.94,192.21,9.44106328
2020-06-07 04:00:00,191.8,192.4,192.4,192.03,18.73058919
2020-06-07 05:00:00,191.32,192.1,191.71,191.59,23.73644181
2020-06-07 06:00:00,191.28,191.98,191.72,191.36,63.34635395
2020-06-07 07:00:00,191.19,191.97,191.36,191.82,33.87434371
2020-06-07 08:00:00,189.71,192.11,191.75,191.31,504.29407919
2020-06-07 09:00:00,190.51,191.83,191.33,190.84,31.15662153
2020-06-07 10:00:00,190.45,191.13,190.84,190.45,141.66846581
2020-06-07 11:00:00,188.74,191.0,190.55,188.97,532.18664197
2020-06-07 12:00:00,187.59,189.99,188.75,188.25,644.00135162
2020-06-07 13:00:00,186.38,189.07,188.21,186.44,599.83123771
2020-06-07 14:00:00,186.02,188.18,186.37,187.5,673.94986838
2020-06-07 15:00:00,187.47,188.13,187.49,187.77,258.39557424
2020-06-07 16:00:00,186.3,187.86,187.79,187.17,267.00059867
2020-06-07 17:00:00,186.45,188.03,187.17,187.98,277.26998711
2020-06-07 18:00:00,187.51,188.89,187.86,188.34,274.70989244
2020-06-07 19:00:00,188.06,191.95,188.37,191.6,391.65332235
2020-06-07 20:00:00,190.28,192.23,191.9,191.47,227.79734938
2020-06-07 21:00:00,190.62,191.79,191.47,191.11,120.02051437
2020-06-07 22:00:00,191.21,192.32,191.29,191.96,154.01343953
2020-06-07 23:00:00,191.76,193.4,192.33,192.78,226.4644454
2020-06-08 00:00:00,191.96,193.08,193.08,192.65,68.72581748
2020-06-08 01:00:00,191.88,193.11,192.45,192.66,20.22639548
2020-06-08 02:00:00,192.1,192.9,192.55,192.35,42.37587564
2020-06-08 03:00:00,192.17,192.77,192.29,192.77,10.03601927
2020-06-08 04:00:00,192.22,193.12,192.93,192.22,126.04972477
2020-06-08 05:00:00,192.2,192.44,192.26,192.44,150.99020395
2020-06-08 06:00:00,192.15,192.57,192.43,192.41,138.65128726
2020-06-08 07:00:00,191.92,192.73,192.41,192.41,354.47102469
2020-06-08 08:00:00,191.23,192.55,192.47,191.82,203.04012049
2020-06-08 09:00:00,191.89,193.25,192.1,193.0,378.75366355
2020-06-08 10:00:00,192.7,193.4,193.0,192.82,265.81027956
2020-06-08 11:00:00,192.01,193.18,193.06,193.02,531.3251638
2020-06-08 12:00:00,192.11,193.0,193.0,192.28,129.34152422
2020-06-08 13:00:00,191.35,192.71,192.28,191.83,583.88912985
2020-06-08 14:00:00,190.01,191.76,191.76,190.58,373.04351328
2020-06-08 15:00:00,190.63,191.98,190.8,191.97,118.15171371
2020-06-08 16:00:00,190.85,192.23,191.75,192.17,324.80823405
2020-06-08 17:00:00,191.44,192.25,192.0,191.59,190.40536699
2020-06-08 18:00:00,190.66,191.99,191.58,191.02,192.98143861
2020-06-08 19:00:00,190.71,191.24,190.88,190.76,202.84202347
2020-06-08 20:00:00,190.72,191.53,190.93,190.92,180.23468826
2020-06-08 21:00:00,190.59,191.58,190.92,191.58,219.01571095
2020-06-08 22:00:00,191.07,191.78,191.78,191.34,265.79729672
2020-06-08 23:00:00,191.31,194.9,191.31,194.12,226.00057978
2020-06-09 00:00:00,186.5,196.0,194.23,191.86,1554.7162445
2020-06-09 01:00:00,191.56,192.42,191.67,192.29,25.41229504
2020-06-09 02:00:00,191.93,192.17,192.17,192.08,3.15719722
2020-06-09 03:00:00,191.09,191.93,191.93,191.83,30.27357841
2020-06-09 04:00:00,191.17,191.78,191.63,191.7,19.12283827
2020-06-09 05:00:00,191.63,192.11,191.65,191.96,17.17000591
2020-06-09 06:00:00,191.56,192.11,191.8,192.03,64.72685634
2020-06-09 07:00:00,192.07,192.8,192.1,192.45,106.21673014
2020-06-09 08:00:00,192.19,193.04,192.65,192.9,59.50740286
2020-06-09 09:00:00,192.2,193.01,192.99,192.82,134.82379256
2020-06-09 10:00:00,191.47,192.91,192.48,192.36,111.11308574
2020-06-09 11:00:00,191.85,192.61,192.42,192.52,300.3937304
2020-06-09 12:00:00,192.39,193.53,192.52,192.9,236.00673603
2020-06-09 13:00:00,191.76,193.03,193.0,192.15,499.32625431
2020-06-09 14:00:00,191.36,192.25,191.87,191.8,166.58631692
2020-06-09 15:00:00,191.36,192.06,191.8,191.71,260.49850015
2020-06-09 16:00:00,191.06,192.06,191.56,191.39,459.27683608
2020-06-09 17:00:00,191.15,192.0,191.4,191.29,297.40260225
2020-06-09 18:00:00,191.12,191.71,191.29,191.39,151.12117887
2020-06-09 19:00:00,189.78,191.91,191.16,191.91,280.51988595
2020-06-09 20:00:00,191.12,192.25,191.89,192.01,156.93823728
2020-06-09 21:00:00,191.59,192.98,192.05,192.6,376.58652211
2020-06-09 22:00:00,190.92,193.33,192.58,192.62,389.5187717
2020-06-09 23:00:00,191.83,193.02,192.72,192.26,131.73846531
2020-06-10 00:00:00,192.1,192.8,192.22,192.54,93.87048844
2020-06-10 01:00:00,192.12,192.65,192.32,192.15,17.16059184
2020-06-10 02:00:00,191.94,192.39,192.39,191.94,96.15189227
2020-06-10 03:00:00,191.66,192.23,192.14,191.93,51.80319967
2020-06-10 04:00:00,191.58,192.11,191.98,192.11,45.00412367
2020-06-10 05:00:00,191.63,192.4,192.4,192.0,34.213544
2020-06-10 06:00:00,191.51,192.24,191.89,192.22,70.56616879
2020-06-10 07:00:00,190.95,192.26,192.26,191.54,338.37895475
2020-06-10 08:00:00,191.06,191.83,191.71,191.22,152.80783606
2020-06-10 09:00:00,190.61,191.65,191.22,191.28,145.74282561
2020-06-10 10:00:00,190.99,191.9,190.99,191.28,305.86132885
2020-06-10 11:00:00,190.06,191.35,191.18,190.09,207.62451044
2020-06-10 12:00:00,190.0,191.39,190.31,191.11,265.07995954
2020-06-10 13:00:00,190.68,191.8,191.12,191.51,159.72697796
2020-06-10 14:00:00,191.0,191.7,191.56,191.34,160.81605999
2020-06-10 15:00:00,191.04,191.78,191.55,191.61,271.24762958
2020-06-10 16:00:00,191.1,191.95,191.49,191.1,395.5144923
2020-06-10 17:00:00,190.72,191.48,191.35,191.3,101.61971192
2020-06-10 18:00:00,190.32,195.98,191.07,192.0,2775.54276699
2020-06-10 19:00:00,191.79,194.55,192.38,193.56,1129.8070913
2020-06-10 20:00:00,193.55,195.0,193.56,194.68,605.92642589
2020-06-10 21:00:00,193.37,194.78,194.57,193.9,215.24513402
2020-06-10 22:00:00,193.89,194.85,194.43,194.4,401.87854244
2020-06-10 23:00:00,194.14,195.16,194.74,195.15,232.21981818
2020-06-11 00:00:00,195.06,195.98,195.15,195.85,187.42378954
2020-06-11 01:00:00,195.26,196.25,195.98,195.69,116.32256757
2020-06-11 02:00:00,195.19,196.23,196.13,195.71,108.02368771
2020-06-11 03:00:00,195.15,196.0,196.0,195.55,192.28522371
2020-06-11 04:00:00,195.5,196.31,195.5,196.06,12.40718028
2020-06-11 05:00:00,195.67,196.26,196.26,195.78,159.57994161
2020-06-11 06:00:00,193.58,196.09,195.78,195.0,474.17488939
2020-06-11 07:00:00,194.12,195.3,195.03,194.12,77.0279049
2020-06-11 08:00:00,194.35,195.06,194.35,194.39,189.59708305
2020-06-11 09:00:00,193.0,194.74,194.49,193.63,343.90685281
2020-06-11 10:00:00,193.4,194.51,193.63,194.42,229.06847098
2020-06-11 11:00:00,193.1,194.55,194.14,193.98,165.08780211
2020-06-11 12:00:00,192.28,194.32,193.94,192.64,355.13537555
2020-06-11 13:00:00,189.99,192.87,192.65,190.58,1457.97236634
2020-06-11 14:00:00,190.28,191.58,190.51,191.15,697.9707511
2020-06-11 15:00:00,188.88,191.0,191.0,189.7,885.7334029
2020-06-11 16:00:00,179.44,190.24,189.69,180.01,3887.26076859
2020-06-11 17:00:00,179.1,187.15,179.51,186.73,2945.71105906
2020-06-11 18:00:00,185.48,187.03,187.03,186.3,475.9942879
2020-06-11 19:00:00,184.32,186.34,186.07,184.62,808.62544823
2020-06-11 20:00:00,182.18,185.09,184.54,185.08,823.47576203
2020-06-11 21:00:00,184.36,185.81,185.22,185.57,753.46931256
2020-06-11 22:00:00,184.0,186.0,185.57,184.69,239.7127828
2020-06-11 23:00:00,183.22,185.08,184.4,183.22,487.97177733
2020-06-12 00:00:00,181.74,184.85,183.12,184.47,661.72420554
2020-06-12 01:00:00,184.38,185.64,184.61,185.64,316.91574608
2020-06-12 02:00:00,185.11,185.77,185.42,185.77,39.45786599
2020-06-12 03:00:00,185.85,186.5,186.04,185.85,15.90981361
2020-06-12 04:00:00,185.03,186.5,185.93,185.47,25.67187351
2020-06-12 05:00:00,185.19,186.0,185.47,186.0,94.41746999
2020-06-12 06:00:00,185.85,186.77,185.99,186.42,330.0988218
2020-06-12 07:00:00,185.96,188.36,186.47,186.72,612.93210793
2020-06-12 08:00:00,186.98,188.55,186.98,187.98,302.19561957
2020-06-12 09:00:00,186.73,188.28,188.27,187.2,175.36603041
2020-06-12 10:00:00,187.09,187.89,187.21,187.73,231.80579557
2020-06-12 11:00:00,187.71,188.9,187.77,188.9,290.40511179
2020-06-12 12:00:00,187.92,189.0,188.52,188.42,735.0592561
2020-06-12 13:00:00,188.29,190.0,188.48,190.0,252.03863257
2020-06-12 14:00:00,188.55,190.4,190.27,188.81,426.0713947
2020-06-12 15:00:00,188.53,189.37,189.12,188.78,377.87315479
2020-06-12 16:00:00,188.64,189.91,188.78,189.0,644.03799266
2020-06-12 17:00:00,187.78,189.32,189.0,188.32,583.83527051
2020-06-12 18:00:00,188.27,189.74,188.27,189.72,117.37037374
2020-06-12 19:00:00,189.12,190.05,189.71,189.52,99.10916137
2020-06-12 20:00:00,189.14,190.4,189.43,189.45,110.62827823
2020-06-12 21:00:00,188.97,189.88,189.47,189.54,137.40518819
2020-06-12 22:00:00,189.08,190.22,189.33,189.82,93.30910759
2020-06-12 23:00:00,189.01,190.05,189.82,190.05,107.11201023
2020-06-13 00:00:00,188.77,189.78,189.78,189.1,11.81953524
2020-06-13 01:00:00,188.56,189.59,189.05,188.85,60.19595633
2020-06-13 02:00:00,188.53,189.06,189.04,188.77,9.41993541
2020-06-13 03:00:00,188.3,188.99,188.76,188.3,40.88913959
2020-06-13 04:00:00,187.55,188.48,188.21,188.48,52.38338629
2020-06-13 05:00:00,188.04,188.58,188.22,188.58,6.95759022
2020-06-13 06:00:00,188.3,189.2,188.47,189.2,12.92123138
2020-06-13 07:00:00,188.79,189.21,189.15,189.21,53.89139418
2020-06-13 08:00:00,188.64,189.44,189.21,189.27,63.95652616
2020-06-13 09:00:00,188.98,189.9,189.48,189.47,112.8398129
2020-06-13 10:00:00,188.34,189.66,189.66,188.47,104.73605051
2020-06-13 11:00:00,187.84,188.79,188.67,188.25,184.56741312
2020-06-13 12:00:00,187.84,189.41,188.32,189.05,283.14725695
2020-06-13 13:00:00,188.23,189.18,189.18,189.1,103.27368478
2020-06-13 14:00:00,189.09,190.65,189.09,189.89,287.04423214
2020-06-13 15:00:00,189.51,190.34,189.87,189.77,222.34222293
2020-06-13 16:00:00,189.19,190.05,189.54,189.85,107.59694405
2020-06-13 17:00:00,189.49,190.05,189.66,189.8,152.47584538
2020-06-13 18:00:00,189.62,190.05,189.81,190.05,47.79717777
2020-06-13 19:00:00,188.88,190.52,190.05,188.88,148.92829389
2020-06-13 20:00:00,188.52,190.15,188.91,189.71,85.08739937
2020-06-13 21:00:00,189.39,189.99,189.79,189.99,71.18891821
2020-06-13 22:00:00,189.61,190.44,189.72,190.44,97.81421838
2020-06-13 23:00:00,190.04,190.71,190.46,190.09,68.18092192
2020-06-14 00:00:00,189.51,190.19,189.95,189.64,20.20808679
2020-06-14 01:00:00,189.25,190.03,189.64,189.8,6.69442453
2020-06-14 02:00:00,189.57,190.29,189.57,189.93,6.63971978
2020-06-14 03:00:00,189.47,190.06,190.05,189.8,7.7978146
2020-06-14 04:00:00,189.18,189.8,189.8,189.18,3.14438558
2020-06-14 05:00:00,188.5,189.74,189.35,188.99,228.29928177
2020-06-14 06:00:00,186.75,188.99,188.99,187.15,268.35626624
2020-06-14 07:00:00,187.23,188.08,187.23,187.85,35.93554503
2020-06-14 08:00:00,187.66,189.16,187.66,188.68,155.37490189
2020-06-14 09:00:00,188.37,189.07,188.67,188.49,129.09070253
2020-06-14 10:00:00,188.42,189.0,188.7,188.89,68.94391618
2020-06-14 11:00:00,188.77,189.49,188.89,188.78,178.36135427
2020-06-14 12:00:00,188.13,189.27,188.79,188.54,159.44711336
2020-06-14 13:00:00,187.96,188.79,188.79,188.45,137.73455071
2020-06-14 14:00:00,186.31,188.71,188.45,187.45,286.61861432
2020-06-14 15:00:00,187.38,188.54,187.45,188.46,77.37655118
2020-06-14 16:00:00,187.5,188.47,188.26,188.03,178.74567175
2020-06-14 17:00:00,187.23,188.14,188.01,187.61,556.13778171
2020-06-14 18:00:00,187.23,187.99,187.64,187.79,67.82708661
2020-06-14 19:00:00,187.45,188.06,187.53,187.91,105.1039682
2020-06-14 20:00:00,187.24,188.17,188.0,187.39,75.93535672
2020-06-14 21:00:00,185.5,187.49,187.27,186.27,179.87229835
2020-06-14 22:00:00,184.17,187.37,186.27,186.72,556.79842325
2020-06-14 23:00:00,185.0,187.17,187.02,185.0,272.20425073
2020-06-15 00:00:00,184.11,185.61,184.63,185.06,415.79267597
2020-06-15 01:00:00,182.2,185.39,185.14,182.2,351.60257583
2020-06-15 02:00:00,182.75,183.85,182.89,183.25,69.87011356
2020-06-15 03:00:00,180.0,183.25,183.03,180.52,612.78063315
2020-06-15 04:00:00,179.72,181.98,179.72,181.41,372.43235423
2020-06-15 05:00:00,177.14,181.3,181.3,178.4,759.60883533
2020-06-15 06:00:00,175.17,179.32,178.09,178.15,736.12477634
2020-06-15 07:00:00,178.01,180.1,178.22,179.73,650.55078187
2020-06-15 08:00:00,178.86,179.8,179.67,179.1,501.45912959
2020-06-15 09:00:00,178.31,179.59,179.16,179.2,524.39908457
2020-06-15 10:00:00,178.01,179.52,179.19,178.09,719.95833535
2020-06-15 11:00:00,177.58,179.48,178.33,178.53,226.54819139
2020-06-15 12:00:00,177.49,178.86,178.56,177.89,195.20910373
2020-06-15 13:00:00,176.1,178.55,177.99,178.39,616.56125717
2020-06-15 14:00:00,178.43,179.7,178.62,178.78,506.03162993
2020-06-15 15:00:00,178.84,180.99,179.07,180.92,673.26948126
2020-06-15 16:00:00,180.51,182.88,180.97,181.43,632.00423872
2020-06-15 17:00:00,181.37,182.35,181.61,181.62,383.75251113
2020-06-15 18:00:00,181.71,184.71,181.71,184.39,372.23288723
2020-06-15 19:00:00,184.07,185.56,184.65,184.83,289.6507796
2020-06-15 20:00:00,184.31,185.27,184.98,185.03,125.51911929
2020-06-15 21:00:00,183.65,185.27,184.92,184.02,235.10338955
2020-06-15 22:00:00,182.28,184.57,184.21,183.13,235.12451171
2020-06-15 23:00:00,182.5,183.9,183.53,182.91,414.7316812
2020-06-16 00:00:00,181.56,182.96,182.64,182.34,83.32946004
2020-06-16 01:00:00,181.75,182.67,182.39,181.75,103.70706297
2020-06-16 02:00:00,181.32,182.58,181.75,182.58,33.5873705
2020-06-16 03:00:00,183.05,185.0,183.05,183.87,123.43351291
2020-06-16 04:00:00,183.59,184.31,184.17,184.31,12.73672459
2020-06-16 05:00:00,183.47,184.31,184.31,184.08,585.37818828
2020-06-16 06:00:00,183.34,184.4,183.94,183.94,57.05747255
2020-06-16 07:00:00,183.53,184.99,183.83,184.79,128.25121817
2020-06-16 08:00:00,184.07,185.05,184.66,184.52,149.94812464
2020-06-16 09:00:00,184.38,186.4,184.54,185.22,163.63472305
2020-06-16 10:00:00,184.95,186.83,185.25,186.29,226.79393512
2020-06-16 11:00:00,185.55,186.63,186.62,185.56,161.7542535
2020-06-16 12:00:00,184.71,186.55,185.71,186.55,551.76525291
2020-06-16 13:00:00,185.57,186.72,186.32,186.41,262.76206935
2020-06-16 14:00:00,184.82,186.42,186.09,185.05,239.74090543
2020-06-16 15:00:00,184.46,185.96,185.11,185.45,300.78752203
2020-06-16 16:00:00,185.11,186.21,185.45,185.99,153.83989237
2020-06-16 17:00:00,185.71,186.5,186.01,185.89,116.54665889
2020-06-16 18:00:00,185.43,186.43,185.87,186.43,392.95641409
2020-06-16 19:00:00,185.83,186.45,186.37,186.45,157.28902258
2020-06-16 20:00:00,185.99,186.45,186.45,186.04,94.1643795
2020-06-16 21:00:00,186.12,187.75,186.35,187.09,392.25761082
2020-06-16 22:00:00,186.54,187.54,186.87,187.48,161.88328481
2020-06-16 23:00:00,186.66,187.58,187.36,187.48,98.3281387
2020-06-17 00:00:00,186.32,187.47,187.47,186.32,21.50793092
2020-06-17 01:00:00,185.33,186.73,186.32,185.43,29.59932252
2020-06-17 02:00:00,185.58,186.31,186.31,185.58,19.41721595
2020-06-17 03:00:00,185.04,185.96,185.32,185.94,41.85774428
2020-06-17 04:00:00,185.8,186.15,185.84,185.8,14.81004728
2020-06-17 05:00:00,185.38,186.16,186.16,185.56,28.30543826
2020-06-17 06:00:00,185.41,187.32,185.44,186.8,222.25678165
2020-06-17 07:00:00,186.49,187.5,186.72,187.19,164.1277093
2020-06-17 08:00:00,186.5,187.15,186.91,186.81,114.46514345
2020-06-17 09:00:00,186.5,187.08,186.81,186.69,68.4314755
2020-06-17 10:00:00,186.09,186.98,186.51,186.09,51.33461421
2020-06-17 11:00:00,185.89,186.93,186.09,186.36,298.36385541
2020-06-17 12:00:00,186.21,187.26,186.36,186.84,80.95872619
2020-06-17 13:00:00,185.76,189.21,187.06,186.39,403.02068651
2020-06-17 14:00:00,184.69,186.69,186.02,185.01,385.09260541
2020-06-17 15:00:00,184.85,186.15,185.01,184.85,166.61976673
2020-06-17 16:00:00,184.07,185.69,184.85,184.21,502.62344475
2020-06-17 17:00:00,184.2,185.36,184.2,184.91,239.25281858
2020-06-17 18:00:00,184.61,185.59,184.91,185.1,56.77309236
2020-06-17 19:00:00,183.21,185.2,185.0,183.21,117.19873464
2020-06-17 20:00:00,181.79,184.82,183.01,184.63,392.09225469
2020-06-17 21:00:00,184.52,185.89,184.63,185.53,190.27536278
2020-06-17 22:00:00,184.67,185.68,185.53,185.26,118.81164152
2020-06-17 23:00:00,185.44,186.8,185.44,186.5,82.78879876
2020-06-18 00:00:00,185.82,186.5,186.5,186.09,159.43566327
2020-06-18 01:00:00,186.09,187.0,186.09,186.56,31.5906884
2020-06-18 02:00:00,185.89,186.57,186.36,186.35,66.15245661
2020-06-18 03:00:00,186.22,186.56,186.3,186.44,30.33298938
2020-06-18 04:00:00,185.66,186.13,186.1,185.66,22.18869977
2020-06-18 05:00:00,185.29,185.95,185.69,185.83,131.94858522
2020-06-18 06:00:00,185.53,186.37,185.83,186.18,71.12511072
2020-06-18 07:00:00,186.18,186.7,186.18,186.52,220.39551755
2020-06-18 08:00:00,186.25,186.71,186.5,186.4,115.00114478
2020-06-18 09:00:00,186.22,187.18,186.43,186.58,118.60073695
2020-06-18 10:00:00,186.04,187.3,186.31,187.0,83.87663949
2020-06-18 11:00:00,186.14,186.98,186.98,186.85,149.79836042
2020-06-18 12:00:00,186.67,187.42,186.67,187.17,200.74674418
2020-06-18 13:00:00,186.1,187.5,187.33,186.63,194.79283021
2020-06-18 14:00:00,186.0,187.51,186.48,187.46,156.80391583
2020-06-18 15:00:00,186.1,187.49,187.45,186.29,271.13607862
2020-06-18 16:00:00,185.95,186.98,186.0,186.66,108.73672724
2020-06-18 17:00:00,186.34,187.1,186.85,186.66,158.17753936
2020-06-18 18:00:00,186.09,187.0,186.76,186.44,114.95454083
2020-06-18 19:00:00,185.5,186.62,186.35,186.33,338.57178677
2020-06-18 20:00:00,183.31,186.29,186.14,184.51,328.27682325
2020-06-18 21:00:00,183.57,185.76,184.53,185.52,127.54496664
2020-06-18 22:00:00,185.07,186.07,185.3,185.75,74.30182048
2020-06-18 23:00:00,185.41,187.21,185.47,186.46,169.81949516
2020-06-19 00:00:00,185.03,186.48,186.22,185.57,111.17967158
2020-06-19 01:00:00,183.84,185.82,185.43,183.99,175.17738468
2020-06-19 02:00:00,182.77,185.28,184.12,182.81,350.36281126
2020-06-19 03:00:00,182.56,183.3,182.69,183.21,150.39318317
2020-06-19 04:00:00,182.96,184.14,183.13,184.01,16.53010086
2020-06-19 05:00:00,183.33,184.33,183.81,184.33,26.55729944
2020-06-19 06:00:00,183.6,184.32,184.26,183.6,36.69661519
2020-06-19 07:00:00,183.2,184.03,183.86,183.98,145.17069637
2020-06-19 08:00:00,183.41,184.87,183.74,184.45,157.94202487
2020-06-19 09:00:00,184.61,186.61,184.61,185.22,202.42685708
2020-06-19 10:00:00,185.24,186.51,185.42,186.3,170.43148204
2020-06-19 11:00:00,185.92,186.62,186.44,186.28,194.9679399
2020-06-19 12:00:00,185.91,187.4,186.29,186.13,582.38146285
2020-06-19 13:00:00,186.0,187.1,186.19,186.68,168.30424132
2020-06-19 14:00:00,186.16,187.1,187.1,186.58,119.67635506
2020-06-19 15:00:00,186.21,186.76,186.58,186.74,144.62310556
2020-06-19 16:00:00,185.07,186.85,186.74,185.71,109.33269432
2020-06-19 17:00:00,185.0,186.05,185.71,185.17,86.92364008
2020-06-19 18:00:00,184.77,185.87,185.32,185.42,157.82016376
2020-06-19 19:00:00,185.12,185.86,185.55,185.32,165.4991876
2020-06-19 20:00:00,184.77,186.21,185.18,186.21,120.2283765
2020-06-19 21:00:00,185.4,186.4,185.99,186.29,127.60035462
2020-06-19 22:00:00,185.97,186.83,186.27,186.17,29.03435644
2020-06-19 23:00:00,184.97,186.5,186.13,185.51,29.4205756
2020-06-20 00:00:00,185.44,185.92,185.44,185.83,195.26249512
2020-06-20 01:00:00,185.49,186.54,185.68,186.54,28.96695986
2020-06-20 02:00:00,186.03,186.5,186.16,186.36,83.39262945
2020-06-20 03:00:00,186.29,186.81,186.5,186.45,29.70291911
2020-06-20 04:00:00,185.79,186.56,186.25,186.54,14.1973044
2020-06-20 05:00:00,186.03,186.46,186.44,186.15,24.21769856
2020-06-20 06:00:00,186.16,186.62,186.59,186.31,6.99039638
2020-06-20 07:00:00,186.15,186.54,186.31,186.29,21.71267034
2020-06-20 08:00:00,185.19,186.16,186.15,185.28,92.52436267
2020-06-20 09:00:00,185.01,185.72,185.23,185.3,190.85954571
2020-06-20 10:00:00,185.04,185.56,185.23,185.49,252.67681047
2020-06-20 11:00:00,183.26,186.36,185.49,185.48,598.75543419
2020-06-20 12:00:00,184.95,185.68,185.68,184.95,182.99747506
2020-06-20 13:00:00,184.16,185.07,184.95,184.46,99.52580467
2020-06-20 14:00:00,183.98,184.78,184.59,184.07,77.33559024
2020-06-20 15:00:00,183.25,184.31,184.0,183.85,139.35804892
2020-06-20 16:00:00,183.62,184.54,183.85,183.91,122.52625119
2020-06-20 17:00:00,183.98,184.45,183.99,184.25,145.04593318
2020-06-20 18:00:00,183.95,184.64,184.28,184.61,47.21328994
2020-06-20 19:00:00,184.08,184.77,184.73,184.14,71.20429473
2020-06-20 20:00:00,184.06,184.79,184.09,184.65,128.01953103
2020-06-20 21:00:00,184.54,185.09,184.54,184.76,208.34931093
2020-06-20 22:00:00,185.0,185.93,185.18,185.88,136.02651062
2020-06-20 23:00:00,185.22,185.88,185.88,185.65,53.03248201
2020-06-21 00:00:00,185.43,185.92,185.66,185.92,183.9082952
2020-06-21 01:00:00,185.5,185.96,185.93,185.9,35.26960388
2020-06-21 02:00:00,186.0,186.56,186.33,186.32,56.47771213
2020-06-21 03:00:00,185.88,186.27,186.17,186.07,6.04430348
2020-06-21 04:00:00,185.99,186.32,186.26,186.06,15.21344473
2020-06-21 05:00:00,186.14,187.3,186.14,187.3,189.16227714
2020-06-21 06:00:00,186.43,187.17,187.17,186.53,96.23933064
2020-06-21 07:00:00,186.41,186.91,186.42,186.8,47.26406451
2020-06-21 08:00:00,186.6,186.99,186.8,186.6,61.70452393
2020-06-21 09:00:00,186.6,187.14,186.69,186.72,56.08244163
2020-06-21 10:00:00,185.92,186.95,186.91,186.12,121.99327616
2020-06-21 11:00:00,186.0,186.73,186.34,186.39,125.29496875
2020-06-21 12:00:00,186.04,186.62,186.58,186.35,90.7951712
2020-06-21 13:00:00,185.7,186.3,186.12,186.02,64.52480936
2020-06-21 14:00:00,185.68,186.27,185.97,186.1,49.04035654
2020-06-21 15:00:00,185.86,187.26,186.1,187.06,347.37230029
2020-06-21 16:00:00,186.32,187.19,187.18,186.74,94.70846887
2020-06-21 17:00:00,186.23,186.78,186.7,186.37,166.66093246
2020-06-21 18:00:00,185.94,186.75,186.38,186.0,110.36560356
2020-06-21 19:00:00,185.88,186.86,186.0,186.39,89.95617288
2020-06-21 20:00:00,185.55,186.57,186.53,185.79,180.85467373
2020-06-21 21:00:00,185.65,186.42,185.85,185.74,87.21710061
2020-06-21 22:00:00,184.29,185.74,185.74,184.89,144.07492409
2020-06-21 23:00:00,184.54,185.14,184.79,184.92,65.56229542
2020-06-22 00:00:00,184.92,185.76,184.92,185.46,146.24283246
2020-06-22 01:00:00,185.27,188.95,185.27,188.95,617.54065907
2020-06-22 02:00:00,188.14,189.25,188.75,188.97,446.61317933
2020-06-22 03:00:00,188.78,189.5,189.03,189.35,115.86312479
2020-06-22 04:00:00,189.49,190.1,189.55,189.92,156.13372076
2020-06-22 05:00:00,189.16,190.3,189.87,189.4,128.25213741
2020-06-22 06:00:00,188.77,189.6,189.42,189.11,84.8434054
2020-06-22 07:00:00,188.97,189.92,188.97,189.42,256.3373691
2020-06-22 08:00:00,189.24,189.77,189.4,189.61,133.30787023
2020-06-22 09:00:00,189.25,189.9,189.62,189.6,222.24950243
2020-06-22 10:00:00,189.56,190.44,189.67,190.44,236.74235422
2020-06-22 11:00:00,189.84,191.28,190.44,190.93,505.15364779
2020-06-22 12:00:00,190.72,193.0,190.97,192.8,282.24446549
2020-06-22 13:00:00,191.59,193.11,192.91,191.89,636.58509974
2020-06-22 14:00:00,191.32,192.3,191.89,191.84,170.56657361
2020-06-22 15:00:00,191.4,194.4,191.4,194.27,342.30263361
2020-06-22 16:00:00,193.98,196.86,194.32,195.74,936.42613292
2020-06-22 17:00:00,195.27,196.53,195.67,196.42,703.28239416
2020-06-22 18:00:00,195.51,196.68,196.43,195.51,556.56595839
2020-06-22 19:00:00,194.59,196.01,195.64,194.75,320.21893501
2020-06-22 20:00:00,194.82,197.0,194.82,196.58,283.01721233
2020-06-22 21:00:00,194.73,197.88,196.42,194.85,367.29839489
2020-06-22 22:00:00,194.09,195.1,194.7,194.62,288.72284276
2020-06-22 23:00:00,194.34,195.02,194.78,194.53,82.12645592
2020-06-23 00:00:00,194.6,195.94,194.63,194.74,173.09773109
2020-06-23 01:00:00,193.13,194.9,194.63,193.89,521.45539395
2020-06-23 02:00:00,193.65,194.43,193.9,193.9,89.57585775
2020-06-23 03:00:00,193.5,194.55,193.91,194.55,159.35316994
2020-06-23 04:00:00,194.12,194.5,194.38,194.27,48.45903074
2020-06-23 05:00:00,193.73,194.31,194.0,194.07,38.94618754
2020-06-23 06:00:00,193.9,194.62,193.98,194.62,106.60729235
2020-06-23 07:00:00,194.55,195.86,194.55,195.53,180.92891375
2020-06-23 08:00:00,194.05,195.53,195.53,194.23,211.81549266
2020-06-23 09:00:00,194.23,195.44,194.38,195.3,152.13107693
2020-06-23 10:00:00,194.55,195.33,195.29,194.58,172.54281382
2020-06-23 11:00:00,194.68,196.0,194.68,195.93,209.79111695
2020-06-23 12:00:00,194.53,195.75,195.23,194.53,398.44548786
2020-06-23 13:00:00,193.26,194.83,194.5,194.79,689.01916687
2020-06-23 14:00:00,194.28,195.34,194.73,194.41,312.73961148
2020-06-23 15:00:00,194.31,195.62,194.39,195.62,179.28853742
2020-06-23 16:00:00,194.79,195.84,195.68,195.05,132.29660905
2020-06-23 17:00:00,194.5,195.53,195.0,195.08,249.8775555
2020-06-23 18:00:00,194.92,195.48,195.12,194.98,135.39853625
2020-06-23 19:00:00,195.16,195.99,195.22,195.25,242.33421747
2020-06-23 20:00:00,194.8,195.69,195.21,194.8,264.7345489
2020-06-23 21:00:00,194.26,195.65,194.63,195.56,276.23558894
2020-06-23 22:00:00,194.02,195.55,195.55,194.36,183.2634136
2020-06-23 23:00:00,194.04,194.65,194.11,194.51,221.39075458
2020-06-24 00:00:00,194.26,194.96,194.55,194.65,136.5386439
2020-06-24 01:00:00,194.31,195.06,194.53,194.91,27.91957057
2020-06-24 02:00:00,194.77,196.58,194.77,196.18,109.04451139
2020-06-24 03:00:00,195.79,196.63,196.51,196.25,63.97590264
2020-06-24 04:00:00,195.97,198.52,196.02,198.28,593.21649212
2020-06-24 05:00:00,197.87,199.32,198.28,198.68,440.94925738
2020-06-24 06:00:00,198.07,199.05,198.68,198.56,530.03339053
2020-06-24 07:00:00,193.62,199.0,198.49,194.74,648.38204576
2020-06-24 08:00:00,194.17,195.56,194.29,194.53,383.93306261
2020-06-24 09:00:00,194.12,194.85,194.85,194.6,257.35496261
2020-06-24 10:00:00,189.47,194.45,194.25,190.62,1889.3029199
2020-06-24 11:00:00,190.28,191.92,190.71,190.52,474.17611842
2020-06-24 12:00:00,190.54,192.79,190.54,192.38,299.55499672
2020-06-24 13:00:00,191.45,192.99,192.38,191.54,215.64139411
2020-06-24 14:00:00,188.75,192.08,191.72,189.62,663.19942492
2020-06-24 15:00:00,186.25,190.15,189.2,187.1,867.89750686
2020-06-24 16:00:00,186.5,188.58,187.0,188.12,373.52681323
2020-06-24 17:00:00,187.9,188.85,188.16,188.64,192.8322351
2020-06-24 18:00:00,188.51,189.53,188.85,188.62,310.32515889
2020-06-24 19:00:00,188.14,189.62,188.78,188.61,186.07403984
2020-06-24 20:00:00,188.42,189.63,188.61,189.52,159.92182416
2020-06-24 21:00:00,188.11,189.68,189.52,189.09,160.00434383
2020-06-24 22:00:00,188.88,189.6,189.2,189.31,83.39215844
2020-06-24 23:00:00,188.76,189.89,189.31,188.85,311.99813132
2020-06-25 00:00:00,188.02,189.14,189.12,188.46,268.83505172
2020-06-25 01:00:00,188.47,189.21,188.68,188.6,23.78649229
2020-06-25 02:00:00,187.43,188.48,188.48,187.97,145.79469186
2020-06-25 03:00:00,183.64,187.67,187.67,185.21,1080.17111875
2020-06-25 04:00:00,185.35,186.28,185.35,185.43,233.3500615
2020-06-25 05:00:00,185.15,187.31,185.15,187.24,284.759975
2020-06-25 06:00:00,187.01,187.79,187.42,187.35,176.0148254
2020-06-25 07:00:00,185.97,187.42,187.35,186.43,161.30976954
2020-06-25 08:00:00,186.43,189.26,186.43,188.77,208.42413031
2020-06-25 09:00:00,188.02,189.05,188.88,188.28,202.16160978
2020-06-25 10:00:00,187.92,189.99,188.14,188.62,510.92636945
2020-06-25 11:00:00,188.14,189.39,188.62,188.97,369.70819938
2020-06-25 12:00:00,186.55,189.01,189.01,186.91,460.71382318
2020-06-25 13:00:00,186.44,188.04,186.91,187.58,318.93124904
2020-06-25 14:00:00,187.7,189.08,187.74,188.62,520.48228263
2020-06-25 15:00:00,188.16,188.96,188.62,188.58,190.3204377
2020-06-25 16:00:00,187.87,189.01,188.69,188.54,139.78537009
2020-06-25 17:00:00,187.89,188.74,188.54,188.35,94.70299809
2020-06-25 18:00:00,187.99,188.73,188.5,187.99,93.4142231
2020-06-25 19:00:00,187.77,188.76,187.87,188.7,183.56207997
2020-06-25 20:00:00,188.44,188.87,188.85,188.53,84.75509451
2020-06-25 21:00:00,188.5,189.2,188.53,188.84,130.40359613
2020-06-25 22:00:00,186.41,189.03,188.84,187.6,185.90812422
2020-06-25 23:00:00,187.23,187.74,187.47,187.24,68.56120085
2020-06-26 00:00:00,186.29,188.26,187.21,188.21,81.29555101
2020-06-26 01:00:00,187.53,188.33,187.92,187.53,40.79114189
2020-06-26 02:00:00,187.15,187.49,187.38,187.22,8.17596675
2020-06-26 03:00:00,186.53,187.33,187.14,187.26,182.13004832
2020-06-26 04:00:00,186.91,187.68,186.98,187.6,49.4331802
2020-06-26 05:00:00,186.22,187.67,187.61,186.66,202.81759674
2020-06-26 06:00:00,186.0,187.06,186.62,186.69,60.10714049
2020-06-26 07:00:00,184.1,186.69,186.69,184.49,863.31583003
2020-06-26 08:00:00,184.53,185.84,184.67,185.38,217.09894072
2020-06-26 09:00:00,184.23,187.22,185.03,186.9,353.49947844
2020-06-26 10:00:00,186.45,187.72,187.1,186.86,143.32551123
2020-06-26 11:00:00,185.44,186.86,186.86,186.4,329.09106249
2020-06-26 12:00:00,186.4,187.41,186.4,187.3,208.66534338
2020-06-26 13:00:00,186.3,187.84,187.43,186.46,381.78630942
2020-06-26 14:00:00,184.74,186.99,186.3,185.9,665.28003768
2020-06-26 15:00:00,186.08,188.1,186.08,187.01,451.95654423
2020-06-26 16:00:00,185.01,186.94,186.75,186.03,626.1663654
2020-06-26 17:00:00,186.0,186.74,186.46,186.2,51.28457895
2020-06-26 18:00:00,185.99,186.81,186.2,186.36,135.32684061
2020-06-26 19:00:00,186.08,186.69,186.39,186.6,246.58176911
2020-06-26 20:00:00,186.61,187.43,186.79,187.02,149.99464252
2020-06-26 21:00:00,186.97,188.05,187.1,187.29,205.44893759
2020-06-26 22:00:00,186.64,187.52,187.32,186.8,43.00130256
2020-06-26 23:00:00,186.23,187.16,186.66,186.67,83.53033665
2020-06-27 00:00:00,185.67,186.54,186.47,186.24,85.29707013
2020-06-27 01:00:00,185.6,186.6,186.54,186.33,41.03750227
2020-06-27 02:00:00,185.52,186.44,186.44,185.68,29.27752872
2020-06-27 03:00:00,185.84,186.68,185.91,186.68,48.40124286
2020-06-27 04:00:00,185.88,186.59,186.59,186.31,11.32778694
2020-06-27 05:00:00,186.32,186.74,186.46,186.74,7.64068949
2020-06-27 06:00:00,186.49,187.31,186.81,187.1,25.86793272
2020-06-27 07:00:00,186.73,187.4,187.36,187.4,21.32237107
2020-06-27 08:00:00,186.97,187.95,187.4,187.22,317.14981685
2020-06-27 09:00:00,186.5,187.22,187.18,186.5,114.51449598
2020-06-27 10:00:00,186.4,187.15,186.42,186.53,156.46192662
2020-06-27 11:00:00,186.28,187.01,186.49,186.6,147.07609245
2020-06-27 12:00:00,186.24,186.96,186.46,186.8,102.98096249
2020-06-27 13:00:00,186.36,187.13,186.9,186.6,38.6701241
2020-06-27 14:00:00,185.6,187.5,186.53,186.1,544.85487027
2020-06-27 15:00:00,184.17,186.02,186.02,184.74,943.72346495
2020-06-27 16:00:00,182.4,185.12,184.67,183.63,616.34872907
2020-06-27 17:00:00,182.53,184.25,183.44,182.73,332.60977579
2020-06-27 18:00:00,182.15,183.2,182.6,182.85,193.55134469
2020-06-27 19:00:00,176.05,183.14,182.8,177.6,1145.47417754
2020-06-27 20:00:00,176.3,179.28,177.25,177.83,1045.5997952
2020-06-27 21:00:00,177.72,180.67,177.91,180.46,457.99396692
2020-06-27 22:00:00,178.3,180.54,180.42,178.52,374.2871466
2020-06-27 23:00:00,178.07,180.39,178.38,179.49,198.3321206
2020-06-28 00:00:00,178.07,179.42,179.42,178.62,147.40150416
2020-06-28 01:00:00,178.01,178.89,178.64,178.2,185.83211196
2020-06-28 02:00:00,177.71,178.51,178.03,178.51,212.79242612
2020-06-28 03:00:00,177.4,178.55,178.55,178.27,144.18986011
2020-06-28 04:00:00,177.02,178.15,178.15,177.44,146.29447142
2020-06-28 05:00:00,177.36,178.33,177.67,177.5,115.04740913
2020-06-28 06:00:00,177.38,179.48,177.38,179.27,87.67853543
2020-06-28 07:00:00,178.55,179.46,179.35,179.2,146.16480672
2020-06-28 08:00:00,178.79,180.29,179.18,180.28,132.88918668
2020-06-28 09:00:00,179.7,181.94,180.3,181.78,254.40934947
2020-06-28 10:00:00,181.0,181.81,181.78,181.0,191.53316441
2020-06-28 11:00:00,181.04,182.53,181.23,181.43,237.36508975
2020-06-28 12:00:00,180.6,181.89,181.48,181.64,205.62867313
2020-06-28 13:00:00,180.82,181.57,181.52,181.27,55.22423229
2020-06-28 14:00:00,181.44,184.0,181.58,183.52,266.61171619
2020-06-28 15:00:00,182.98,183.89,183.89,183.82,146.53382345
2020-06-28 16:00:00,183.35,184.96,183.96,183.71,183.50087624
2020-06-28 17:00:00,183.03,184.55,183.72,184.55,192.41084414
2020-06-28 18:00:00,183.99,184.67,184.52,184.41,81.70953327
2020-06-28 19:00:00,181.9,184.82,184.41,181.94,159.68108212
2020-06-28 20:00:00,181.93,183.01,182.11,182.73,83.08842559
2020-06-28 21:00:00,182.35,183.29,182.76,182.89,256.86575113
2020-06-28 22:00:00,181.15,182.8,182.8,182.41,934.79759459
2020-06-28 23:00:00,181.98,182.66,182.31,182.66,399.49673185
2020-06-29 00:00:00,181.98,182.9,182.46,182.83,104.30393501
2020-06-29 01:00:00,182.55,183.55,182.64,183.55,17.65853935
2020-06-29 02:00:00,182.44,183.74,183.74,182.44,17.89695723
2020-06-29 03:00:00,181.8,182.46,182.45,181.95,147.79274865
2020-06-29 04:00:00,181.6,182.25,182.15,182.07,14.97588841
2020-06-29 05:00:00,181.79,182.71,181.93,181.99,41.56789012
2020-06-29 06:00:00,180.77,182.16,181.91,180.77,55.51106039
2020-06-29 07:00:00,180.27,181.29,180.52,180.56,215.15626363
2020-06-29 08:00:00,179.67,181.18,180.5,180.97,309.03454167
2020-06-29 09:00:00,180.69,182.46,181.2,182.22,241.87400221
2020-06-29 10:00:00,181.27,182.2,182.2,181.71,246.11077414
2020-06-29 11:00:00,180.82,181.59,181.53,181.55,244.60469532
2020-06-29 12:00:00,180.84,182.84,181.46,182.0,325.34657596
2020-06-29 13:00:00,180.24,182.05,181.93,180.8,230.41201475
2020-06-29 14:00:00,180.27,182.23,180.83,181.24,815.61391552
2020-06-29 15:00:00,181.17,182.75,181.56,182.32,118.03817554
2020-06-29 16:00:00,181.89,183.07,182.21,182.35,368.18373595
2020-06-29 17:00:00,182.23,184.55,182.44,184.55,362.17049384
2020-06-29 18:00:00,183.76,184.77,184.73,183.9,126.71823989
2020-06-29 19:00:00,183.79,184.35,184.02,183.82,144.68109455
2020-06-29 20:00:00,183.95,185.23,184.04,184.9,383.70136631
2020-06-29 21:00:00,185.0,186.25,185.0,185.96,398.82421974
2020-06-29 22:00:00,185.15,186.81,186.13,185.49,708.45761116
2020-06-29 23:00:00,184.69,185.79,185.49,185.27,163.75777828
2020-06-30 00:00:00,184.96,185.96,185.27,185.31,68.1932861
2020-06-30 01:00:00,184.63,185.65,185.41,185.65,37.92468593
2020-06-30 02:00:00,184.9,185.53,185.53,185.48,7.27074531
2020-06-30 03:00:00,184.78,185.36,185.32,184.78,12.10985592
2020-06-30 04:00:00,184.08,185.13,184.69,184.08,14.60948925
2020-06-30 05:00:00,184.0,184.63,184.27,184.12,74.59049009
2020-06-30 06:00:00,184.18,185.35,184.22,185.35,52.62210897
2020-06-30 07:00:00,184.64,185.33,185.32,184.74,60.87964367
2020-06-30 08:00:00,184.07,184.82,184.82,184.42,121.2788573
2020-06-30 09:00:00,184.59,185.89,184.6,185.52,156.05698202
2020-06-30 10:00:00,184.88,185.66,185.54,185.48,199.29764546
2020-06-30 11:00:00,184.95,186.11,185.41,185.8,235.00614459
2020-06-30 12:00:00,182.8,185.73,185.73,183.04,547.59676433
2020-06-30 13:00:00,181.71,183.12,182.95,182.76,315.57821598
2020-06-30 14:00:00,182.66,183.81,182.88,183.49,126.75863305
2020-06-30 15:00:00,182.7,184.08,183.72,183.21,259.44661312
2020-06-30 16:00:00,182.52,183.51,183.37,183.07,122.64338684
2020-06-30 17:00:00,182.07,183.09,183.01,182.57,328.62301175
2020-06-30 18:00:00,181.91,182.78,182.47,182.02,193.87673605
2020-06-30 19:00:00,181.78,182.67,181.82,182.01,444.45789484
2020-06-30 20:00:00,181.79,182.53,181.81,182.23,149.65885097
2020-06-30 21:00:00,181.97,182.89,182.36,182.57,164.67113607
2020-06-30 22:00:00,181.57,182.73,182.57,181.69,320.28008384
2020-06-30 23:00:00,181.8,182.56,181.8,182.31,67.07966129
2020-07-01 00:00:00,181.33,182.3,182.3,181.76,171.53109506
2020-07-01 01:00:00,181.36,181.93,181.58,181.79,120.91181674
2020-07-01 02:00:00,181.87,182.53,181.9,182.15,146.53775169
2020-07-01 03:00:00,181.69,182.65,182.36,182.65,25.40255877
2020-07-01 04:00:00,182.57,182.99,182.79,182.65,9.06908245
2020-07-01 05:00:00,182.53,183.12,182.99,182.76,97.56705219
2020-07-01 06:00:00,182.08,182.76,182.76,182.08,28.0475653
2020-07-01 07:00:00,182.17,183.02,182.38,182.53,104.52418248
2020-07-01 08:00:00,182.57,185.0,182.74,184.39,687.50832728
2020-07-01 09:00:00,183.79,184.84,184.26,184.39,223.47201186
2020-07-01 10:00:00,183.47,184.48,184.21,183.8,212.00068331
2020-07-01 11:00:00,183.29,183.96,183.62,183.92,162.49896392
2020-07-01 12:00:00,183.3,183.83,183.75,183.64,148.3181239
2020-07-01 13:00:00,183.44,184.93,183.78,184.44,674.13383994
2020-07-01 14:00:00,183.92,184.63,184.32,184.12,152.9492656
2020-07-01 15:00:00,184.09,184.56,184.25,184.3,459.69869848
2020-07-01 16:00:00,184.14,186.3,184.4,186.12,1071.49720843
2020-07-01 17:00:00,185.78,186.73,186.11,186.5,459.65532358
2020-07-01 18:00:00,185.92,186.5,186.27,186.19,127.90315084
2020-07-01 19:00:00,185.81,186.46,186.28,185.81,118.31745555
2020-07-01 20:00:00,185.65,186.62,185.75,185.98,375.60949119
2020-07-01 21:00:00,185.31,186.16,185.79,185.71,171.81209324
2020-07-01 22:00:00,184.92,185.92,185.63,185.32,283.46278005
2020-07-01 23:00:00,185.26,186.2,185.55,185.73,452.51943441
2020-07-02 00:00:00,185.51,186.2,185.78,185.51,103.87287454
2020-07-02 01:00:00,185.17,186.16,185.37,186.16,50.07979366
2020-07-02 02:00:00,185.59,186.48,186.16,185.59,37.46668045
2020-07-02 03:00:00,185.35,185.91,185.74,185.42,12.60605291
2020-07-02 04:00:00,185.34,185.83,185.65,185.83,23.7383344
2020-07-02 05:00:00,183.0,185.98,185.71,183.0,84.6009717
2020-07-02 06:00:00,182.82,183.75,183.0,183.23,297.46499033
2020-07-02 07:00:00,183.12,183.85,183.12,183.2,210.51461761
2020-07-02 08:00:00,182.64,183.6,183.2,183.3,113.70666427
2020-07-02 09:00:00,183.26,183.85,183.45,183.49,142.17093393
2020-07-02 10:00:00,182.53,183.48,183.44,183.34,671.31347824
2020-07-02 11:00:00,182.14,183.37,183.34,182.39,321.14279325
2020-07-02 12:00:00,182.41,183.91,182.74,183.91,287.8191825
2020-07-02 13:00:00,183.75,185.93,183.94,184.88,704.25187181
2020-07-02 14:00:00,183.98,185.29,185.02,184.02,138.05124861
2020-07-02 15:00:00,180.53,183.92,183.92,180.53,1425.09611127
2020-07-02 16:00:00,179.56,182.19,181.21,181.89,551.63455076
2020-07-02 17:00:00,181.29,182.01,181.83,181.67,382.88733257
2020-07-02 18:00:00,181.19,182.29,181.7,182.01,192.05013323
2020-07-02 19:00:00,181.2,182.08,182.0,181.65,211.21613418
2020-07-02 20:00:00,181.03,182.13,181.56,182.01,285.55797967
2020-07-02 21:00:00,181.45,183.57,182.12,182.56,365.71358209
2020-07-02 22:00:00,181.96,183.02,182.72,182.31,258.80103594
2020-07-02 23:00:00,181.92,182.53,182.31,181.94,188.57137378
2020-07-03 00:00:00,181.17,182.2,181.9,181.9,77.67181469
2020-07-03 01:00:00,181.58,183.26,181.9,182.92,187.99811007
2020-07-03 02:00:00,182.07,183.01,182.85,182.07,23.19101954
2020-07-03 03:00:00,181.74,182.52,182.39,182.09,8.41365973
2020-07-03 04:00:00,181.71,182.54,182.18,182.54,20.46117098
2020-07-03 05:00:00,182.11,182.92,182.44,182.76,53.07311248
2020-07-03 06:00:00,182.05,182.64,182.57,182.14,69.28639649
2020-07-03 07:00:00,182.02,183.4,182.2,183.16,156.69202647
2020-07-03 08:00:00,182.54,183.77,182.95,182.94,122.77693847
2020-07-03 09:00:00,182.16,183.4,182.85,182.51,65.13625526
2020-07-03 10:00:00,181.96,182.73,182.51,182.53,173.0103088
2020-07-03 11:00:00,182.15,183.15,182.39,183.14,91.97461222
2020-07-03 12:00:00,182.5,183.4,183.05,183.02,314.67359395
2020-07-03 13:00:00,182.7,183.4,183.02,182.75,180.1945357
2020-07-03 14:00:00,182.32,183.0,182.89,182.4,181.87216248
2020-07-03 15:00:00,182.35,182.9,182.59,182.7,218.49765432
2020-07-03 16:00:00,182.27,182.89,182.49,182.46,80.0560887
2020-07-03 17:00:00,182.18,182.77,182.36,182.18,143.29957171
2020-07-03 18:00:00,181.64,182.56,182.23,181.64,437.94015938
2020-07-03 19:00:00,181.41,182.04,181.61,182.02,94.14702926
2020-07-03 20:00:00,181.56,182.4,181.56,182.2,78.6060668
2020-07-03 21:00:00,181.73,182.43,182.2,182.32,49.73715078
2020-07-03 22:00:00,181.51,182.24,182.15,181.74,118.73202241
2020-07-03 23:00:00,180.21,181.55,181.55,180.51,485.32841968
2020-07-04 00:00:00,180.53,181.31,180.56,180.89,116.0329672
2020-07-04 01:00:00,180.47,180.99,180.96,180.64,101.45809093
2020-07-04 02:00:00,181.02,181.77,181.03,181.65,23.28103484
2020-07-04 03:00:00,181.09,181.6,181.6,181.09,8.70125952
2020-07-04 04:00:00,181.03,181.49,181.27,181.23,41.8306372
2020-07-04 05:00:00,181.09,181.66,181.43,181.66,16.22246029
2020-07-04 06:00:00,181.16,181.5,181.47,181.5,7.94218979
2020-07-04 07:00:00,181.07,181.66,181.28,181.31,76.39151829
2020-07-04 08:00:00,181.1,181.68,181.31,181.51,26.60782195
2020-07-04 09:00:00,181.24,181.7,181.65,181.39,102.59632445
2020-07-04 10:00:00,181.18,181.62,181.51,181.3,135.24468918
2020-07-04 11:00:00,181.1,181.78,181.44,181.5,185.26310731
2020-07-04 12:00:00,181.32,182.14,181.5,182.08,151.95968724
2020-07-04 13:00:00,181.64,182.17,181.87,182.11,119.10612583
2020-07-04 14:00:00,181.58,182.2,181.97,181.77,78.38145566
2020-07-04 15:00:00,181.09,181.84,181.66,181.45,326.14579313
2020-07-04 16:00:00,181.15,181.6,181.45,181.57,134.93079716
2020-07-04 17:00:00,181.46,185.02,181.57,184.83,554.05842117
2020-07-04 18:00:00,183.63,184.95,184.73,183.77,143.10548517
2020-07-04 19:00:00,183.33,184.03,183.71,183.93,107.7390531
2020-07-04 20:00:00,183.85,184.37,184.02,184.15,163.36181619
2020-07-04 21:00:00,183.45,184.37,184.12,183.69,293.95421723
2020-07-04 22:00:00,183.41,184.1,184.1,183.91,66.82156209
2020-07-04 23:00:00,183.49,184.21,183.69,184.09,30.55987149
2020-07-05 00:00:00,184.14,184.56,184.34,184.24,176.2775138
2020-07-05 01:00:00,183.94,184.37,184.24,183.94,24.558496
2020-07-05 02:00:00,183.0,184.12,184.0,183.29,24.20475491
2020-07-05 03:00:00,183.0,183.52,183.15,183.45,27.75204703
2020-07-05 04:00:00,183.16,183.48,183.37,183.48,4.97210464
2020-07-05 05:00:00,182.07,183.41,183.41,182.24,98.38730425
2020-07-05 06:00:00,182.15,182.6,182.22,182.39,169.15791729
2020-07-05 07:00:00,182.07,182.56,182.46,182.2,40.09283861
2020-07-05 08:00:00,182.11,182.64,182.19,182.52,103.12641885
2020-07-05 09:00:00,180.16,182.58,182.51,180.51,313.9106997
2020-07-05 10:00:00,180.02,181.31,180.6,181.15,360.97946332
2020-07-05 11:00:00,181.01,181.58,181.15,181.02,107.89666956
2020-07-05 12:00:00,180.5,181.39,181.01,181.39,351.47155671
2020-07-05 13:00:00,180.76,181.44,181.27,180.8,123.31731897
2020-07-05 14:00:00,180.63,181.31,180.73,181.24,104.77749733
2020-07-05 15:00:00,180.85,181.99,181.19,180.93,152.06090043
2020-07-05 16:00:00,180.72,181.47,180.72,181.18,142.78249218
2020-07-05 17:00:00,180.83,181.34,180.91,180.92,109.65421976
2020-07-05 18:00:00,180.79,181.3,180.91,181.04,61.56658599
2020-07-05 19:00:00,180.92,181.7,181.25,181.09,116.93692987
2020-07-05 20:00:00,180.78,181.26,181.04,180.86,89.90133207
2020-07-05 21:00:00,179.66,182.16,180.81,181.76,353.82251059
2020-07-05 22:00:00,181.95,183.1,182.0,183.1,54.43294767
2020-07-05 23:00:00,182.51,183.35,182.85,183.34,55.41802095
2020-07-06 00:00:00,182.08,183.34,183.34,182.5,229.90995071
2020-07-06 01:00:00,182.44,183.08,182.44,183.05,48.21197423
2020-07-06 02:00:00,182.87,183.73,183.37,183.13,368.32587505
2020-07-06 03:00:00,182.59,183.27,183.27,182.89,28.44891012
2020-07-06 04:00:00,182.76,183.15,182.76,182.82,26.66516586
2020-07-06 05:00:00,182.72,183.43,183.02,183.43,8.778605
2020-07-06 06:00:00,183.36,186.5,183.36,186.15,422.25569326
2020-07-06 07:00:00,186.25,187.39,186.3,186.84,646.58548211
2020-07-06 08:00:00,186.54,187.28,186.9,187.27,221.86323989
2020-07-06 09:00:00,186.7,187.71,187.27,187.52,363.9296942
2020-07-06 10:00:00,186.96,187.92,187.6,187.41,110.43247831
2020-07-06 11:00:00,187.26,188.7,187.41,188.7,635.97959833
2020-07-06 12:00:00,187.77,189.98,188.7,189.77,392.03119873
2020-07-06 13:00:00,189.12,189.99,189.95,189.77,451.45723053
2020-07-06 14:00:00,188.77,189.79,189.76,189.23,607.07253271
2020-07-06 15:00:00,188.75,191.4,189.07,191.21,540.28788203
2020-07-06 16:00:00,190.91,192.79,191.4,191.92,605.58097271
2020-07-06 17:00:00,191.47,192.39,191.92,192.16,314.00495676
2020-07-06 18:00:00,190.75,192.38,192.23,191.36,488.7427073
2020-07-06 19:00:00,190.7,191.54,191.36,191.3,327.89711169
2020-07-06 20:00:00,190.06,191.29,191.14,191.07,343.84488989
2020-07-06 21:00:00,190.21,191.91,191.07,191.25,1357.34349053
2020-07-06 22:00:00,190.73,191.87,191.07,191.73,149.54420988
2020-07-06 23:00:00,191.7,193.96,191.77,193.81,535.80067541
2020-07-07 00:00:00,192.96,195.0,193.64,192.99,1061.55477387
2020-07-07 01:00:00,191.25,192.98,192.98,191.79,74.85820221
2020-07-07 02:00:00,190.63,191.77,191.2,191.53,126.27978818
2020-07-07 03:00:00,191.44,192.54,191.52,191.44,93.07841515
2020-07-07 04:00:00,190.84,191.83,191.83,190.84,123.22203902
2020-07-07 05:00:00,190.85,191.58,191.1,191.21,120.68423311
2020-07-07 06:00:00,189.42,191.34,191.34,190.15,171.24132058
2020-07-07 07:00:00,189.24,190.16,190.16,189.97,297.09625182
2020-07-07 08:00:00,189.8,191.03,189.92,190.53,141.23930462
2020-07-07 09:00:00,188.37,190.67,190.67,188.95,470.81910666
2020-07-07 10:00:00,189.0,190.15,189.11,189.71,120.75391888
2020-07-07 11:00:00,189.4,190.66,189.61,190.19,172.74952591
2020-07-07 12:00:00,189.66,190.54,190.14,190.17,149.20631712
2020-07-07 13:00:00,189.16,190.31,190.31,189.58,486.39085086
2020-07-07 14:00:00,189.06,191.23,189.56,189.08,294.25484159
2020-07-07 15:00:00,189.0,190.69,189.36,190.69,278.82416446
2020-07-07 16:00:00,189.92,191.17,190.55,190.33,401.01694834
2020-07-07 17:00:00,190.33,191.63,190.43,191.24,286.24571339
2020-07-07 18:00:00,190.22,191.3,191.24,190.87,156.86983956
2020-07-07 19:00:00,190.0,190.86,190.86,190.0,422.94094492
2020-07-07 20:00:00,189.16,190.7,189.73,190.51,288.79173878
2020-07-07 21:00:00,189.48,190.82,190.76,190.28,208.66470372
2020-07-07 22:00:00,189.78,190.79,190.34,190.79,104.38070005
2020-07-07 23:00:00,190.41,191.49,190.79,191.3,241.05339575
2020-07-08 00:00:00,189.78,191.13,191.13,190.59,17.4937826
2020-07-08 01:00:00,190.1,191.63,190.69,191.63,62.05718604
2020-07-08 02:00:00,191.98,193.24,191.98,192.52,346.74603057
2020-07-08 03:00:00,192.04,193.09,192.92,193.09,112.95062575
2020-07-08 04:00:00,190.15,192.92,192.92,190.68,85.72607375
2020-07-08 05:00:00,190.03,191.11,190.8,190.82,86.75997336
2020-07-08 06:00:00,190.74,191.65,190.84,191.47,130.6764611
2020-07-08 07:00:00,191.07,192.75,191.47,192.29,347.95351915
2020-07-08 08:00:00,191.53,193.04,192.45,192.7,305.0833513
2020-07-08 09:00:00,192.56,193.58,192.7,193.14,234.99022767
2020-07-08 10:00:00,193.07,195.26,193.31,194.93,1281.56685363
2020-07-08 11:00:00,193.85,195.52,195.13,195.2,613.84677483
2020-07-08 12:00:00,193.12,195.48,195.2,193.54,853.76483081
2020-07-08 13:00:00,193.46,196.36,193.58,195.97,677.2069929
2020-07-08 14:00:00,195.0,197.0,196.14,195.41,440.06074345
2020-07-08 15:00:00,195.0,196.27,195.47,195.71,408.05857858
2020-07-08 16:00:00,195.17,196.42,195.82,195.21,358.83081116
2020-07-08 17:00:00,195.0,196.0,195.39,196.0,321.47554137
2020-07-08 18:00:00,195.44,196.41,196.2,195.84,234.84004864
2020-07-08 19:00:00,196.04,197.82,196.12,197.62,383.30234079
2020-07-08 20:00:00,195.32,197.89,197.89,195.63,498.11740577
2020-07-08 21:00:00,195.55,197.18,195.92,197.04,635.25582921
2020-07-08 22:00:00,196.33,197.29,196.91,196.51,352.36367583
2020-07-08 23:00:00,195.59,196.63,196.62,196.23,172.10623757
2020-07-09 00:00:00,194.55,196.23,196.23,195.31,378.23518091
2020-07-09 01:00:00,194.42,195.66,195.3,194.88,161.86951502
2020-07-09 02:00:00,193.56,195.17,194.75,194.43,80.3032738
2020-07-09 03:00:00,194.13,195.29,194.24,194.24,270.07518069
2020-07-09 04:00:00,194.07,194.93,194.07,194.41,472.56060986
2020-07-09 05:00:00,194.23,194.89,194.23,194.4,335.82462232
2020-07-09 06:00:00,194.41,196.2,194.41,196.09,683.38779038
2020-07-09 07:00:00,195.04,196.25,195.95,195.98,361.30103735
2020-07-09 08:00:00,195.07,195.9,195.88,195.25,181.62666131
2020-07-09 09:00:00,194.74,195.44,195.25,195.01,361.45011144
2020-07-09 10:00:00,194.13,195.2,195.1,194.23,359.02255095
2020-07-09 11:00:00,194.02,195.54,194.29,195.54,413.76093376
2020-07-09 12:00:00,195.3,196.33,195.48,196.04,436.46575344
2020-07-09 13:00:00,194.19,196.04,196.04,194.43,915.31527551
2020-07-09 14:00:00,192.19,195.02,194.38,192.49,502.58861773
2020-07-09 15:00:00,189.46,194.97,192.04,190.53,1289.9278208
2020-07-09 16:00:00,190.35,191.39,190.53,191.01,486.8779193
2020-07-09 17:00:00,190.32,191.49,190.96,190.91,416.2352967
2020-07-09 18:00:00,190.72,191.56,190.92,191.09,374.48726516
2020-07-09 19:00:00,189.95,192.4,191.07,190.99,472.8473185
2020-07-09 20:00:00,190.51,192.2,190.93,192.03,192.11484438
2020-07-09 21:00:00,191.76,192.6,192.03,192.28,169.91930495
2020-07-09 22:00:00,191.45,192.55,192.0,192.25,166.16955187
2020-07-09 23:00:00,191.71,192.6,192.2,192.54,140.07148156
2020-07-10 00:00:00,191.58,192.61,192.54,191.72,120.44574348
2020-07-10 01:00:00,191.26,191.97,191.74,191.82,59.51940304
2020-07-10 02:00:00,191.2,191.89,191.76,191.88,36.45378204
2020-07-10 03:00:00,191.21,191.91,191.88,191.54,19.21865404
2020-07-10 04:00:00,188.56,191.42,191.42,188.77,220.10030226
2020-07-10 05:00:00,187.99,189.89,188.69,189.31,301.42333317
2020-07-10 06:00:00,189.0,190.09,189.69,189.0,451.46179309
2020-07-10 07:00:00,188.88,190.11,188.96,189.63,257.11102777
2020-07-10 08:00:00,189.45,191.36,189.45,190.36,289.2678299
2020-07-10 09:00:00,189.81,190.53,190.15,190.37,156.43560182
2020-07-10 10:00:00,189.17,190.45,190.45,189.99,289.9553142
2020-07-10 11:00:00,189.08,190.31,190.31,189.44,171.11095478
2020-07-10 12:00:00,189.57,190.5,189.57,190.16,275.26679678
2020-07-10 13:00:00,189.07,190.22,190.13,189.57,145.41273739
2020-07-10 14:00:00,188.94,190.2,189.7,189.72,291.59682124
2020-07-10 15:00:00,189.37,190.81,189.65,190.77,135.61438814
2020-07-10 16:00:00,189.88,190.79,190.69,190.28,99.87321326
2020-07-10 17:00:00,189.3,190.21,190.21,189.94,137.40055989
2020-07-10 18:00:00,189.44,190.11,189.91,189.89,90.48798727
2020-07-10 19:00:00,189.82,190.56,189.9,190.31,370.02754715
2020-07-10 20:00:00,189.89,190.66,190.41,190.03,151.39801686
2020-07-10 21:00:00,189.43,190.27,190.16,189.81,136.47182117
2020-07-10 22:00:00,189.58,190.95,189.94,190.6,61.20248918
2020-07-10 23:00:00,190.31,191.82,190.61,191.57,109.41665795
2020-07-11 00:00:00,191.43,191.79,191.73,191.45,11.46907259
2020-07-11 01:00:00,191.03,191.73,191.45,191.7,37.87789455
2020-07-11 02:00:00,191.28,191.9,191.9,191.73,13.22266999
2020-07-11 03:00:00,190.88,191.74,191.7,190.93,15.70470224
2020-07-11 04:00:00,190.38,191.34,190.87,190.56,12.21972026
2020-07-11 05:00:00,190.27,190.93,190.8,190.55,21.55245357
2020-07-11 06:00:00,190.2,190.76,190.55,190.66,34.84248002
2020-07-11 07:00:00,190.8,191.41,190.93,191.18,66.73515512
2020-07-11 08:00:00,190.85,191.22,191.18,190.99,66.74204235
2020-07-11 09:00:00,188.97,191.03,190.99,189.48,178.44364719
2020-07-11 10:00:00,189.47,190.1,189.47,189.81,133.77238686
2020-07-11 11:00:00,189.47,190.37,189.77,189.47,215.70033156
2020-07-11 12:00:00,189.55,190.21,189.55,190.0,720.89655418
2020-07-11 13:00:00,189.4,190.08,189.87,189.95,148.68863575
2020-07-11 14:00:00,189.48,190.8,189.91,190.8,311.96950547
2020-07-11 15:00:00,190.22,190.76,190.67,190.38,106.05611644
2020-07-11 16:00:00,190.0,190.94,190.4,190.2,143.95135708
2020-07-11 17:00:00,189.73,190.48,190.25,189.98,398.73457669
2020-07-11 18:00:00,189.6,190.03,189.73,189.89,115.77797767
2020-07-11 19:00:00,188.85,189.86,189.86,189.13,281.29461202
2020-07-11 20:00:00,188.99,189.82,189.17,189.82,103.21975564
2020-07-11 21:00:00,189.5,190.0,189.82,189.84,105.09601915
2020-07-11 22:00:00,189.44,190.1,189.89,189.72,136.79068606
2020-07-11 23:00:00,189.67,190.52,189.71,190.27,175.49608157
2020-07-12 00:00:00,190.08,190.65,190.1,190.62,80.38598884
2020-07-12 01:00:00,190.54,190.91,190.66,190.81,128.8606727
2020-07-12 02:00:00,190.61,191.0,191.0,190.96,31.52427781
2020-07-12 03:00:00,190.85,191.28,191.0,191.17,52.72722132
2020-07-12 04:00:00,190.75,191.46,191.46,190.86,15.671109
2020-07-12 05:00:00,190.71,191.38,190.86,191.28,28.5413413
2020-07-12 06:00:00,190.87,191.39,191.39,191.15,13.90194577
2020-07-12 07:00:00,190.65,191.21,191.01,190.96,59.09386369
2020-07-12 08:00:00,190.54,191.35,190.9,190.65,179.80130588
2020-07-12 09:00:00,189.99,191.04,190.54,191.04,249.18629411
2020-07-12 10:00:00,190.6,191.09,191.09,190.8,174.51933078
2020-07-12 11:00:00,190.12,190.79,190.78,190.17,177.65548683
2020-07-12 12:00:00,190.25,191.26,190.26,191.26,216.29025594
2020-07-12 13:00:00,188.05,193.59,191.26,188.59,2015.06999892
2020-07-12 14:00:00,188.11,189.1,188.52,188.92,640.09210628
2020-07-12 15:00:00,188.57,189.15,188.74,188.74,243.88718343
2020-07-12 16:00:00,188.51,189.63,188.69,189.4,313.02380124
2020-07-12 17:00:00,189.0,189.49,189.21,189.37,185.57668795
2020-07-12 18:00:00,189.28,189.85,189.37,189.5,190.89343462
2020-07-12 19:00:00,188.46,189.59,189.5,189.29,414.81427887
2020-07-12 20:00:00,189.13,189.74,189.51,189.47,108.09060847
2020-07-12 21:00:00,189.17,190.25,189.51,190.25,264.30397085
2020-07-12 22:00:00,190.26,191.0,190.44,190.9,341.89200251
2020-07-12 23:00:00,190.56,193.0,190.89,193.0,450.76642126
2020-07-13 00:00:00,191.5,193.29,193.0,192.0,208.28070642
2020-07-13 01:00:00,191.55,192.15,192.01,191.68,132.57506582
2020-07-13 02:00:00,191.44,191.94,191.94,191.84,44.3143493
2020-07-13 03:00:00,191.42,191.97,191.97,191.51,51.55241927
2020-07-13 04:00:00,191.39,191.89,191.77,191.77,104.90513002
2020-07-13 05:00:00,191.83,192.32,191.83,192.32,43.05302884
2020-07-13 06:00:00,191.42,192.44,192.31,191.81,140.65942821
2020-07-13 07:00:00,191.82,192.98,191.82,192.93,164.58721088
2020-07-13 08:00:00,192.99,194.24,192.99,193.94,429.50269769
2020-07-13 09:00:00,193.34,194.34,194.08,193.63,330.34232724
2020-07-13 10:00:00,192.78,193.95,193.8,193.85,269.54401807
2020-07-13 11:00:00,193.56,194.5,193.79,194.36,217.68411006
2020-07-13 12:00:00,193.36,194.88,194.41,194.69,371.15293521
2020-07-13 13:00:00,193.8,194.65,194.65,194.08,297.83637406
2020-07-13 14:00:00,192.92,194.12,194.07,193.04,1029.69290127
2020-07-13 15:00:00,192.35,194.04,193.12,192.76,983.39258537
2020-07-13 16:00:00,192.47,193.42,192.72,193.33,414.55661393
2020-07-13 17:00:00,193.23,193.74,193.33,193.67,421.29656465
2020-07-13 18:00:00,191.65,193.54,193.54,192.27,375.03522145
2020-07-13 19:00:00,189.39,192.08,192.08,190.06,491.97527427
2020-07-13 20:00:00,189.78,191.16,190.06,190.68,236.3041975
2020-07-13 21:00:00,190.24,191.5,190.58,191.5,293.42140398
2020-07-13 22:00:00,190.62,191.43,191.43,191.11,147.53038035
2020-07-13 23:00:00,190.52,191.37,191.2,191.01,246.45241527
2020-07-14 00:00:00,190.53,191.24,190.84,190.57,152.48977385
2020-07-14 01:00:00,190.42,191.57,190.66,191.25,18.66907954
2020-07-14 02:00:00,191.0,191.56,191.27,191.33,22.86167031
2020-07-14 03:00:00,190.6,191.28,191.28,190.6,22.59582796
2020-07-14 04:00:00,189.35,190.34,190.32,189.69,260.14271278
2020-07-14 05:00:00,189.53,190.16,189.53,190.09,28.10226155
2020-07-14 06:00:00,190.04,190.98,190.19,190.66,80.84079608
2020-07-14 07:00:00,190.55,191.05,190.75,190.83,56.57120784
2020-07-14 08:00:00,190.78,191.53,191.0,190.85,458.62834677
2020-07-14 09:00:00,190.96,191.53,190.96,191.38,154.15783444
2020-07-14 10:00:00,190.17,191.51,191.51,190.88,231.155174
2020-07-14 11:00:00,190.01,192.5,190.91,192.5,347.3597325
2020-07-14 12:00:00,191.8,192.7,192.69,191.92,194.74010741
2020-07-14 13:00:00,191.26,192.47,191.82,191.4,163.21806461
2020-07-14 14:00:00,190.65,191.74,191.44,191.4,285.63061888
2020-07-14 15:00:00,191.4,192.38,191.58,192.03,336.42327158
2020-07-14 16:00:00,191.15,192.15,192.07,191.84,194.32864248
2020-07-14 17:00:00,191.6,192.88,191.83,192.55,553.12106844
2020-07-14 18:00:00,192.09,192.58,192.58,192.39,402.71468238
2020-07-14 19:00:00,192.01,192.91,192.34,192.91,734.34405782
2020-07-14 20:00:00,192.42,193.15,192.93,192.76,217.18638386
2020-07-14 21:00:00,191.55,192.67,192.67,191.84,1068.67788308
2020-07-14 22:00:00,191.51,192.29,191.87,191.51,400.24997859
2020-07-14 23:00:00,191.58,192.18,191.66,191.66,86.87677214
2020-07-15 00:00:00,191.67,192.27,191.67,191.72,75.28214926
2020-07-15 01:00:00,191.08,191.98,191.81,191.61,29.84445499
2020-07-15 02:00:00,191.0,191.4,191.35,191.4,15.69097792
2020-07-15 03:00:00,190.73,191.55,191.52,190.73,40.334886
2020-07-15 04:00:00,190.26,191.02,190.67,191.02,108.16617286
2020-07-15 05:00:00,190.82,191.53,190.94,191.39,28.82069979
2020-07-15 06:00:00,190.45,191.06,191.06,190.71,119.0028362
2020-07-15 07:00:00,190.16,190.79,190.54,190.41,573.38019988
2020-07-15 08:00:00,189.85,190.64,190.26,190.39,846.14878919
2020-07-15 09:00:00,189.59,190.79,190.26,190.24,252.94603413
2020-07-15 10:00:00,190.1,190.75,190.1,190.53,342.03011169
2020-07-15 11:00:00,189.76,190.86,190.47,189.83,541.63748928
2020-07-15 12:00:00,189.75,190.4,189.75,190.26,310.03002904
2020-07-15 13:00:00,189.92,190.52,190.25,190.5,305.82413907
2020-07-15 14:00:00,190.28,190.85,190.46,190.52,474.05503628
2020-07-15 15:00:00,189.58,190.78,190.56,189.73,412.50066033
2020-07-15 16:00:00,188.81,190.2,189.64,189.69,537.69590154
2020-07-15 17:00:00,189.1,189.97,189.71,189.25,232.10417878
2020-07-15 18:00:00,188.78,191.99,189.28,188.85,262.11312812
2020-07-15 19:00:00,188.68,189.38,188.81,188.9,426.26518462
2020-07-15 20:00:00,188.79,189.85,188.82,189.44,238.67257867
2020-07-15 21:00:00,189.4,190.09,189.45,189.92,174.4508632
2020-07-15 22:00:00,189.51,190.13,190.1,189.68,96.05674572
2020-07-15 23:00:00,189.36,190.06,189.63,189.97,79.21719633
2020-07-16 00:00:00,189.42,190.32,189.83,190.26,131.36138482
2020-07-16 01:00:00,190.07,190.75,190.12,190.75,100.15237333
2020-07-16 02:00:00,190.12,190.47,190.47,190.25,43.9512995
2020-07-16 03:00:00,190.05,190.43,190.36,190.33,25.71766901
2020-07-16 04:00:00,190.06,190.57,190.44,190.16,51.48052089
2020-07-16 05:00:00,189.8,190.5,189.98,190.2,70.6165387
2020-07-16 06:00:00,186.56,190.41,190.28,187.57,657.13511717
2020-07-16 07:00:00,183.88,187.55,187.55,185.4,1016.57353876
2020-07-16 08:00:00,185.2,186.08,185.21,185.83,442.56629522
2020-07-16 09:00:00,184.56,185.94,185.63,184.75,745.71516674
2020-07-16 10:00:00,184.11,185.3,184.61,185.23,388.97376946
2020-07-16 11:00:00,184.74,185.54,185.4,184.74,273.20128079
2020-07-16 12:00:00,184.71,185.74,184.71,185.17,137.0370255
2020-07-16 13:00:00,184.72,185.57,185.27,185.04,434.81238674
2020-07-16 14:00:00,184.53,185.4,184.98,185.12,269.04533596
2020-07-16 15:00:00,184.83,185.65,185.18,185.12,495.06916233
2020-07-16 16:00:00,185.03,185.78,185.07,185.29,270.85339454
2020-07-16 17:00:00,185.26,186.41,185.29,186.23,1169.74657983
2020-07-16 18:00:00,185.9,187.12,186.2,186.09,194.46536509
2020-07-16 19:00:00,185.04,186.22,186.08,185.81,362.12583396
2020-07-16 20:00:00,185.01,185.85,185.81,185.77,295.09993992
2020-07-16 21:00:00,185.57,186.41,185.85,185.9,167.81299759
2020-07-16 22:00:00,185.71,186.29,185.93,186.26,127.9759015
2020-07-16 23:00:00,186.01,186.76,186.48,186.51,77.06809625
2020-07-17 00:00:00,185.71,186.43,186.38,185.81,78.49630871
2020-07-17 01:00:00,185.8,186.78,185.9,186.28,147.73642825
2020-07-17 02:00:00,186.11,186.53,186.28,186.11,19.27057838
2020-07-17 03:00:00,185.5,186.14,186.02,185.89,21.04223478
2020-07-17 04:00:00,184.87,186.18,185.78,185.02,315.32953939
2020-07-17 05:00:00,184.72,185.7,185.21,185.5,152.311721
2020-07-17 06:00:00,185.76,186.5,185.76,186.17,78.23756085
2020-07-17 07:00:00,185.95,186.45,186.22,186.1,127.29953259
2020-07-17 08:00:00,185.54,186.54,186.11,185.84,261.0064705
2020-07-17 09:00:00,185.58,186.46,185.84,186.46,410.44360086
2020-07-17 10:00:00,185.97,186.75,186.47,185.97,685.35778424
2020-07-17 11:00:00,185.45,186.5,185.97,186.49,477.77737947
2020-07-17 12:00:00,186.44,187.51,186.49,187.21,266.72824692
2020-07-17 13:00:00,186.5,187.37,187.21,186.62,547.81191608
2020-07-17 14:00:00,186.26,186.77,186.59,186.55,140.47021499
2020-07-17 15:00:00,186.09,186.99,186.66,186.32,254.46703409
2020-07-17 16:00:00,185.85,186.7,186.4,186.06,242.25194395
2020-07-17 17:00:00,185.52,186.26,186.14,185.92,140.75527233
2020-07-17 18:00:00,185.81,186.22,185.96,186.03,61.79385516
2020-07-17 19:00:00,185.63,186.3,185.85,185.96,177.9224316
2020-07-17 20:00:00,184.91,186.33,185.91,185.38,665.3224309
2020-07-17 21:00:00,185.3,185.8,185.38,185.53,120.20942551
2020-07-17 22:00:00,185.33,185.86,185.68,185.76,76.87616718
2020-07-17 23:00:00,185.44,186.03,185.82,185.54,83.7680004
2020-07-18 00:00:00,185.3,185.79,185.47,185.55,236.57432111
2020-07-18 01:00:00,185.3,185.74,185.54,185.51,11.81203491
2020-07-18 02:00:00,185.4,185.97,185.45,185.79,65.10969719
2020-07-18 03:00:00,185.46,186.0,185.78,185.8,24.04471844
2020-07-18 04:00:00,185.61,185.98,185.65,185.68,48.09740931
2020-07-18 05:00:00,185.34,185.6,185.5,185.57,65.33047822
2020-07-18 06:00:00,185.3,185.75,185.52,185.6,225.65391623
2020-07-18 07:00:00,185.5,185.98,185.65,185.78,84.99628351
2020-07-18 08:00:00,185.71,186.61,185.78,186.61,130.86065993
2020-07-18 09:00:00,186.61,187.53,186.61,187.26,457.50841508
2020-07-18 10:00:00,187.13,187.54,187.26,187.18,188.74711535
2020-07-18 11:00:00,187.27,187.72,187.31,187.48,363.42838113
2020-07-18 12:00:00,187.27,187.56,187.55,187.43,204.24354832
2020-07-18 13:00:00,186.76,187.69,187.18,187.11,120.58736224
2020-07-18 14:00:00,186.91,187.5,187.09,187.3,118.65182664
2020-07-18 15:00:00,186.92,187.58,187.46,187.49,231.57591834
2020-07-18 16:00:00,187.08,187.56,187.51,187.39,226.69295549
2020-07-18 17:00:00,187.2,187.58,187.2,187.37,228.54740354
2020-07-18 18:00:00,187.27,188.48,187.49,188.26,213.20437358
2020-07-18 19:00:00,187.83,189.49,188.16,187.94,639.00018122
2020-07-18 20:00:00,188.07,188.81,188.07,188.5,252.71335786
2020-07-18 21:00:00,187.99,188.61,188.55,188.31,164.49495596
2020-07-18 22:00:00,187.82,188.5,188.23,187.97,217.30100278
2020-07-18 23:00:00,187.88,188.3,188.16,187.88,195.01194112
2020-07-19 00:00:00,188.05,188.28,188.12,188.27,69.60811058
2020-07-19 01:00:00,187.79,188.99,188.16,188.14,311.54836426
2020-07-19 02:00:00,187.04,188.13,188.13,187.5,37.9880537
2020-07-19 03:00:00,187.27,187.6,187.49,187.33,48.6772669
2020-07-19 04:00:00,187.25,187.66,187.49,187.42,57.60390901
2020-07-19 05:00:00,186.72,187.51,187.37,186.72,12.74205814
2020-07-19 06:00:00,186.26,187.24,186.7,187.16,58.61515543
2020-07-19 07:00:00,187.13,187.43,187.16,187.14,45.35369022
2020-07-19 08:00:00,187.04,187.57,187.12,187.49,97.04514737
2020-07-19 09:00:00,187.14,187.57,187.45,187.52,192.57669891
2020-07-19 10:00:00,186.28,187.55,187.42,186.67,295.3029582
2020-07-19 11:00:00,186.37,186.97,186.67,186.66,271.46699967
2020-07-19 12:00:00,186.3,186.77,186.66,186.77,403.93535834
2020-07-19 13:00:00,186.28,186.85,186.77,186.64,151.87950983
2020-07-19 14:00:00,186.62,187.03,186.64,186.79,321.03597146
2020-07-19 15:00:00,186.45,187.04,186.76,186.55,178.09270006
2020-07-19 16:00:00,186.47,187.65,186.55,187.34,239.03647829
2020-07-19 17:00:00,187.21,187.73,187.24,187.32,458.20752819
2020-07-19 18:00:00,187.18,187.81,187.29,187.81,73.06929636
2020-07-19 19:00:00,187.27,188.03,187.81,187.63,208.64596479
2020-07-19 20:00:00,187.46,188.08,187.74,188.08,289.5596313
2020-07-19 21:00:00,187.63,188.16,188.06,187.95,434.21397451
2020-07-19 22:00:00,187.97,189.9,188.17,189.84,518.46372905
2020-07-19 23:00:00,189.9,191.2,189.9,190.67,303.56635399
2020-07-20 00:00:00,190.56,191.21,190.81,190.78,72.19089163
2020-07-20 01:00:00,190.39,191.08,190.59,190.48,41.0227487
2020-07-20 02:00:00,190.15,191.0,190.5,190.96,42.54786431
2020-07-20 03:00:00,190.73,191.11,191.01,191.08,6.3411274
2020-07-20 04:00:00,190.53,190.94,190.93,190.94,3.63248749
2020-07-20 05:00:00,190.47,190.99,190.68,190.82,296.03027588
2020-07-20 06:00:00,190.02,190.67,190.67,190.12,148.23930589
2020-07-20 07:00:00,189.87,190.33,190.15,190.1,147.41017769
2020-07-20 08:00:00,189.93,190.51,190.1,190.2,186.50227477
2020-07-20 09:00:00,190.09,190.51,190.16,190.11,125.83308397
2020-07-20 10:00:00,188.85,190.92,190.22,189.01,1296.0899421
2020-07-20 11:00:00,188.5,189.3,188.96,188.52,636.83626043
2020-07-20 12:00:00,188.42,189.49,188.5,189.3,201.74569924
2020-07-20 13:00:00,188.56,189.22,189.17,188.76,255.92252992
2020-07-20 14:00:00,188.32,189.18,188.76,188.45,372.9320056
2020-07-20 15:00:00,188.34,188.78,188.34,188.4,177.53246767
2020-07-20 16:00:00,188.16,188.8,188.58,188.8,92.53975316
2020-07-20 17:00:00,188.67,189.51,188.8,189.1,159.14844519
2020-07-20 18:00:00,188.4,189.29,188.98,188.46,375.79634894
2020-07-20 19:00:00,185.52,188.47,188.46,186.46,616.60960556
2020-07-20 20:00:00,186.25,187.36,186.36,187.15,241.32537444
2020-07-20 21:00:00,186.64,187.31,187.15,186.72,382.98568413
2020-07-20 22:00:00,186.43,187.19,186.64,187.12,236.70678116
2020-07-20 23:00:00,186.77,187.46,187.12,186.77,66.76937791
2020-07-21 00:00:00,186.5,187.33,186.73,187.33,50.03331501
2020-07-21 01:00:00,187.28,187.84,187.53,187.32,42.50021045
2020-07-21 02:00:00,187.19,187.52,187.31,187.28,25.74589306
2020-07-21 03:00:00,186.84,187.66,187.23,187.66,74.84458304
2020-07-21 04:00:00,187.57,187.83,187.57,187.57,17.66847231
2020-07-21 05:00:00,187.53,188.32,187.66,188.13,58.37325341
2020-07-21 06:00:00,187.65,188.25,188.25,188.12,78.39085875
2020-07-21 07:00:00,187.74,191.46,188.12,191.41,445.44307492
2020-07-21 08:00:00,190.63,191.84,191.49,190.81,421.74439465
2020-07-21 09:00:00,190.81,191.65,190.81,191.09,371.41422468
2020-07-21 10:00:00,191.18,191.84,191.32,191.75,498.61452777
2020-07-21 11:00:00,191.35,192.12,191.8,192.12,605.2546114
2020-07-21 12:00:00,192.12,193.0,192.12,192.69,509.80418428
2020-07-21 13:00:00,192.02,193.53,192.79,192.9,707.21167254
2020-07-21 14:00:00,191.41,192.9,192.9,191.68,312.74648352
2020-07-21 15:00:00,191.09,192.1,191.82,192.05,397.97040251
2020-07-21 16:00:00,191.77,192.4,191.95,192.2,388.9726683
2020-07-21 17:00:00,191.88,192.45,192.15,192.23,352.46811327
2020-07-21 18:00:00,192.11,193.9,192.23,193.6,446.69352022
2020-07-21 19:00:00,192.86,194.95,193.83,193.41,843.99949714
2020-07-21 20:00:00,192.29,193.53,193.27,193.0,658.65937741
2020-07-21 21:00:00,192.37,193.44,192.98,193.02,271.67270766
2020-07-21 22:00:00,192.4,193.19,193.01,192.75,119.19173593
2020-07-21 23:00:00,192.54,193.6,192.62,193.55,165.80789896
2020-07-22 00:00:00,191.95,193.53,193.49,191.95,156.65812684
2020-07-22 01:00:00,191.89,193.13,191.89,192.6,92.63873849
2020-07-22 02:00:00,192.37,192.77,192.44,192.39,44.65277062
2020-07-22 03:00:00,192.07,192.82,192.39,192.42,53.16188261
2020-07-22 04:00:00,192.11,192.61,192.59,192.11,75.66893886
2020-07-22 05:00:00,191.82,192.61,192.1,192.1,55.3864117
2020-07-22 06:00:00,191.93,192.4,192.09,192.01,129.85544575
2020-07-22 07:00:00,191.2,193.46,192.0,191.67,322.08316661
2020-07-22 08:00:00,191.4,192.58,191.53,192.16,203.48042166
2020-07-22 09:00:00,192.09,192.86,192.09,192.49,113.75536221
2020-07-22 10:00:00,192.37,192.91,192.38,192.87,247.07214555
2020-07-22 11:00:00,192.13,193.13,192.79,192.65,387.77307335
2020-07-22 12:00:00,191.7,192.65,192.61,191.96,112.087289
2020-07-22 13:00:00,191.76,192.68,191.96,191.93,175.29034542
2020-07-22 14:00:00,191.31,192.83,192.09,192.83,262.09633113
2020-07-22 15:00:00,192.07,193.0,192.84,192.55,201.11947113
2020-07-22 16:00:00,191.86,192.8,192.53,191.87,237.23901259
2020-07-22 17:00:00,191.83,193.0,191.83,193.0,175.92643043
2020-07-22 18:00:00,192.51,193.09,193.07,192.8,255.90684829
2020-07-22 19:00:00,192.61,193.38,193.04,193.05,241.56936854
2020-07-22 20:00:00,192.69,193.67,193.16,193.57,199.17536862
2020-07-22 21:00:00,193.31,195.21,193.58,195.21,659.40792995
2020-07-22 22:00:00,194.63,212.0,195.21,206.0,4489.70597668
2020-07-22 23:00:00,206.0,208.62,206.0,207.65,1241.33866978
2020-07-23 00:00:00,207.0,209.78,207.64,208.02,653.16605071
2020-07-23 01:00:00,207.0,209.36,208.05,209.21,208.29510796
2020-07-23 02:00:00,207.09,209.23,208.98,207.43,273.69221589
2020-07-23 03:00:00,207.08,207.65,207.64,207.1,136.2864502
2020-07-23 04:00:00,206.57,207.34,207.07,207.1,229.5517207
2020-07-23 05:00:00,204.35,206.97,206.84,205.75,284.68413503
2020-07-23 06:00:00,205.18,206.35,205.66,205.18,567.46765056
2020-07-23 07:00:00,206.07,207.27,206.15,206.82,441.69021172
2020-07-23 08:00:00,205.98,208.2,206.82,208.2,1259.48398213
2020-07-23 09:00:00,207.21,208.37,208.31,207.74,658.94977761
2020-07-23 10:00:00,207.51,208.18,207.79,207.89,725.96055447
2020-07-23 11:00:00,207.11,208.76,207.88,208.76,378.1894803
2020-07-23 12:00:00,208.43,209.87,208.76,208.66,1383.58688895
2020-07-23 13:00:00,208.46,209.26,208.46,208.95,404.14672865
2020-07-23 14:00:00,206.93,212.9,209.0,208.45,1295.62264641
2020-07-23 15:00:00,207.54,211.55,207.94,210.76,879.72842519
2020-07-23 16:00:00,210.41,221.98,210.71,220.47,3773.60490198
2020-07-23 17:00:00,216.49,221.81,220.46,216.99,2259.81925813
2020-07-23 18:00:00,215.43,217.92,216.98,216.34,633.48856453
2020-07-23 19:00:00,216.0,217.71,216.36,216.52,347.62303285
2020-07-23 20:00:00,213.9,216.36,216.36,214.88,675.28248463
2020-07-23 21:00:00,214.59,217.26,214.59,216.44,449.48878689
2020-07-23 22:00:00,215.85,217.21,216.24,216.1,344.461562
2020-07-23 23:00:00,215.73,217.27,216.13,217.09,333.80190666
2020-07-24 00:00:00,215.11,217.16,216.89,215.52,148.43986944
2020-07-24 01:00:00,214.67,215.54,215.52,215.07,97.0643395
2020-07-24 02:00:00,214.9,215.91,214.9,215.71,94.49110623
2020-07-24 03:00:00,214.13,215.74,215.74,214.93,59.75449085
2020-07-24 04:00:00,213.9,215.34,215.09,213.9,110.36222347
2020-07-24 05:00:00,212.5,215.77,213.25,215.53,243.87809277
2020-07-24 06:00:00,211.5,215.55,215.53,211.5,765.44448536
2020-07-24 07:00:00,211.53,213.66,211.53,213.63,388.71539617
2020-07-24 08:00:00,212.63,213.91,213.5,213.4,461.21815156
2020-07-24 09:00:00,213.55,215.39,213.57,215.25,360.99124833
2020-07-24 10:00:00,214.56,218.0,215.42,217.25,724.93334487
2020-07-24 11:00:00,213.8,217.49,217.3,217.49,152.76283843
2020-07-24 12:00:00,214.92,218.0,217.49,215.99,193.98184019
2020-07-24 13:00:00,214.07,216.82,215.82,214.15,745.21037784
2020-07-24 14:00:00,214.46,215.98,214.46,215.93,594.81768165
2020-07-24 15:00:00,215.45,219.48,215.91,218.27,636.19635231
2020-07-24 16:00:00,216.23,219.5,218.58,219.08,586.33690522
2020-07-24 17:00:00,217.11,219.19,218.85,219.04,402.5036215
2020-07-24 18:00:00,218.67,222.76,219.06,221.31,1361.818626
2020-07-24 19:00:00,220.61,222.5,221.46,222.25,589.49610128
2020-07-24 20:00:00,221.24,224.8,222.37,224.67,826.31833334
2020-07-24 21:00:00,223.78,225.54,224.77,224.13,858.5940475
2020-07-24 22:00:00,219.61,224.5,224.04,220.11,994.617665
2020-07-24 23:00:00,218.27,221.1,220.17,219.16,312.23570991
2020-07-25 00:00:00,219.21,221.38,219.33,220.23,116.09578359
2020-07-25 01:00:00,219.56,221.94,220.14,221.59,104.88367838
2020-07-25 02:00:00,220.7,221.96,221.85,221.96,97.7256265
2020-07-25 03:00:00,221.19,222.62,221.88,221.19,89.51525814
2020-07-25 04:00:00,220.87,221.95,221.69,221.48,50.13096408
2020-07-25 05:00:00,221.79,223.56,222.48,222.97,87.13922404
2020-07-25 06:00:00,222.09,223.84,223.27,222.55,153.13804933
2020-07-25 07:00:00,221.61,222.71,222.71,221.98,270.09072802
2020-07-25 08:00:00,221.55,223.48,222.0,222.64,301.24443359
2020-07-25 09:00:00,221.9,223.44,222.77,222.2,492.59986287
2020-07-25 10:00:00,221.0,222.76,222.16,221.75,349.40968354
2020-07-25 11:00:00,221.59,222.89,221.59,222.02,318.8481393
2020-07-25 12:00:00,221.97,223.95,222.02,223.59,441.9031251
2020-07-25 13:00:00,221.5,225.9,223.83,223.14,837.62935551
2020-07-25 14:00:00,222.01,223.14,222.87,222.96,451.04250147
2020-07-25 15:00:00,222.82,224.89,222.83,224.79,302.14302724
2020-07-25 16:00:00,223.5,227.8,224.8,226.78,899.23709302
2020-07-25 17:00:00,226.2,234.0,227.03,234.0,957.09253547
2020-07-25 18:00:00,229.26,234.99,233.44,232.97,1090.2930337
2020-07-25 19:00:00,230.75,233.95,232.25,233.07,540.64655693
2020-07-25 20:00:00,232.87,242.0,233.22,240.28,1735.80605918
2020-07-25 21:00:00,234.66,241.99,240.27,237.82,1686.54756603
2020-07-25 22:00:00,237.26,241.12,238.01,241.03,496.81254213
2020-07-25 23:00:00,238.66,242.49,241.05,239.14,730.20798989
2020-07-26 00:00:00,235.5,239.56,238.97,237.21,399.77741613
2020-07-26 01:00:00,235.72,237.23,237.21,236.88,212.99333012
2020-07-26 02:00:00,235.5,238.03,236.89,237.14,444.17243124
2020-07-26 03:00:00,236.48,237.66,237.04,237.11,79.63538253
2020-07-26 04:00:00,236.19,237.88,237.36,237.02,165.34687311
2020-07-26 05:00:00,236.64,237.96,236.64,237.17,94.96504241
2020-07-26 06:00:00,237.12,240.23,237.17,240.23,536.77663994
2020-07-26 07:00:00,239.27,245.0,240.47,243.95,1045.06930153
2020-07-26 08:00:00,242.67,249.97,244.17,248.57,1746.05074379
2020-07-26 09:00:00,245.61,248.88,248.14,246.66,1371.9775202
2020-07-26 10:00:00,235.0,251.0,246.56,242.48,3208.16586462
2020-07-26 11:00:00,238.86,242.5,242.5,241.43,774.42979593
2020-07-26 12:00:00,235.51,241.77,241.36,237.53,836.80533539
2020-07-26 13:00:00,236.2,240.71,237.31,240.0,711.60690873
2020-07-26 14:00:00,239.9,245.59,240.0,245.0,799.00606952
2020-07-26 15:00:00,242.7,245.58,245.0,243.09,659.92471088
2020-07-26 16:00:00,239.9,245.74,243.0,239.9,588.86409469
2020-07-26 17:00:00,240.59,243.28,240.95,241.28,438.97659328
2020-07-26 18:00:00,237.97,241.66,241.25,241.25,885.33084134
2020-07-26 19:00:00,239.96,242.13,241.45,240.42,252.34912866
2020-07-26 20:00:00,239.75,244.34,239.75,243.07,356.14515181
2020-07-26 21:00:00,242.45,245.0,242.55,242.99,354.06998026
2020-07-26 22:00:00,243.2,245.0,243.2,243.95,477.41477949
2020-07-26 23:00:00,242.6,244.3,244.06,243.77,115.56084622
2020-07-27 00:00:00,243.38,248.69,243.93,245.46,214.08177932
2020-07-27 01:00:00,246.06,256.99,246.06,252.51,1579.76786639
2020-07-27 02:00:00,250.67,253.54,252.61,253.22,159.96814522
2020-07-27 03:00:00,252.32,257.0,253.35,253.38,404.71712291
2020-07-27 04:00:00,250.2,253.96,253.46,251.09,217.07827039
2020-07-27 05:00:00,251.44,254.84,251.5,252.26,249.23425388
2020-07-27 06:00:00,251.96,255.5,251.98,255.43,355.72289312
2020-07-27 07:00:00,249.54,255.39,255.39,249.54,582.09976938
2020-07-27 08:00:00,247.0,251.58,249.89,251.33,1216.94227037
2020-07-27 09:00:00,250.99,253.44,251.46,252.74,651.47539805
2020-07-27 10:00:00,251.34,254.43,252.8,253.12,804.18988337
2020-07-27 11:00:00,251.54,256.99,253.26,253.62,1273.60252773
2020-07-27 12:00:00,252.24,255.13,253.66,254.16,731.14330384
2020-07-27 13:00:00,251.5,254.76,253.94,253.36,810.0225684
2020-07-27 14:00:00,247.32,253.49,252.88,248.1,1595.94597635
2020-07-27 15:00:00,242.09,248.43,248.43,243.35,1381.43114171
2020-07-27 16:00:00,243.96,250.27,243.96,245.38,819.38943762
2020-07-27 17:00:00,245.83,252.0,245.83,252.0,1711.12673394
2020-07-27 18:00:00,250.15,253.4,252.0,251.5,611.75038248
2020-07-27 19:00:00,250.0,252.25,251.5,251.95,653.9283189
2020-07-27 20:00:00,250.95,252.1,251.81,251.61,556.6694512
2020-07-27 21:00:00,248.75,251.7,251.68,250.13,622.22342505
2020-07-27 22:00:00,249.26,259.23,249.92,254.58,1823.89942942
2020-07-27 23:00:00,246.3,254.27,254.23,250.52,1098.83482236
2020-07-28 00:00:00,250.95,253.88,250.95,252.3,348.98406167
2020-07-28 01:00:00,249.67,253.27,252.39,251.44,303.38141181
2020-07-28 02:00:00,247.07,251.59,251.42,247.2,227.12242213
2020-07-28 03:00:00,246.18,249.46,246.94,248.58,362.0531049
2020-07-28 04:00:00,247.83,249.92,248.99,249.92,285.64563351
2020-07-28 05:00:00,245.87,249.43,249.26,246.41,573.57875069
2020-07-28 06:00:00,245.75,247.88,246.41,247.17,612.97503615
2020-07-28 07:00:00,245.5,248.21,247.17,245.92,350.42026909
2020-07-28 08:00:00,244.05,247.07,246.26,244.05,1355.67659136
2020-07-28 09:00:00,236.29,244.92,244.01,240.56,1606.31215296
2020-07-28 10:00:00,237.54,244.92,240.32,244.66,1092.34157891
2020-07-28 11:00:00,243.8,247.71,243.8,247.14,1020.06678954
2020-07-28 12:00:00,243.13,248.19,247.24,246.48,473.80677338
2020-07-28 13:00:00,243.48,246.87,246.75,244.7,529.88542366
2020-07-28 14:00:00,244.16,248.19,244.9,247.92,766.32464233
2020-07-28 15:00:00,245.6,250.35,247.96,249.83,609.84473691
2020-07-28 16:00:00,243.91,250.47,250.01,244.79,1133.33593579
2020-07-28 17:00:00,244.1,246.98,244.81,245.19,310.3463935
2020-07-28 18:00:00,244.51,247.06,245.2,245.24,289.34616693
2020-07-28 19:00:00,244.07,247.18,245.28,247.03,363.32058384
2020-07-28 20:00:00,245.92,249.18,246.89,248.0,332.24931086
2020-07-28 21:00:00,246.2,249.0,248.26,246.68,539.58132181
2020-07-28 22:00:00,244.89,247.32,246.57,246.35,318.97091656
2020-07-28 23:00:00,245.77,247.84,246.49,246.09,425.79146097
2020-07-29 00:00:00,243.57,247.58,246.3,244.01,190.9748658
2020-07-29 01:00:00,242.43,244.93,244.26,244.42,119.221687
2020-07-29 02:00:00,244.02,245.21,244.38,245.21,99.52084707
2020-07-29 03:00:00,244.75,245.79,245.27,245.16,22.11323202
2020-07-29 04:00:00,244.16,244.92,244.87,244.16,71.82919575
2020-07-29 05:00:00,243.57,247.63,244.02,246.14,149.07681224
2020-07-29 06:00:00,246.47,250.5,246.47,249.97,755.66359167
2020-07-29 07:00:00,247.75,249.43,249.43,248.53,273.08389595
2020-07-29 08:00:00,248.33,251.58,248.64,251.31,520.47486645
2020-07-29 09:00:00,247.25,252.0,251.36,248.14,1033.51858666
2020-07-29 10:00:00,247.44,250.01,248.32,249.74,291.90005919
2020-07-29 11:00:00,248.0,250.31,249.76,249.63,383.70436381
2020-07-29 12:00:00,248.54,250.14,249.5,248.54,654.42656978
2020-07-29 13:00:00,247.58,249.43,248.03,248.91,395.6062867
2020-07-29 14:00:00,246.92,251.07,248.71,248.2,604.52795053
2020-07-29 15:00:00,248.51,249.87,249.1,248.64,275.98474795
2020-07-29 16:00:00,248.55,250.18,248.68,249.01,380.23551878
2020-07-29 17:00:00,247.32,249.22,249.19,247.54,311.2293921
2020-07-29 18:00:00,247.85,249.49,247.97,248.82,408.31781035
2020-07-29 19:00:00,247.93,249.45,249.3,248.47,454.19949926
2020-07-29 20:00:00,248.16,249.55,248.58,248.87,207.03184047
2020-07-29 21:00:00,248.0,249.5,248.93,249.14,204.73786695
2020-07-29 22:00:00,248.02,249.44,249.19,248.11,149.9661351
2020-07-29 23:00:00,244.0,248.14,247.98,245.57,400.60043002
2020-07-30 00:00:00,244.0,246.67,245.57,246.46,166.14089987
2020-07-30 01:00:00,244.66,246.35,246.25,244.66,321.10112814
2020-07-30 02:00:00,244.01,246.06,244.6,244.01,352.07774473
2020-07-30 03:00:00,244.0,245.06,244.0,244.18,134.10382097
2020-07-30 04:00:00,244.79,245.71,244.79,245.51,64.12815079
2020-07-30 05:00:00,244.34,245.44,245.44,244.85,75.33106564
2020-07-30 06:00:00,243.49,247.29,245.06,247.28,291.91483821
2020-07-30 07:00:00,245.57,247.67,247.27,246.69,360.82139852
2020-07-30 08:00:00,245.81,247.24,246.77,246.66,214.82843401
2020-07-30 09:00:00,245.45,247.31,246.82,246.14,402.53680684
2020-07-30 10:00:00,244.55,246.15,246.15,244.7,190.50200202
2020-07-30 11:00:00,244.2,245.38,244.8,244.92,176.66920803
2020-07-30 12:00:00,244.38,246.19,245.17,244.39,174.27319424
2020-07-30 13:00:00,243.06,245.33,244.2,244.74,272.70880368
2020-07-30 14:00:00,243.37,244.89,244.67,244.45,383.40725737
2020-07-30 15:00:00,244.15,245.86,244.44,245.81,307.47451309
2020-07-30 16:00:00,244.53,248.0,245.73,248.0,514.73512222
2020-07-30 17:00:00,247.18,249.44,248.19,249.28,302.50774495
2020-07-30 18:00:00,249.28,253.3,249.28,253.3,1854.57542995
2020-07-30 19:00:00,253.08,257.99,253.3,256.09,886.48493643
2020-07-30 20:00:00,255.83,262.6,256.19,259.46,1550.97943437
2020-07-30 21:00:00,256.66,260.44,259.48,257.97,417.98644237
2020-07-30 22:00:00,255.72,259.73,258.15,256.15,652.85805157
2020-07-30 23:00:00,255.54,257.92,256.38,256.53,230.19378448
2020-07-31 00:00:00,255.16,257.41,256.72,256.48,108.09375073
2020-07-31 01:00:00,252.28,256.99,256.6,254.26,257.54247391
2020-07-31 02:00:00,252.54,254.57,254.07,254.12,107.04524733
2020-07-31 03:00:00,251.32,253.93,253.91,252.3,218.58967569
2020-07-31 04:00:00,252.41,254.76,252.41,254.31,47.03475746
2020-07-31 05:00:00,253.95,254.66,254.26,253.95,50.55740784
2020-07-31 06:00:00,253.89,258.8,254.1,258.62,347.20191513
2020-07-31 07:00:00,256.43,258.48,258.48,257.42,285.94675502
2020-07-31 08:00:00,256.74,260.16,257.68,258.64,523.03570186
2020-07-31 09:00:00,257.6,259.95,258.6,257.93,711.04600204
2020-07-31 10:00:00,257.58,262.9,257.69,262.1,591.20639634
2020-07-31 11:00:00,261.16,264.6,261.71,262.36,891.38064455
2020-07-31 12:00:00,260.73,263.61,262.34,263.61,729.10594581
2020-07-31 13:00:00,258.71,262.98,262.98,261.38,510.8310072
2020-07-31 14:00:00,260.96,264.89,261.33,264.89,625.52680586
2020-07-31 15:00:00,261.23,265.0,264.65,263.6,792.89673428
2020-07-31 16:00:00,260.91,264.85,263.29,264.35,735.65304974
2020-07-31 17:00:00,262.01,264.74,264.74,262.6,313.78098741
2020-07-31 18:00:00,260.79,264.66,262.6,261.87,432.79168843
2020-07-31 19:00:00,262.29,264.68,262.39,263.36,234.53191198
2020-07-31 20:00:00,262.3,265.0,263.78,264.19,594.59946482
2020-07-31 21:00:00,263.96,267.53,264.02,266.21,336.08764109
2020-07-31 22:00:00,263.17,266.63,266.14,263.2,773.22983913
2020-07-31 23:00:00,262.79,265.92,263.79,265.83,133.21668679
2020-08-01 00:00:00,263.66,266.7,265.97,263.89,133.58797238
2020-08-01 01:00:00,263.43,265.43,263.43,264.65,79.63899863
2020-08-01 02:00:00,264.84,266.61,264.84,266.08,94.04834413
2020-08-01 03:00:00,266.3,270.0,266.3,269.54,156.09519433
2020-08-01 04:00:00,268.44,271.64,268.44,271.43,202.06180578
2020-08-01 05:00:00,271.28,274.37,271.43,272.58,465.34905686
2020-08-01 06:00:00,271.25,273.76,272.57,273.07,731.02411385
2020-08-01 07:00:00,271.45,273.21,273.07,272.43,564.95866833
2020-08-01 08:00:00,272.15,274.35,272.15,274.08,490.37266866
2020-08-01 09:00:00,273.15,276.52,274.04,275.83,957.06216799
2020-08-01 10:00:00,270.5,276.3,276.07,272.41,971.88161161
2020-08-01 11:00:00,271.19,273.51,272.09,273.34,510.68920087
2020-08-01 12:00:00,273.07,274.28,273.13,274.21,396.66690497
2020-08-01 13:00:00,271.22,274.06,273.74,271.57,321.43184675
2020-08-01 14:00:00,271.3,274.02,271.36,273.32,238.21779036
2020-08-01 15:00:00,272.9,274.68,273.2,274.67,508.4791735
2020-08-01 16:00:00,274.32,278.73,274.67,277.99,526.62105609
2020-08-01 17:00:00,278.17,286.24,278.22,286.24,1307.3281398
2020-08-01 18:00:00,281.47,286.24,286.24,285.44,1028.91616548
2020-08-01 19:00:00,285.33,299.34,285.44,294.64,2915.3184321
2020-08-01 20:00:00,294.3,297.75,294.93,296.69,1136.43439731
2020-08-01 21:00:00,295.0,303.08,296.43,295.16,1943.47496592
2020-08-01 22:00:00,290.0,296.87,295.16,296.87,1010.98891794
2020-08-01 23:00:00,293.94,297.55,296.87,296.48,805.73020203
2020-08-02 00:00:00,296.3,300.0,296.7,297.49,354.75682349
2020-08-02 01:00:00,297.32,305.0,297.39,305.0,706.18794075
2020-08-02 02:00:00,301.84,305.19,305.0,303.47,182.49343258
2020-08-02 03:00:00,302.83,312.24,303.28,311.97,511.30326469
2020-08-02 04:00:00,252.02,318.0,311.14,284.74,5875.65842715
2020-08-02 05:00:00,281.32,298.16,284.62,283.39,1935.80049307
2020-08-02 06:00:00,278.42,287.17,283.3,286.59,1401.62616263
2020-08-02 07:00:00,284.84,293.84,286.32,292.02,1647.16431493
2020-08-02 08:00:00,286.32,292.44,291.4,287.14,830.58310967
2020-08-02 09:00:00,285.17,289.9,287.25,289.63,652.80518178
2020-08-02 10:00:00,283.84,290.3,289.63,285.82,493.82523335
2020-08-02 11:00:00,270.0,286.56,285.61,276.7,3952.43963288
2020-08-02 12:00:00,271.01,283.04,276.94,275.31,1722.3751618
2020-08-02 13:00:00,273.6,280.52,275.06,279.35,831.04742779
2020-08-02 14:00:00,276.64,284.99,279.65,282.86,529.20353865
2020-08-02 15:00:00,281.68,284.85,283.06,282.15,332.77471069
2020-08-02 16:00:00,281.31,293.16,282.15,292.93,1403.87772125
2020-08-02 17:00:00,292.93,299.3,292.93,295.18,3150.62486699
2020-08-02 18:00:00,292.88,295.98,295.11,295.6,429.14915149
2020-08-02 19:00:00,286.78,296.45,295.28,290.69,1189.53545793
2020-08-02 20:00:00,286.0,291.38,290.26,286.24,571.18858246
2020-08-02 21:00:00,283.01,290.13,286.47,289.05,534.84627262
2020-08-02 22:00:00,284.94,291.63,289.29,285.74,420.36354634
2020-08-02 23:00:00,282.31,287.28,285.14,284.89,716.19418405
2020-08-03 00:00:00,280.67,290.69,285.14,289.54,811.80136817
2020-08-03 01:00:00,289.84,294.32,289.84,290.97,650.45755163
2020-08-03 02:00:00,291.28,295.46,291.28,294.42,87.81466383
2020-08-03 03:00:00,288.96,293.87,293.87,290.76,372.96744538
2020-08-03 04:00:00,291.27,292.76,291.27,292.01,339.19374011
2020-08-03 05:00:00,290.61,294.06,292.49,294.06,111.73086575
2020-08-03 06:00:00,293.34,296.28,294.06,294.65,368.28197435
2020-08-03 07:00:00,293.48,296.72,294.32,295.11,741.47874225
2020-08-03 08:00:00,292.05,295.92,295.09,292.05,920.42212085
2020-08-03 09:00:00,292.05,294.55,292.05,292.73,418.46447509
2020-08-03 10:00:00,292.3,297.2,292.71,297.17,318.1355548
2020-08-03 11:00:00,295.31,301.91,297.0,300.75,2037.00569751
2020-08-03 12:00:00,297.8,301.43,300.76,299.65,1203.09005807
2020-08-03 13:00:00,299.68,304.41,299.81,303.14,992.83947781
2020-08-03 14:00:00,302.15,306.27,302.68,303.1,1115.64910392
2020-08-03 15:00:00,299.0,305.31,303.31,302.74,774.09110423
2020-08-03 16:00:00,299.26,305.68,302.61,299.94,1023.74546051
2020-08-03 17:00:00,299.0,304.12,299.4,303.2,355.59245072
2020-08-03 18:00:00,301.71,303.94,303.4,303.2,575.67956372
2020-08-03 19:00:00,300.07,303.08,303.08,302.07,398.18900494
2020-08-03 20:00:00,296.24,302.7,302.22,299.3,1814.95158569
2020-08-03 21:00:00,292.4,301.63,299.55,294.87,716.28597673
2020-08-03 22:00:00,291.47,299.67,295.16,293.78,1017.17203301
2020-08-03 23:00:00,291.77,296.84,293.26,296.18,403.03535088
2020-08-04 00:00:00,296.29,308.39,296.29,306.35,1137.91509544
2020-08-04 01:00:00,304.13,306.61,306.19,304.55,306.17014255
2020-08-04 02:00:00,300.0,305.71,304.88,300.29,186.20908326
2020-08-04 03:00:00,296.51,302.33,299.95,299.47,495.00574325
2020-08-04 04:00:00,298.35,302.27,299.73,302.07,171.00694935
2020-08-04 05:00:00,299.76,302.72,302.06,301.65,364.15351781
2020-08-04 06:00:00,299.07,302.03,301.5,299.99,337.34769617
2020-08-04 07:00:00,299.99,303.51,300.06,303.28,559.51799399
2020-08-04 08:00:00,300.1,305.11,303.0,300.6,670.94940279
2020-08-04 09:00:00,300.03,301.61,300.93,301.36,440.01910282
2020-08-04 10:00:00,299.82,303.21,301.34,300.91,357.76448142
2020-08-04 11:00:00,294.0,303.15,300.9,297.28,971.93412408
2020-08-04 12:00:00,296.34,300.15,297.28,299.81,1063.76764183
2020-08-04 13:00:00,294.01,299.9,299.9,296.26,1012.1691701
2020-08-04 14:00:00,296.5,299.72,296.62,299.65,669.35800687
2020-08-04 15:00:00,297.85,302.44,299.49,299.94,839.97930487
2020-08-04 16:00:00,295.83,300.96,299.73,296.67,426.65858857
2020-08-04 17:00:00,296.48,299.18,296.67,299.05,278.6065159
2020-08-04 18:00:00,296.68,299.47,299.45,297.2,337.44476266
2020-08-04 19:00:00,295.84,300.98,297.2,296.74,545.77532556
2020-08-04 20:00:00,296.74,301.12,296.74,297.64,346.82576602
2020-08-04 21:00:00,297.01,301.0,297.38,300.15,136.71785356
2020-08-04 22:00:00,299.44,301.73,300.38,301.55,215.23055438
2020-08-04 23:00:00,297.61,301.79,301.65,299.16,276.89009303
2020-08-05 00:00:00,295.76,300.45,298.9,297.86,104.4515096
2020-08-05 01:00:00,294.83,297.97,297.0,297.97,128.59915649
2020-08-05 02:00:00,296.15,297.9,297.74,296.9,69.8587131
2020-08-05 03:00:00,296.96,298.45,297.6,298.45,56.77124287
2020-08-05 04:00:00,297.05,298.5,298.5,297.3,30.89630407
2020-08-05 05:00:00,297.07,300.0,297.61,300.0,70.29470999
2020-08-05 06:00:00,299.19,301.52,300.19,299.5,227.44831574
2020-08-05 07:00:00,297.91,300.18,299.52,298.79,157.59537127
2020-08-05 08:00:00,298.03,300.27,298.79,299.02,187.6584352
2020-08-05 09:00:00,298.97,301.0,299.1,300.5,422.57563247
2020-08-05 10:00:00,299.22,300.93,300.63,300.5,348.10723233
2020-08-05 11:00:00,300.3,304.0,300.39,304.0,751.62967938
2020-08-05 12:00:00,302.06,305.48,304.0,305.0,539.41719984
2020-08-05 13:00:00,303.46,306.0,305.0,304.41,1283.71894205
2020-08-05 14:00:00,299.1,304.41,304.41,301.01,660.20906015
2020-08-05 15:00:00,300.49,303.64,300.97,302.22,251.63494362
2020-08-05 16:00:00,301.19,307.0,302.46,303.0,638.46824942
2020-08-05 17:00:00,302.0,304.49,302.99,304.07,256.91378615
2020-08-05 18:00:00,303.12,305.0,304.38,304.47,545.39091069
2020-08-05 19:00:00,304.03,306.43,304.24,305.08,391.56990113
2020-08-05 20:00:00,304.87,306.95,305.08,306.0,294.15661612
2020-08-05 21:00:00,305.55,311.16,306.03,310.0,965.79493847
2020-08-05 22:00:00,300.0,310.0,310.0,303.35,979.08440514
2020-08-05 23:00:00,302.74,306.84,303.19,305.85,300.19882137
2020-08-06 00:00:00,304.31,308.0,305.95,304.9,120.38921671
2020-08-06 01:00:00,302.8,304.78,304.5,303.13,71.02891248
2020-08-06 02:00:00,301.59,303.52,303.0,303.49,65.64880997
2020-08-06 03:00:00,301.61,303.13,303.13,301.9,4.70399915
2020-08-06 04:00:00,299.91,301.99,301.85,300.8,259.86152595
2020-08-06 05:00:00,300.05,302.38,300.98,301.17,132.4801485
2020-08-06 06:00:00,301.14,302.68,301.14,302.36,383.88246914
2020-08-06 07:00:00,301.07,302.67,302.0,301.45,228.44904105
2020-08-06 08:00:00,300.96,303.23,301.45,303.05,323.19276675
2020-08-06 09:00:00,301.82,303.4,302.92,302.0,328.33194797
2020-08-06 10:00:00,300.04,302.05,302.05,300.25,594.24613481
2020-08-06 11:00:00,300.0,301.9,300.25,300.87,323.75953708
2020-08-06 12:00:00,300.79,302.85,300.84,302.45,151.3653688
2020-08-06 13:00:00,301.72,304.2,302.27,303.89,352.80202816
2020-08-06 14:00:00,301.99,304.29,303.72,302.91,510.24269885
2020-08-06 15:00:00,302.78,305.37,302.98,304.4,455.52113073
2020-08-06 16:00:00,301.91,304.78,304.75,303.67,232.37434341
2020-08-06 17:00:00,301.0,303.45,303.41,302.37,82.27952372
2020-08-06 18:00:00,301.03,302.74,302.22,302.29,114.89852888
2020-08-06 19:00:00,302.19,303.71,302.66,303.71,158.23338871
2020-08-06 20:00:00,301.68,303.61,302.83,302.67,422.34606012
2020-08-06 21:00:00,300.06,303.32,302.44,301.87,402.71166055
2020-08-06 22:00:00,300.11,302.35,301.45,301.32,290.20453606
2020-08-06 23:00:00,298.06,301.5,301.1,301.33,394.58260936
2020-08-07 00:00:00,300.82,302.25,301.33,301.35,66.84432971
2020-08-07 01:00:00,301.29,303.87,301.29,302.79,161.59050412
2020-08-07 02:00:00,302.37,303.84,302.85,302.54,51.84360635
2020-08-07 03:00:00,302.19,303.8,302.93,302.66,48.83602685
2020-08-07 04:00:00,301.17,302.66,302.39,302.66,26.55248316
2020-08-07 05:00:00,300.52,302.4,302.33,300.97,96.31338228
2020-08-07 06:00:00,300.68,302.45,300.9,302.38,138.84517802
2020-08-07 07:00:00,300.63,302.33,301.81,301.88,104.98435312
2020-08-07 08:00:00,300.88,303.67,301.89,302.5,269.0731056
2020-08-07 09:00:00,302.23,304.12,302.56,303.44,454.89690009
2020-08-07 10:00:00,302.41,304.0,303.43,302.76,256.58646494
2020-08-07 11:00:00,301.75,302.85,302.65,302.38,248.85568383
2020-08-07 12:00:00,300.8,303.0,302.61,302.09,262.17921549
2020-08-07 13:00:00,301.53,303.62,302.22,302.85,274.65609
2020-08-07 14:00:00,292.02,303.25,303.25,295.74,1570.46437459
2020-08-07 15:00:00,295.47,298.37,295.74,296.42,1383.54440898
2020-08-07 16:00:00,291.88,297.45,296.62,291.88,880.79536755
2020-08-07 17:00:00,275.5,291.87,291.75,286.7,3027.94203156
2020-08-07 18:00:00,280.92,288.46,286.99,286.91,1161.99674242
2020-08-07 19:00:00,286.31,289.53,286.91,287.9,767.46043029
2020-08-07 20:00:00,286.64,293.91,287.4,290.0,861.79505616
2020-08-07 21:00:00,289.13,291.42,290.09,291.04,329.31451887
2020-08-07 22:00:00,290.29,294.4,291.5,292.16,527.00598459
2020-08-07 23:00:00,290.86,294.29,292.18,291.66,361.26672138
2020-08-08 00:00:00,289.0,292.13,291.24,291.63,99.56644029
2020-08-08 01:00:00,291.6,293.44,291.66,292.82,58.39193358
2020-08-08 02:00:00,291.02,293.37,293.04,292.36,23.62232988
2020-08-08 03:00:00,290.13,292.07,292.07,290.36,101.00313843
2020-08-08 04:00:00,288.92,292.88,291.4,289.23,181.95608315
2020-08-08 05:00:00,289.31,292.46,289.31,292.01,37.30692871
2020-08-08 06:00:00,288.46,292.8,292.28,291.07,302.29309149
2020-08-08 07:00:00,282.64,288.45,288.45,286.5,148.85215638
2020-08-08 08:00:00,289.53,292.48,289.53,291.53,503.88063888
2020-08-08 09:00:00,291.33,296.27,291.33,296.26,484.9311658
2020-08-08 10:00:00,295.23,298.34,296.48,297.92,362.22577951
2020-08-08 11:00:00,297.76,300.74,297.76,300.69,530.66334059
2020-08-08 12:00:00,299.35,301.52,300.46,300.23,224.7254607
2020-08-08 13:00:00,298.48,300.63,300.29,299.48,293.96003068
2020-08-08 14:00:00,298.0,300.2,299.7,299.67,162.24051179
2020-08-08 15:00:00,299.36,301.0,299.42,300.0,248.07849846
2020-08-08 16:00:00,297.0,300.71,300.38,300.18,295.2122485
2020-08-08 17:00:00,298.18,301.09,300.05,300.97,263.77128221
2020-08-08 18:00:00,300.25,300.9,300.9,300.25,9.01491725
2020-08-08 19:00:00,296.23,299.39,299.39,299.0,233.00523195
2020-08-08 20:00:00,296.7,299.0,299.0,297.5,338.59116629
2020-08-08 21:00:00,297.34,300.37,297.42,300.13,167.71881376
2020-08-08 22:00:00,298.93,301.05,300.13,300.4,171.4912847
2020-08-08 23:00:00,298.9,304.0,300.37,304.0,639.00946222
2020-08-09 00:00:00,303.64,306.49,304.0,304.99,703.51404814
2020-08-09 01:00:00,301.56,305.1,304.99,303.83,498.22017113
2020-08-09 02:00:00,302.33,304.21,303.97,302.6,90.73145778
2020-08-09 03:00:00,302.52,304.3,302.52,302.68,102.67565179
2020-08-09 04:00:00,301.66,303.0,302.91,301.92,146.60640079
2020-08-09 05:00:00,301.36,302.86,302.5,301.94,77.64799429
2020-08-09 06:00:00,301.62,302.52,302.11,301.74,97.71134608
2020-08-09 07:00:00,301.54,303.49,301.54,303.21,299.41024951
2020-08-09 08:00:00,300.48,304.07,303.09,302.37,333.69844993
2020-08-09 09:00:00,296.0,303.67,302.84,299.01,338.90842422
2020-08-09 10:00:00,297.76,301.04,299.01,300.83,379.00177031
2020-08-09 11:00:00,300.32,302.07,300.82,301.37,182.21139917
2020-08-09 12:00:00,297.72,301.1,301.1,299.34,378.17635802
2020-08-09 13:00:00,297.19,299.95,299.24,297.87,175.45199543
2020-08-09 14:00:00,295.5,298.6,297.62,296.31,345.49008675
2020-08-09 15:00:00,295.32,298.41,296.2,297.32,273.59950909
2020-08-09 16:00:00,296.79,300.09,297.49,298.11,147.41008703
2020-08-09 17:00:00,295.63,298.85,298.02,295.83,163.8653054
2020-08-09 18:00:00,295.97,299.82,295.97,299.43,445.33960315
2020-08-09 19:00:00,298.8,300.66,299.65,299.14,412.59094198
2020-08-09 20:00:00,299.38,301.54,299.97,301.38,399.65471777
2020-08-09 21:00:00,297.91,302.0,301.61,298.79,260.96619053
2020-08-09 22:00:00,297.48,301.3,298.88,298.87,302.84992808
2020-08-09 23:00:00,297.65,300.0,298.82,300.0,106.48804305
2020-08-10 00:00:00,299.6,301.98,300.0,300.29,39.69503172
2020-08-10 01:00:00,299.01,302.96,300.31,302.92,164.82487274
2020-08-10 02:00:00,302.66,305.0,302.96,304.1,537.19412623
2020-08-10 03:00:00,303.08,304.94,303.76,304.46,54.97007753
2020-08-10 04:00:00,302.96,305.69,304.78,303.91,155.66157048
2020-08-10 05:00:00,301.9,303.94,303.93,303.48,110.31976277
2020-08-10 06:00:00,302.18,304.38,303.2,304.16,296.63859245
2020-08-10 07:00:00,302.78,304.45,304.1,303.53,128.06926045
2020-08-10 08:00:00,302.95,304.46,303.21,303.03,464.44700089
2020-08-10 09:00:00,302.03,303.62,303.06,303.62,271.854631
2020-08-10 10:00:00,297.0,303.71,303.33,300.28,723.27231339
2020-08-10 11:00:00,300.35,301.94,300.6,301.02,223.63472758
2020-08-10 12:00:00,300.26,303.47,300.64,303.36,414.56149855
2020-08-10 13:00:00,301.59,303.83,302.89,303.46,396.15683014
2020-08-10 14:00:00,302.14,303.92,303.22,302.48,355.84388903
2020-08-10 15:00:00,301.0,304.15,302.48,304.15,744.07692539
2020-08-10 16:00:00,301.64,304.8,304.17,302.23,353.33410205
2020-08-10 17:00:00,302.09,305.0,302.47,305.0,236.36026245
2020-08-10 18:00:00,303.84,306.0,304.67,303.95,391.69952155
2020-08-10 19:00:00,303.13,305.04,303.37,303.51,257.00422188
2020-08-10 20:00:00,301.97,304.56,303.3,303.28,224.77894615
2020-08-10 21:00:00,300.7,303.41,303.12,301.92,222.40890711
2020-08-10 22:00:00,300.91,303.46,301.77,303.24,256.41644267
2020-08-10 23:00:00,302.01,303.9,303.18,303.71,174.2724313
2020-08-11 00:00:00,302.27,304.44,303.62,303.37,125.88585885
2020-08-11 01:00:00,303.38,304.89,303.38,304.48,40.52429112
2020-08-11 02:00:00,303.64,304.91,304.27,303.64,121.94201046
2020-08-11 03:00:00,301.23,304.34,304.07,301.92,21.02353409
2020-08-11 04:00:00,301.78,303.29,302.63,302.17,52.52798997
2020-08-11 05:00:00,301.21,303.33,302.03,302.79,68.3660456
2020-08-11 06:00:00,300.1,304.96,302.63,300.66,349.38921835
2020-08-11 07:00:00,298.5,301.54,301.09,299.98,582.48988283
2020-08-11 08:00:00,298.01,300.42,299.98,298.35,806.08244087
2020-08-11 09:00:00,297.92,300.27,298.01,298.07,1193.03427267
2020-08-11 10:00:00,297.0,300.11,298.04,299.33,481.88163395
2020-08-11 11:00:00,298.43,302.02,299.99,299.49,490.28179761
2020-08-11 12:00:00,295.87,299.24,299.24,296.02,518.27472607
2020-08-11 13:00:00,293.64,297.94,296.02,297.69,1312.77718984
2020-08-11 14:00:00,294.35,297.49,297.49,294.97,720.21078925
2020-08-11 15:00:00,289.7,296.22,294.53,293.27,993.5317741
2020-08-11 16:00:00,287.0,294.98,293.18,294.41,728.13123131
2020-08-11 17:00:00,292.73,296.02,294.66,295.17,599.29660857
2020-08-11 18:00:00,292.53,295.44,295.33,293.09,374.22483633
2020-08-11 19:00:00,291.01,293.1,293.1,292.1,351.23292884
2020-08-11 20:00:00,281.43,292.06,292.01,285.93,1550.6044611
2020-08-11 21:00:00,282.4,288.77,285.68,286.75,684.1861419
2020-08-11 22:00:00,285.9,288.56,286.72,288.03,448.7989024
2020-08-11 23:00:00,288.19,293.04,288.19,290.99,330.92192613
2020-08-12 00:00:00,288.97,291.93,291.09,289.52,279.43247153
2020-08-12 01:00:00,289.44,292.05,289.44,290.7,128.51302179
2020-08-12 02:00:00,287.3,290.29,290.29,287.69,64.06082363
2020-08-12 03:00:00,287.19,290.26,287.19,290.26,113.01230488
2020-08-12 04:00:00,287.38,290.29,290.29,287.56,100.20038631
2020-08-12 05:00:00,284.34,288.66,287.87,284.34,166.01569865
2020-08-12 06:00:00,281.92,287.71,283.88,287.63,406.55383316
2020-08-12 07:00:00,287.17,292.3,287.8,291.45,383.98651765
2020-08-12 08:00:00,290.29,293.49,291.45,290.75,499.90088672
2020-08-12 09:00:00,290.71,293.33,291.17,292.84,397.6552797
2020-08-12 10:00:00,292.19,295.87,292.69,294.97,761.31967334
2020-08-12 11:00:00,293.64,296.25,294.98,294.44,1131.45557567
2020-08-12 12:00:00,293.02,295.72,294.5,295.64,227.17970222
2020-08-12 13:00:00,294.01,297.05,295.84,297.05,565.21488619
2020-08-12 14:00:00,295.0,297.21,297.02,296.18,386.64251477
2020-08-12 15:00:00,295.16,297.1,296.3,295.39,600.52006684
2020-08-12 16:00:00,292.76,296.5,295.9,293.8,371.0587314
2020-08-12 17:00:00,292.98,294.98,293.91,294.98,296.77295165
2020-08-12 18:00:00,294.3,296.0,294.98,295.53,217.02636402
2020-08-12 19:00:00,295.53,299.42,295.53,298.25,477.46717445
2020-08-12 20:00:00,296.86,299.5,297.99,297.28,301.10980492
2020-08-12 21:00:00,294.49,297.25,297.2,294.66,233.55539137
2020-08-12 22:00:00,294.84,297.56,294.91,297.23,312.03865039
2020-08-12 23:00:00,296.82,298.0,296.93,297.17,151.10484712
2020-08-13 00:00:00,297.86,302.48,297.86,302.1,407.06994001
2020-08-13 01:00:00,300.19,302.6,302.48,300.56,129.9953553
2020-08-13 02:00:00,299.84,302.23,300.92,300.85,68.74660423
2020-08-13 03:00:00,300.71,302.99,300.85,302.99,43.83981202
2020-08-13 04:00:00,301.68,303.91,302.99,301.79,254.43863106
2020-08-13 05:00:00,299.86,301.7,300.87,300.72,221.18647039
2020-08-13 06:00:00,299.48,301.5,300.3,300.97,189.15839968
2020-08-13 07:00:00,298.71,301.6,301.07,299.24,283.50491014
2020-08-13 08:00:00,292.15,299.28,299.03,293.72,834.71108059
2020-08-13 09:00:00,289.0,296.23,293.64,295.71,937.97206896
2020-08-13 10:00:00,293.55,297.34,295.94,297.34,434.14670228
2020-08-13 11:00:00,297.21,304.06,297.21,302.0,2282.92316195
2020-08-13 12:00:00,294.41,302.91,302.39,297.8,675.70028834
2020-08-13 13:00:00,296.03,300.78,297.73,298.96,377.84518959
2020-08-13 14:00:00,297.45,301.0,299.48,300.9,296.08722933
2020-08-13 15:00:00,297.98,301.0,300.79,300.95,340.29303064
2020-08-13 16:00:00,297.69,301.96,300.75,300.07,452.37576761
2020-08-13 17:00:00,298.88,300.99,300.16,300.29,371.21241594
2020-08-13 18:00:00,300.07,301.79,300.48,300.7,410.33741163
2020-08-13 19:00:00,300.95,303.35,300.95,302.81,354.66205441
2020-08-13 20:00:00,302.56,315.95,302.81,314.34,1470.71510155
2020-08-13 21:00:00,313.64,325.0,314.34,321.21,2611.32671833
2020-08-13 22:00:00,321.89,330.84,321.89,324.6,2021.97002603
2020-08-13 23:00:00,321.67,326.82,324.62,325.87,786.25940167
2020-08-14 00:00:00,324.36,329.6,326.29,325.74,419.42256372
2020-08-14 01:00:00,323.54,327.23,325.4,326.49,150.99385327
2020-08-14 02:00:00,323.56,327.19,326.47,323.95,72.02725298
2020-08-14 03:00:00,320.47,324.48,324.48,323.12,152.6692288
2020-08-14 04:00:00,323.16,326.22,323.44,325.47,156.04903182
2020-08-14 05:00:00,322.01,326.13,325.68,322.01,394.22238971
2020-08-14 06:00:00,321.55,324.82,321.55,324.15,327.47557356
2020-08-14 07:00:00,321.56,325.15,323.79,324.2,610.8247592
2020-08-14 08:00:00,322.05,326.35,324.0,323.85,646.81685287
2020-08-14 09:00:00,323.49,326.0,324.14,325.34,417.9042007
2020-08-14 10:00:00,324.39,327.37,325.43,324.96,341.14861584
2020-08-14 11:00:00,324.07,328.27,325.12,327.66,519.52174089
2020-08-14 12:00:00,325.71,327.81,327.59,326.27,373.98458691
2020-08-14 13:00:00,323.62,326.24,326.24,325.99,561.36721217
2020-08-14 14:00:00,323.66,327.11,325.49,326.79,363.90775241
2020-08-14 15:00:00,324.94,335.93,326.89,335.16,1090.33121879
2020-08-14 16:00:00,332.7,341.19,334.77,338.43,1421.4964838
2020-08-14 17:00:00,333.79,338.97,338.43,337.59,811.90174146
2020-08-14 18:00:00,337.52,340.4,337.52,339.29,476.91722432
2020-08-14 19:00:00,337.0,340.0,339.29,338.45,383.16447754
2020-08-14 20:00:00,335.88,339.37,337.94,336.64,387.84921944
2020-08-14 21:00:00,333.42,337.99,337.08,335.61,631.69516724
2020-08-14 22:00:00,333.05,337.28,335.6,336.87,400.1736446
2020-08-14 23:00:00,334.55,337.59,337.28,336.54,182.06300735
2020-08-15 00:00:00,333.31,337.99,336.98,335.11,238.42903424
2020-08-15 01:00:00,334.22,337.42,334.7,337.17,129.20656254
2020-08-15 02:00:00,336.22,338.5,337.19,337.11,149.88777519
2020-08-15 03:00:00,335.19,336.97,336.97,335.88,19.83419127
2020-08-15 04:00:00,334.77,336.7,336.7,335.44,57.38121957
2020-08-15 05:00:00,333.7,336.6,335.43,336.3,63.41332987
2020-08-15 06:00:00,335.95,337.11,336.32,336.15,136.12346331
2020-08-15 07:00:00,334.36,336.11,335.87,335.66,293.1163595
2020-08-15 08:00:00,328.89,336.45,335.61,332.97,680.32276279
2020-08-15 09:00:00,332.41,335.69,332.97,334.26,275.96606307
2020-08-15 10:00:00,333.23,336.25,334.26,334.02,204.2388614
2020-08-15 11:00:00,332.73,335.15,334.02,333.09,439.88863502
2020-08-15 12:00:00,329.4,334.58,333.23,329.72,704.92746952
2020-08-15 13:00:00,329.99,332.36,329.99,330.6,257.73011134
2020-08-15 14:00:00,328.44,333.28,330.75,331.37,310.18561869
2020-08-15 15:00:00,330.69,335.24,331.38,333.91,410.1498501
2020-08-15 16:00:00,331.29,336.0,334.48,333.01,395.22721583
2020-08-15 17:00:00,332.7,334.23,332.75,333.17,242.73918239
2020-08-15 18:00:00,332.61,334.1,333.17,333.82,221.64919448
2020-08-15 19:00:00,330.73,334.32,334.18,331.22,183.42000681
2020-08-15 20:00:00,331.06,333.21,331.27,331.66,302.5702939
2020-08-15 21:00:00,328.64,332.46,331.18,331.84,487.3849651
2020-08-15 22:00:00,330.22,333.62,332.09,331.21,357.94819163
2020-08-15 23:00:00,328.71,331.87,330.94,331.44,172.34040481
2020-08-16 00:00:00,327.42,331.96,331.24,327.57,174.1982385
2020-08-16 01:00:00,324.01,329.32,327.3,329.3,517.44879003
2020-08-16 02:00:00,326.46,328.93,328.93,326.6,30.27348634
2020-08-16 03:00:00,326.0,328.37,327.28,326.0,84.19409191
2020-08-16 04:00:00,326.17,328.22,326.17,327.41,57.93772812
2020-08-16 05:00:00,327.45,328.49,327.45,328.19,117.37721633
2020-08-16 06:00:00,326.69,328.52,327.99,327.77,86.4283582
2020-08-16 07:00:00,326.51,328.17,328.01,327.06,243.20231251
2020-08-16 08:00:00,325.5,328.0,327.08,326.86,194.40832454
2020-08-16 09:00:00,325.29,327.93,327.13,327.53,213.37999243
2020-08-16 10:00:00,323.91,327.65,327.53,324.64,489.19517714
2020-08-16 11:00:00,319.2,324.96,324.84,320.48,862.93374798
2020-08-16 12:00:00,316.05,324.02,321.33,321.76,1557.8604042
2020-08-16 13:00:00,320.66,324.82,321.32,324.14,876.61128305
2020-08-16 14:00:00,323.22,325.43,324.07,324.66,344.8271742
2020-08-16 15:00:00,323.52,330.62,324.66,330.14,594.40026588
2020-08-16 16:00:00,330.57,334.42,330.57,332.72,642.27940573
2020-08-16 17:00:00,328.56,333.7,333.0,329.85,679.25640884
2020-08-16 18:00:00,329.01,331.14,329.83,330.09,203.0081878
2020-08-16 19:00:00,328.2,330.7,330.14,329.0,402.34782627
2020-08-16 20:00:00,327.03,330.14,329.37,329.86,333.50235426
2020-08-16 21:00:00,329.0,331.52,329.71,330.72,803.67440366
2020-08-16 22:00:00,329.19,332.18,330.23,331.66,493.84284462
2020-08-16 23:00:00,329.69,332.64,331.57,331.89,170.96763541
2020-08-17 00:00:00,329.0,332.92,332.31,329.71,78.57680421
2020-08-17 01:00:00,325.69,329.2,329.2,327.34,277.24832469
2020-08-17 02:00:00,322.76,326.51,326.37,325.7,242.59502884
2020-08-17 03:00:00,324.2,326.5,325.38,325.21,200.52788314
2020-08-17 04:00:00,323.1,324.96,324.74,323.75,312.76328767
2020-08-17 05:00:00,322.66,325.95,323.83,323.09,516.79549698
2020-08-17 06:00:00,321.77,325.99,322.74,324.1,370.23254422
2020-08-17 07:00:00,322.67,325.92,323.7,324.8,292.99800485
2020-08-17 08:00:00,324.26,329.23,324.26,327.62,473.75455368
2020-08-17 09:00:00,325.7,328.84,327.38,325.7,247.97605515
2020-08-17 10:00:00,325.26,328.12,325.99,326.58,424.66249663
2020-08-17 11:00:00,326.22,328.81,326.64,328.41,271.94978511
2020-08-17 12:00:00,325.81,330.39,328.41,326.72,444.95547178
2020-08-17 13:00:00,324.62,330.93,326.56,328.56,1051.15489149
2020-08-17 14:00:00,327.34,330.25,328.93,329.98,652.36265151
2020-08-17 15:00:00,328.33,336.78,330.14,336.61,1377.10119278
2020-08-17 16:00:00,335.0,340.6,336.8,336.38,1352.78706734
2020-08-17 17:00:00,335.8,338.43,336.42,338.42,471.74244953
2020-08-17 18:00:00,332.51,338.39,338.39,333.71,622.42910362
2020-08-17 19:00:00,332.79,335.0,333.19,334.17,312.32763411
2020-08-17 20:00:00,333.74,335.99,334.33,335.2,546.91098145
2020-08-17 21:00:00,333.0,336.39,335.19,335.46,232.79391601
2020-08-17 22:00:00,334.18,336.39,335.46,335.2,316.87324443
2020-08-17 23:00:00,327.89,336.05,335.18,329.6,621.19104427
2020-08-18 00:00:00,329.96,331.92,330.0,331.09,549.99462642
2020-08-18 01:00:00,327.21,330.44,330.44,327.21,258.51876066
2020-08-18 02:00:00,326.85,330.37,327.54,330.37,121.11314989
2020-08-18 03:00:00,327.12,329.99,329.99,328.26,143.59427355
2020-08-18 04:00:00,326.0,328.36,328.36,326.91,206.68020173
2020-08-18 05:00:00,325.5,327.51,326.2,326.6,191.72230885
2020-08-18 06:00:00,325.5,328.26,326.16,327.99,220.19450554
2020-08-18 07:00:00,326.38,327.95,327.69,327.07,374.15153765
2020-08-18 08:00:00,327.04,328.58,327.07,327.85,391.75327811
2020-08-18 09:00:00,326.46,327.88,327.75,326.65,274.15745465
2020-08-18 10:00:00,326.25,328.89,326.61,328.75,387.31135603
2020-08-18 11:00:00,325.48,329.0,328.75,325.48,1036.89929034
2020-08-18 12:00:00,325.04,327.67,325.04,326.35,338.30082337
2020-08-18 13:00:00,319.62,328.6,326.34,322.41,983.24991928
2020-08-18 14:00:00,315.05,323.17,322.12,320.35,1417.08006473
2020-08-18 15:00:00,317.96,323.07,320.25,318.73,1157.75950053
2020-08-18 16:00:00,316.07,323.88,318.39,321.03,951.40124523
2020-08-18 17:00:00,319.77,321.8,321.3,320.39,546.62289404
2020-08-18 18:00:00,319.99,322.05,320.21,320.53,542.06199563
2020-08-18 19:00:00,320.82,322.98,320.82,320.95,308.55243497
2020-08-18 20:00:00,320.95,324.77,320.95,323.58,309.43904884
2020-08-18 21:00:00,323.06,325.0,323.15,323.5,288.57461446
2020-08-18 22:00:00,321.25,324.06,323.3,321.9,122.16042082
2020-08-18 23:00:00,319.22,321.65,321.55,319.3,154.63002897
2020-08-19 00:00:00,317.8,321.26,320.19,321.26,251.45560124
2020-08-19 01:00:00,319.98,322.25,321.36,320.4,196.07862929
2020-08-19 02:00:00,317.14,320.4,320.4,317.14,408.93766348
2020-08-19 03:00:00,314.51,319.53,317.34,314.51,547.74647018
2020-08-19 04:00:00,308.73,315.41,314.41,311.82,1803.64653898
2020-08-19 05:00:00,308.0,313.24,311.7,308.9,377.35034505
2020-08-19 06:00:00,304.0,309.98,309.0,309.26,866.92971479
2020-08-19 07:00:00,308.52,312.97,309.26,312.97,764.091534
2020-08-19 08:00:00,311.25,313.95,312.97,312.42,657.45665276
2020-08-19 09:00:00,312.61,314.88,312.61,313.69,570.36274321
2020-08-19 10:00:00,301.37,313.51,313.51,312.42,1878.44680365
2020-08-19 11:00:00,311.56,315.26,312.67,313.72,349.99726813
2020-08-19 12:00:00,312.03,314.45,313.72,313.44,269.97310536
2020-08-19 13:00:00,310.94,315.0,313.96,312.99,287.20130344
2020-08-19 14:00:00,310.33,314.84,312.98,310.77,338.41954545
2020-08-19 15:00:00,308.97,312.63,310.79,311.66,584.86772822
2020-08-19 16:00:00,306.03,313.3,311.28,310.3,566.08467984
2020-08-19 17:00:00,308.18,311.37,310.34,310.72,358.3626765
2020-08-19 18:00:00,306.01,311.99,310.45,309.08,1133.47085214
2020-08-19 19:00:00,302.53,309.94,309.19,302.92,851.27592085
2020-08-19 20:00:00,301.81,309.77,303.11,309.7,612.06652324
2020-08-19 21:00:00,308.6,312.86,309.8,309.78,498.78334233
2020-08-19 22:00:00,309.63,312.77,310.5,311.52,177.38197926
2020-08-19 23:00:00,309.99,312.71,311.73,311.99,471.99601043
2020-08-20 00:00:00,312.75,317.5,312.75,315.15,410.44169714
2020-08-20 01:00:00,313.93,316.51,315.59,314.06,39.12333018
2020-08-20 02:00:00,311.65,314.78,313.8,311.91,76.99553889
2020-08-20 03:00:00,311.07,312.97,312.46,311.47,24.03507477
2020-08-20 04:00:00,309.42,312.08,311.47,309.76,85.43148781
2020-08-20 05:00:00,308.53,310.34,309.79,309.67,84.84866448
2020-08-20 06:00:00,308.33,313.43,309.64,312.96,254.34033721
2020-08-20 07:00:00,309.2,312.95,312.95,309.53,741.87605881
2020-08-20 08:00:00,309.21,311.88,309.9,311.76,394.19944091
2020-08-20 09:00:00,311.1,314.76,311.41,313.0,807.0596901
2020-08-20 10:00:00,311.12,314.12,312.85,312.86,410.38399076
2020-08-20 11:00:00,310.53,314.16,312.97,314.16,335.05259334
2020-08-20 12:00:00,312.47,314.45,313.8,313.27,287.98451877
2020-08-20 13:00:00,313.0,315.51,313.03,315.51,280.56266805
2020-08-20 14:00:00,314.21,317.0,315.77,316.47,274.13239274
2020-08-20 15:00:00,314.59,317.74,316.67,316.31,627.59110731
2020-08-20 16:00:00,314.84,318.11,316.28,316.54,354.5772745
2020-08-20 17:00:00,313.94,317.5,316.59,314.59,416.57370586
2020-08-20 18:00:00,314.0,316.62,314.33,316.19,588.91523449
2020-08-20 19:00:00,314.27,316.54,316.4,314.3,426.0171495
2020-08-20 20:00:00,314.36,316.43,314.61,315.56,248.65032623
2020-08-20 21:00:00,315.46,318.28,315.46,316.21,297.30125104
2020-08-20 22:00:00,314.06,316.91,316.16,314.06,171.5866221
2020-08-20 23:00:00,313.52,315.78,314.06,315.25,260.13544259
2020-08-21 00:00:00,314.1,317.26,315.12,314.69,241.75365827
2020-08-21 01:00:00,311.11,314.75,314.75,311.9,150.96418916
2020-08-21 02:00:00,309.59,312.91,311.88,310.43,602.2478555
2020-08-21 03:00:00,310.33,315.27,310.82,315.06,444.6625622
2020-08-21 04:00:00,313.59,315.4,314.72,313.73,97.56150743
2020-08-21 05:00:00,312.81,314.78,314.01,313.12,182.82108038
2020-08-21 06:00:00,312.61,313.77,313.32,313.16,132.66903451
2020-08-21 07:00:00,311.95,314.17,312.91,312.82,507.31607289
2020-08-21 08:00:00,310.87,312.74,312.73,312.55,231.45111087
2020-08-21 09:00:00,310.77,313.03,312.53,311.05,527.56367511
2020-08-21 10:00:00,309.32,311.92,310.74,311.24,432.21451327
2020-08-21 11:00:00,308.88,311.87,311.12,309.52,385.78956752
2020-08-21 12:00:00,305.62,311.9,309.6,311.18,451.39969334
2020-08-21 13:00:00,307.67,312.38,311.1,307.67,375.34474268
2020-08-21 14:00:00,307.1,311.21,308.33,310.52,266.54891618
2020-08-21 15:00:00,308.86,311.65,310.41,309.68,324.1280961
2020-08-21 16:00:00,307.42,311.49,309.4,307.42,280.82044812
2020-08-21 17:00:00,306.68,311.53,307.35,308.96,289.41262536
2020-08-21 18:00:00,302.0,309.0,308.5,304.67,1051.0249332
2020-08-21 19:00:00,304.61,307.75,304.67,305.45,363.87328975
2020-08-21 20:00:00,302.02,307.13,304.58,302.02,321.66691974
2020-08-21 21:00:00,293.64,303.11,302.13,297.28,1351.32547002
2020-08-21 22:00:00,296.44,302.2,297.28,298.14,670.76317266
2020-08-21 23:00:00,295.26,300.42,298.29,297.0,447.17504744
2020-08-22 00:00:00,291.65,297.47,297.06,292.34,1175.05959476
2020-08-22 01:00:00,290.31,295.36,292.85,295.36,528.84710223
2020-08-22 02:00:00,294.04,296.89,295.76,294.82,255.18434141
2020-08-22 03:00:00,293.96,296.07,295.01,294.5,101.38331349
2020-08-22 04:00:00,292.54,294.9,294.28,292.86,186.02371189
2020-08-22 05:00:00,293.0,295.99,293.0,295.6,187.96965977
2020-08-22 06:00:00,296.11,300.63,296.19,300.63,247.2986814
2020-08-22 07:00:00,298.68,300.88,300.66,299.93,338.16998788
2020-08-22 08:00:00,299.18,302.92,300.08,300.87,761.52788971
2020-08-22 09:00:00,299.06,301.05,300.87,300.33,416.17092131
2020-08-22 10:00:00,299.37,301.58,300.63,299.67,477.32527427
2020-08-22 11:00:00,297.57,299.8,299.8,298.82,421.32616599
2020-08-22 12:00:00,299.11,301.32,299.27,300.41,370.82055298
2020-08-22 13:00:00,298.14,300.92,300.92,300.09,337.09934237
2020-08-22 14:00:00,297.82,300.83,300.08,300.39,147.69393525
2020-08-22 15:00:00,298.62,301.46,300.28,298.62,287.39634635
2020-08-22 16:00:00,297.37,299.24,299.2,298.73,475.11249566
2020-08-22 17:00:00,297.53,299.49,298.66,299.26,195.33931139
2020-08-22 18:00:00,298.59,299.9,298.95,299.22,163.45050587
2020-08-22 19:00:00,298.0,299.39,299.19,298.13,88.02359187
2020-08-22 20:00:00,296.29,298.35,298.26,297.77,321.58998616
2020-08-22 21:00:00,297.6,301.49,297.8,301.49,191.75405511
2020-08-22 22:00:00,299.93,302.12,301.5,300.88,150.1069869
2020-08-22 23:00:00,300.45,303.8,301.04,303.29,196.80406394
2020-08-23 00:00:00,299.65,304.34,303.76,300.75,417.07696581
2020-08-23 01:00:00,299.55,301.0,300.69,300.9,118.47484797
2020-08-23 02:00:00,298.76,300.78,300.78,298.76,26.28458358
2020-08-23 03:00:00,297.96,299.23,299.23,298.3,86.93652482
2020-08-23 04:00:00,297.26,298.31,297.88,297.59,40.91775766
2020-08-23 05:00:00,296.7,297.45,297.45,297.32,30.30152635
2020-08-23 06:00:00,297.5,300.11,297.5,299.42,75.16707282
2020-08-23 07:00:00,298.59,299.88,299.06,299.28,108.94212798
2020-08-23 08:00:00,297.27,299.09,299.03,297.85,94.81066504
2020-08-23 09:00:00,297.98,299.2,297.98,298.68,86.25436881
2020-08-23 10:00:00,295.01,298.75,298.68,296.25,648.523486
2020-08-23 11:00:00,294.02,297.59,296.41,294.48,320.27210537
2020-08-23 12:00:00,294.33,296.85,294.36,296.45,302.20286731
2020-08-23 13:00:00,295.48,300.59,296.49,297.94,146.61486682
2020-08-23 14:00:00,297.43,298.65,297.59,298.31,96.60371691
2020-08-23 15:00:00,298.34,300.79,298.8,300.79,112.18306463
2020-08-23 16:00:00,298.26,300.73,300.59,298.26,186.83758671
2020-08-23 17:00:00,298.0,299.56,298.79,298.51,182.04798773
2020-08-23 18:00:00,298.09,300.52,298.66,299.86,143.20853377
2020-08-23 19:00:00,298.96,301.87,299.96,301.79,224.38868637
2020-08-23 20:00:00,300.71,302.86,302.05,301.09,202.76485543
2020-08-23 21:00:00,300.41,301.53,300.92,301.53,197.02979039
2020-08-23 22:00:00,298.84,301.42,301.36,299.03,167.67598743
2020-08-23 23:00:00,299.07,300.53,299.42,299.07,58.24218943
2020-08-24 00:00:00,296.88,298.91,298.91,298.35,58.06738491
2020-08-24 01:00:00,297.32,298.54,298.16,298.17,39.96054568
2020-08-24 02:00:00,298.5,300.19,298.5,299.62,54.76667656
2020-08-24 03:00:00,299.62,301.58,299.62,301.17,41.61244857
2020-08-24 04:00:00,300.03,300.76,300.51,300.3,31.274234
2020-08-24 05:00:00,300.08,300.87,300.3,300.42,54.89629583
2020-08-24 06:00:00,299.91,303.01,299.91,303.01,188.80357883
2020-08-24 07:00:00,303.16,305.48,303.16,305.08,489.3608505
2020-08-24 08:00:00,304.97,311.96,304.97,309.87,970.95373119
2020-08-24 09:00:00,308.07,310.71,309.82,309.54,562.65765474
2020-08-24 10:00:00,308.4,310.5,309.65,309.79,537.11231111
2020-08-24 11:00:00,309.87,312.33,309.87,310.27,686.27093839
2020-08-24 12:00:00,309.96,311.69,310.34,310.09,264.95742558
2020-08-24 13:00:00,309.86,312.07,309.99,310.65,656.53253349
2020-08-24 14:00:00,308.23,311.77,310.65,308.59,305.27041395
2020-08-24 15:00:00,307.41,309.9,308.94,309.21,502.51066715
2020-08-24 16:00:00,308.09,311.0,309.21,310.16,498.84777668
2020-08-24 17:00:00,308.57,310.43,310.23,309.17,298.97000675
2020-08-24 18:00:00,307.28,310.2,309.14,308.45,406.13475543
2020-08-24 19:00:00,305.57,309.78,308.27,309.42,198.98001345
2020-08-24 20:00:00,307.71,309.86,309.12,307.95,253.80496553
2020-08-24 21:00:00,307.67,313.0,307.8,311.78,486.92333344
2020-08-24 22:00:00,310.97,313.0,311.85,311.89,204.71613015
2020-08-24 23:00:00,311.45,314.62,311.82,313.16,307.52371585
2020-08-25 00:00:00,310.41,313.62,313.39,310.41,253.73024499
2020-08-25 01:00:00,310.37,311.42,310.37,310.77,50.89872071
2020-08-25 02:00:00,306.71,310.7,310.7,306.74,150.98526288
2020-08-25 03:00:00,306.34,307.87,306.56,307.41,65.41137387
2020-08-25 04:00:00,306.0,307.75,307.43,307.7,43.43675451
2020-08-25 05:00:00,305.79,308.35,307.51,305.79,49.76365414
2020-08-25 06:00:00,303.5,306.42,306.42,304.35,302.99467376
2020-08-25 07:00:00,300.26,304.08,304.08,301.68,471.46858408
2020-08-25 08:00:00,298.84,302.6,301.6,301.27,692.65628486
2020-08-25 09:00:00,300.7,302.79,301.17,302.27,219.64253518
2020-08-25 10:00:00,301.38,304.68,302.1,304.6,301.33783826
2020-08-25 11:00:00,301.8,304.51,304.4,301.97,582.12744339
2020-08-25 12:00:00,296.34,301.79,301.79,297.18,1071.88951226
2020-08-25 13:00:00,296.04,299.02,297.03,297.67,751.79536892
2020-08-25 14:00:00,291.18,297.47,297.4,293.58,1074.28903194
2020-08-25 15:00:00,290.73,295.15,293.5,294.49,759.76460185
2020-08-25 16:00:00,284.0,295.4,294.28,287.05,1065.06352876
2020-08-25 17:00:00,282.44,288.03,286.22,285.07,2043.06879262
2020-08-25 18:00:00,282.49,290.65,285.05,289.77,1162.73266825
2020-08-25 19:00:00,288.18,291.99,289.93,289.39,597.66228217
2020-08-25 20:00:00,286.96,291.01,289.51,288.21,300.13799999
2020-08-25 21:00:00,288.27,290.72,288.38,289.65,300.45914591
2020-08-25 22:00:00,289.73,293.13,289.73,291.9,322.58579232
2020-08-25 23:00:00,291.08,293.59,291.7,292.14,186.47723092
2020-08-26 00:00:00,288.31,291.76,291.47,289.9,150.01428144
2020-08-26 01:00:00,290.24,293.07,290.78,291.69,94.47106898
2020-08-26 02:00:00,292.1,295.9,292.25,295.9,227.21442766
2020-08-26 03:00:00,293.26,295.82,295.82,294.43,94.45500652
2020-08-26 04:00:00,293.95,296.05,294.34,294.33,74.73746596
2020-08-26 05:00:00,293.97,296.01,294.84,293.97,111.96712511
2020-08-26 06:00:00,290.2,293.34,293.13,290.5,126.67536001
2020-08-26 07:00:00,289.8,292.08,290.76,290.91,196.27611919
2020-08-26 08:00:00,290.0,292.99,290.91,291.53,289.65875484
2020-08-26 09:00:00,290.74,292.85,292.01,291.29,342.66734527
2020-08-26 10:00:00,291.32,294.18,291.53,292.19,248.3637133
2020-08-26 11:00:00,291.19,293.7,291.8,291.49,221.95055715
2020-08-26 12:00:00,288.49,293.44,291.79,289.95,291.22184074
2020-08-26 13:00:00,288.0,293.5,289.99,293.5,256.45174808
2020-08-26 14:00:00,292.96,296.14,293.5,293.39,412.42664319
2020-08-26 15:00:00,293.49,296.74,293.74,296.55,285.79320092
2020-08-26 16:00:00,294.55,299.0,296.55,294.94,448.34032612
2020-08-26 17:00:00,294.51,295.7,295.07,295.18,220.11677867
2020-08-26 18:00:00,293.9,296.1,295.12,294.39,291.08444541
2020-08-26 19:00:00,293.35,295.81,294.4,295.81,322.49820281
2020-08-26 20:00:00,293.67,295.69,293.81,295.69,147.37660442
2020-08-26 21:00:00,294.49,296.67,295.7,294.5,193.438569
2020-08-26 22:00:00,292.3,294.79,294.26,292.81,145.42469205
2020-08-26 23:00:00,292.28,293.76,292.72,292.9,76.21000149
2020-08-27 00:00:00,292.68,295.24,293.05,294.84,108.25708822
2020-08-27 01:00:00,292.74,294.56,294.46,292.74,14.86195522
2020-08-27 02:00:00,291.29,292.9,292.44,292.11,267.00971992
2020-08-27 03:00:00,291.68,292.23,291.68,291.78,87.88660967
2020-08-27 04:00:00,290.8,292.96,291.89,290.8,62.41519465
2020-08-27 05:00:00,289.15,291.47,290.8,289.37,358.71336762
2020-08-27 06:00:00,289.45,293.29,289.69,292.37,116.01328718
2020-08-27 07:00:00,291.87,293.49,292.44,292.8,166.24073623
2020-08-27 08:00:00,291.01,292.57,292.57,291.34,229.49230751
2020-08-27 09:00:00,290.72,294.37,291.27,293.91,344.1195884
2020-08-27 10:00:00,291.25,294.65,293.9,292.3,270.36571962
2020-08-27 11:00:00,290.25,293.51,292.21,290.35,279.35586209
2020-08-27 12:00:00,289.8,293.48,290.1,292.81,387.46686229
2020-08-27 13:00:00,291.9,300.41,292.51,295.1,752.64375723
2020-08-27 14:00:00,289.14,295.9,294.98,291.29,687.92596833
2020-08-27 15:00:00,290.86,292.58,291.43,290.97,412.32925599
2020-08-27 16:00:00,287.28,293.13,290.97,287.74,971.4208462
2020-08-27 17:00:00,282.79,288.1,287.15,285.8,793.31269733
2020-08-27 18:00:00,286.0,289.89,286.0,288.87,339.2640181
2020-08-27 19:00:00,286.68,289.07,288.76,287.31,303.01359285
2020-08-27 20:00:00,286.33,290.0,287.01,288.42,338.26439474
2020-08-27 21:00:00,287.69,290.51,288.05,290.51,207.84895401
2020-08-27 22:00:00,287.68,291.13,290.99,288.19,200.65581352
2020-08-27 23:00:00,288.15,291.35,288.15,290.92,138.70121138
2020-08-28 00:00:00,288.44,291.57,291.29,291.35,126.76149623
2020-08-28 01:00:00,291.27,293.69,291.99,293.52,91.52459858
2020-08-28 02:00:00,292.26,293.69,293.19,292.66,46.7846985
2020-08-28 03:00:00,292.21,294.2,293.12,293.26,128.91745215
2020-08-28 04:00:00,292.75,293.78,293.19,293.73,80.83345782
2020-08-28 05:00:00,292.21,294.18,293.83,293.87,92.05093074
2020-08-28 06:00:00,292.73,296.38,293.77,295.82,258.82830277
2020-08-28 07:00:00,292.37,296.28,295.82,292.9,318.3970925
2020-08-28 08:00:00,292.29,293.88,292.78,292.86,259.83258884
2020-08-28 09:00:00,293.03,296.44,293.03,296.05,434.84409069
2020-08-28 10:00:00,294.24,296.4,296.36,295.25,427.64424442
2020-08-28 11:00:00,294.14,296.88,295.25,296.29,782.01456326
2020-08-28 12:00:00,294.66,296.59,296.59,295.59,741.50675968
2020-08-28 13:00:00,294.79,296.09,295.5,295.66,666.65214598
2020-08-28 14:00:00,293.68,296.65,295.45,294.45,439.41293635
2020-08-28 15:00:00,294.58,298.0,294.64,297.21,952.06347312
2020-08-28 16:00:00,296.1,299.59,297.98,297.59,523.91104299
2020-08-28 17:00:00,295.68,298.37,297.83,296.31,297.683863
2020-08-28 18:00:00,295.84,297.63,296.28,296.94,161.69307787
2020-08-28 19:00:00,296.59,298.86,296.59,297.28,218.98396671
2020-08-28 20:00:00,295.91,297.52,297.16,296.04,160.55281641
2020-08-28 21:00:00,295.13,296.94,296.15,296.37,247.42336896
2020-08-28 22:00:00,293.84,296.4,296.4,294.69,105.42067238
2020-08-28 23:00:00,294.63,297.65,294.67,297.0,137.6300272
2020-08-29 00:00:00,294.94,297.61,296.99,295.09,163.44866861
2020-08-29 01:00:00,295.09,296.05,295.09,295.34,85.18984344
2020-08-29 02:00:00,294.68,296.03,294.97,295.06,111.42952411
2020-08-29 03:00:00,294.78,296.8,295.42,296.49,89.36400699
2020-08-29 04:00:00,295.72,297.08,296.54,296.66,43.79640304
2020-08-29 05:00:00,296.47,297.87,296.78,297.46,36.12488476
2020-08-29 06:00:00,297.49,300.36,297.49,300.36,154.33249301
2020-08-29 07:00:00,299.44,303.72,300.14,303.0,135.90359733
2020-08-29 08:00:00,301.45,303.38,303.16,301.96,828.74491948
2020-08-29 09:00:00,301.23,303.08,301.92,302.77,804.21027308
2020-08-29 10:00:00,298.71,302.77,302.77,298.79,176.31775719
2020-08-29 11:00:00,298.0,299.99,298.66,299.02,130.43270893
2020-08-29 12:00:00,298.92,300.5,299.29,299.48,185.17437981
2020-08-29 13:00:00,297.58,299.97,299.25,297.81,202.91551111
2020-08-29 14:00:00,297.81,300.37,297.81,300.26,229.35895272
2020-08-29 15:00:00,299.73,302.11,300.31,302.09,317.34607224
2020-08-29 16:00:00,300.78,302.81,302.25,302.47,446.3700399
2020-08-29 17:00:00,301.37,303.21,302.31,301.94,428.35449741
2020-08-29 18:00:00,301.82,303.95,301.82,303.36,87.40469983
2020-08-29 19:00:00,302.31,304.5,303.36,302.69,172.29894995
2020-08-29 20:00:00,302.67,304.24,302.69,304.23,186.31035375
2020-08-29 21:00:00,302.7,304.72,304.22,304.02,126.49486608
2020-08-29 22:00:00,300.82,304.22,304.02,300.93,139.23680783
2020-08-29 23:00:00,299.36,302.5,300.97,299.74,212.29364366
2020-08-30 00:00:00,299.27,301.77,299.7,301.4,130.60077592
2020-08-30 01:00:00,301.35,305.23,301.54,305.23,346.40741302
2020-08-30 02:00:00,303.72,305.14,304.94,304.39,29.63602817
2020-08-30 03:00:00,303.29,304.48,304.08,303.99,79.85121572
2020-08-30 04:00:00,302.97,303.9,303.75,303.3,21.22530339
2020-08-30 05:00:00,302.46,303.73,303.73,303.35,127.33854513
2020-08-30 06:00:00,302.94,304.33,303.13,303.54,49.39081756
2020-08-30 07:00:00,303.39,304.98,303.46,304.48,182.64531247
2020-08-30 08:00:00,302.63,305.4,304.65,302.77,664.53490584
2020-08-30 09:00:00,301.99,304.54,302.57,304.1,1003.95299916
2020-08-30 10:00:00,302.59,304.1,304.1,302.78,1138.07998321
2020-08-30 11:00:00,302.62,305.63,302.98,305.61,208.09995396
2020-08-30 12:00:00,304.4,306.53,305.9,305.6,269.45837056
2020-08-30 13:00:00,305.59,311.29,305.62,310.47,610.90296194
2020-08-30 14:00:00,308.88,312.53,310.84,311.57,385.49008361
2020-08-30 15:00:00,310.86,314.0,311.55,313.43,651.68770218
2020-08-30 16:00:00,311.78,318.0,313.47,317.57,1309.53196096
2020-08-30 17:00:00,316.89,319.5,317.91,318.27,603.24379521
2020-08-30 18:00:00,317.13,320.45,318.29,320.45,517.01098336
2020-08-30 19:00:00,318.74,320.86,320.11,319.15,269.69994188
2020-08-30 20:00:00,315.86,319.76,319.49,317.86,333.7606213
2020-08-30 21:00:00,315.68,319.12,317.74,316.79,368.81563649
2020-08-30 22:00:00,316.19,318.51,316.4,318.25,257.56570969
2020-08-30 23:00:00,318.36,322.3,318.36,321.63,314.86808445
2020-08-31 00:00:00,319.5,322.31,321.81,319.57,159.03034198
2020-08-31 01:00:00,318.66,320.93,319.22,319.91,34.59312088
2020-08-31 02:00:00,318.77,320.87,319.95,318.77,230.67103598
2020-08-31 03:00:00,318.04,319.72,318.64,319.42,36.92006648
2020-08-31 04:00:00,318.64,320.58,319.14,318.64,22.95913215
2020-08-31 05:00:00,316.93,319.37,318.64,316.93,54.24193048
2020-08-31 06:00:00,315.25,318.54,316.16,318.11,96.93522837
2020-08-31 07:00:00,314.82,318.33,318.2,316.49,370.60503074
2020-08-31 08:00:00,314.99,317.18,316.44,315.53,987.04016104
2020-08-31 09:00:00,315.17,318.0,315.29,316.92,1254.63897999
2020-08-31 10:00:00,316.47,321.62,316.75,320.43,950.62317716
2020-08-31 11:00:00,320.15,326.63,320.5,324.91,656.63395666
2020-08-31 12:00:00,324.05,329.7,325.19,328.89,1408.51312201
2020-08-31 13:00:00,326.0,330.0,328.96,327.04,799.29160581
2020-08-31 14:00:00,324.05,326.94,326.94,326.14,360.3861866
2020-08-31 15:00:00,324.19,326.6,326.02,325.56,343.06079339
2020-08-31 16:00:00,324.27,326.54,325.49,324.47,470.57441997
2020-08-31 17:00:00,323.33,325.62,324.17,325.23,558.47083414
2020-08-31 18:00:00,325.14,328.75,325.37,327.07,390.95441056
2020-08-31 19:00:00,326.56,328.7,327.39,327.65,547.17736509
2020-08-31 20:00:00,321.82,328.55,327.4,324.24,444.93510872
2020-08-31 21:00:00,322.88,326.11,323.66,322.88,264.13747274
2020-08-31 22:00:00,322.82,328.07,322.82,326.53,373.67373537
2020-08-31 23:00:00,325.4,328.27,326.53,325.43,237.89759119
2020-09-01 00:00:00,322.23,326.35,325.66,324.99,301.5503919
2020-09-01 01:00:00,324.58,326.65,325.14,326.38,86.31101163
2020-09-01 02:00:00,325.58,327.21,326.55,326.66,42.56661168
2020-09-01 03:00:00,326.3,332.0,326.3,331.64,416.70827497
2020-09-01 04:00:00,330.69,333.52,331.58,333.04,264.62500916
2020-09-01 05:00:00,331.41,340.0,333.4,340.0,776.29624476
2020-09-01 06:00:00,339.15,347.9,340.05,346.07,1164.77759754
2020-09-01 07:00:00,341.76,347.29,346.02,345.43,844.58937052
2020-09-01 08:00:00,340.87,345.73,345.43,344.2,1072.90483299
2020-09-01 09:00:00,339.09,351.12,344.29,349.98,4231.52184785
2020-09-01 10:00:00,347.91,352.41,350.69,350.43,1350.68198264
2020-09-01 11:00:00,347.0,351.07,350.6,348.85,573.31554337
2020-09-01 12:00:00,347.44,351.4,348.78,349.91,503.14486787
2020-09-01 13:00:00,348.0,350.8,349.69,349.63,1103.34439797
2020-09-01 14:00:00,343.08,352.5,350.0,352.5,725.21094284
2020-09-01 15:00:00,352.16,363.3,352.5,360.84,1824.65072291
2020-09-01 16:00:00,354.61,361.3,360.82,357.57,882.68728601
2020-09-01 17:00:00,354.42,358.87,357.75,355.25,682.74209724
2020-09-01 18:00:00,355.18,358.41,355.18,357.74,567.23707702
2020-09-01 19:00:00,355.3,359.02,358.19,356.67,298.8863841
2020-09-01 20:00:00,356.63,361.53,356.63,361.01,459.13281493
2020-09-01 21:00:00,359.67,363.44,360.76,362.22,544.70447652
2020-09-01 22:00:00,359.17,366.0,362.12,360.76,984.47279398
2020-09-01 23:00:00,353.9,362.85,360.73,355.59,374.8694402
2020-09-02 00:00:00,350.0,358.38,355.79,350.97,457.48949974
2020-09-02 01:00:00,348.52,355.01,350.33,352.55,287.09642819
2020-09-02 02:00:00,350.58,354.45,351.81,351.23,148.63586156
2020-09-02 03:00:00,351.35,353.41,351.35,352.79,104.73965043
2020-09-02 04:00:00,352.83,358.0,352.86,356.94,122.09335844
2020-09-02 05:00:00,355.63,359.99,356.49,356.61,78.6712722
2020-09-02 06:00:00,353.22,356.1,355.55,355.21,296.80607449
2020-09-02 07:00:00,350.96,355.97,355.03,351.03,283.95008452
2020-09-02 08:00:00,347.7,353.12,350.9,351.93,769.40604725
2020-09-02 09:00:00,351.44,354.23,351.93,353.26,528.46587728
2020-09-02 10:00:00,343.29,353.73,353.58,343.68,1072.9938605
2020-09-02 11:00:00,316.03,346.84,344.07,332.55,3376.01553662
2020-09-02 12:00:00,330.0,336.9,332.36,333.75,1728.1738846
2020-09-02 13:00:00,331.61,336.81,333.46,333.11,1105.00102697
2020-09-02 14:00:00,321.67,333.55,332.61,324.77,1372.51846552
2020-09-02 15:00:00,323.95,330.96,324.89,325.86,1135.160295
2020-09-02 16:00:00,316.72,328.69,325.81,321.92,1521.64155123
2020-09-02 17:00:00,320.98,327.03,322.0,325.11,705.35187006
2020-09-02 18:00:00,322.83,328.88,325.13,328.64,743.37002353
2020-09-02 19:00:00,326.07,330.99,328.85,327.82,545.82310075
2020-09-02 20:00:00,324.5,329.1,327.63,328.06,344.93089842
2020-09-02 21:00:00,327.04,329.54,327.73,329.38,237.36466623
2020-09-02 22:00:00,328.13,334.62,329.54,333.0,549.42045483
2020-09-02 23:00:00,330.14,333.2,333.01,330.24,312.17850209
2020-09-03 00:00:00,329.67,335.46,330.02,334.64,139.65600632
2020-09-03 01:00:00,332.95,337.76,334.44,337.7,257.78555074
2020-09-03 02:00:00,335.96,339.32,338.0,337.3,288.55396537
2020-09-03 03:00:00,332.18,337.93,337.5,333.64,198.62985952
2020-09-03 04:00:00,325.17,335.48,333.97,328.29,723.55025678
2020-09-03 05:00:00,323.0,329.51,328.02,326.14,496.7993208
2020-09-03 06:00:00,322.0,327.97,326.47,322.9,229.14388094
2020-09-03 07:00:00,320.69,330.54,323.38,330.14,415.74067414
2020-09-03 08:00:00,327.59,331.0,330.4,329.94,347.28041077
2020-09-03 09:00:00,326.01,330.38,329.85,326.12,308.22106622
2020-09-03 10:00:00,320.17,326.97,326.47,321.19,762.06743167
2020-09-03 11:00:00,319.09,325.74,321.6,320.1,922.76500982
2020-09-03 12:00:00,303.0,322.21,320.3,312.35,2315.71304625
2020-09-03 13:00:00,308.19,316.44,311.87,316.44,905.28836329
2020-09-03 14:00:00,309.58,316.22,316.22,311.73,783.91443903
2020-09-03 15:00:00,296.78,311.62,311.62,304.85,1669.4263307
2020-09-03 16:00:00,295.89,308.5,305.58,296.58,1443.05691792
2020-09-03 17:00:00,296.59,306.79,296.59,302.71,1458.79502829
2020-09-03 18:00:00,298.21,304.8,302.38,301.58,995.50500334
2020-09-03 19:00:00,299.27,305.96,301.46,303.78,1081.58769804
2020-09-03 20:00:00,303.3,308.7,303.31,307.3,630.71742807
2020-09-03 21:00:00,302.33,308.51,307.06,305.02,455.78106085
2020-09-03 22:00:00,299.64,307.71,305.33,300.58,863.90803073
2020-09-03 23:00:00,284.01,308.89,300.45,290.36,2347.64704017
2020-09-04 00:00:00,285.02,298.6,290.39,295.46,1015.8205183
2020-09-04 01:00:00,290.01,296.26,294.46,293.23,834.25162409
2020-09-04 02:00:00,287.07,293.34,293.09,292.26,462.11106582
2020-09-04 03:00:00,289.24,293.76,292.53,289.7,172.01737067
2020-09-04 04:00:00,290.27,293.6,290.63,292.89,255.07794379
2020-09-04 05:00:00,290.8,294.32,292.65,293.86,365.3176996
2020-09-04 06:00:00,290.09,294.03,293.89,290.26,578.93789936
2020-09-04 07:00:00,283.84,292.0,290.26,291.61,1685.65305365
2020-09-04 08:00:00,291.72,300.55,291.88,299.0,1566.49651775
2020-09-04 09:00:00,296.5,302.6,299.37,301.79,1850.11070022
2020-09-04 10:00:00,299.0,303.11,301.78,299.14,900.9920944
2020-09-04 11:00:00,295.78,301.17,299.03,299.61,918.54859735
2020-09-04 12:00:00,296.84,301.05,299.92,299.29,465.48518195
2020-09-04 12:00:00,296.84,301.05,299.92,299.29,465.48518195
2020-09-04 13:00:00,297.77,303.0,299.3,298.6,607.7205988
2020-09-04 14:00:00,275.0,299.09,298.76,289.0,2873.7107158
2020-09-04 15:00:00,280.01,292.22,288.77,290.25,2741.74057616
2020-09-04 16:00:00,285.64,293.82,291.3,291.86,660.83184241
2020-09-04 17:00:00,287.88,291.97,291.97,290.43,420.29725746
2020-09-04 18:00:00,286.51,292.89,290.35,292.89,323.82362795
2020-09-04 19:00:00,290.47,296.58,292.93,295.77,397.44367876
2020-09-04 20:00:00,292.29,296.39,296.07,295.7,326.87482365
2020-09-04 21:00:00,293.09,296.8,295.77,293.39,384.3254098
2020-09-04 22:00:00,292.16,297.0,293.31,297.0,963.84366439
2020-09-05 00:00:00,292.65,297.0,296.06,295.84,521.88485825
2020-09-05 01:00:00,291.73,296.55,295.76,295.76,114.0532285
2020-09-05 02:00:00,292.93,295.98,295.96,294.84,61.7466978
2020-09-05 03:00:00,292.22,295.0,294.46,292.46,43.58031595
2020-09-05 04:00:00,290.88,294.03,293.51,290.88,64.65388041
2020-09-05 05:00:00,288.0,291.63,290.38,288.49,136.16872975
2020-09-05 06:00:00,288.13,293.36,289.54,292.08,153.87247736
2020-09-05 07:00:00,286.36,291.39,291.32,287.76,368.43439695
2020-09-05 08:00:00,281.71,287.64,287.64,281.8,868.85761736
2020-09-05 09:00:00,276.92,283.85,281.53,277.26,934.41775545
2020-09-05 10:00:00,273.74,280.28,277.29,273.74,994.41963942
2020-09-05 11:00:00,263.0,276.33,273.84,269.64,2472.8258801
2020-09-05 12:00:00,253.49,272.4,269.47,254.86,3126.76523438
2020-09-05 13:00:00,254.12,269.76,254.74,269.76,1802.2952427
2020-09-05 14:00:00,265.95,272.28,269.72,269.97,1196.89710926
2020-09-05 15:00:00,267.42,272.5,270.05,269.84,779.86677301
2020-09-05 16:00:00,255.92,271.79,269.81,266.65,1297.16719713
2020-09-05 17:00:00,253.53,267.51,266.03,257.38,1061.53081748
2020-09-05 18:00:00,235.0,260.51,257.38,246.04,4860.80149641
2020-09-05 19:00:00,234.66,253.8,246.62,244.19,5698.93444247
2020-09-05 20:00:00,237.02,253.85,244.65,251.99,3638.91288136
2020-09-05 21:00:00,247.4,252.34,251.5,249.94,1690.73514234
2020-09-05 22:00:00,240.0,253.51,249.84,240.98,2165.28629621
2020-09-05 23:00:00,240.0,254.78,240.83,252.21,934.55276537
2020-09-06 00:00:00,247.36,259.0,252.4,256.28,1189.46186473
2020-09-06 01:00:00,248.47,256.59,256.59,250.11,273.06884471
2020-09-06 02:00:00,243.57,251.65,250.47,250.35,839.19644177
2020-09-06 03:00:00,246.15,251.04,251.04,247.81,461.36786945
2020-09-06 04:00:00,241.87,250.23,248.0,242.22,644.82544595
2020-09-06 05:00:00,238.93,246.66,243.17,245.47,489.02479699
2020-09-06 06:00:00,241.28,251.02,245.8,250.17,425.69219409
2020-09-06 07:00:00,247.67,260.17,250.31,257.28,1256.10703524
2020-09-06 08:00:00,254.59,266.02,257.28,263.98,2350.93356616
2020-09-06 09:00:00,258.75,267.77,263.94,261.15,855.15556439
2020-09-06 10:00:00,257.78,265.49,261.4,264.92,659.28623472
2020-09-06 11:00:00,261.6,268.93,265.53,267.61,796.84960628
2020-09-06 12:00:00,265.75,271.02,268.08,266.68,1525.99866054
2020-09-06 13:00:00,261.87,266.57,266.57,263.36,681.85156515
2020-09-06 14:00:00,259.24,266.56,263.86,262.31,902.90556775
2020-09-06 15:00:00,254.88,262.57,262.56,260.55,734.03073397
2020-09-06 16:00:00,257.63,268.73,259.59,267.19,456.69735151
2020-09-06 17:00:00,262.54,267.5,267.41,263.85,1163.94835878
2020-09-06 18:00:00,261.12,266.93,263.86,265.1,514.20922855
2020-09-06 19:00:00,264.01,268.5,264.64,266.79,894.31638904
2020-09-06 20:00:00,265.0,268.89,267.62,265.97,519.51172777
2020-09-06 21:00:00,266.09,272.64,266.25,270.71,1244.40587646
2020-09-06 22:00:00,263.75,271.34,270.71,265.68,837.70891041
2020-09-06 23:00:00,265.6,269.62,265.71,266.97,321.62646331
2020-09-07 00:00:00,266.67,271.08,266.67,269.66,227.95533138
2020-09-07 01:00:00,267.39,270.03,269.44,269.77,117.85483806
2020-09-07 02:00:00,264.21,268.69,268.69,264.37,148.74277687
2020-09-07 03:00:00,260.88,264.18,263.87,262.42,224.43099569
2020-09-07 04:00:00,261.85,265.85,262.05,262.73,23.39674493
2020-09-07 05:00:00,258.52,262.36,262.36,259.32,247.88208867
2020-09-07 06:00:00,257.64,261.09,259.68,258.6,816.76263607
2020-09-07 07:00:00,257.07,263.72,258.03,260.13,954.98547917
2020-09-07 08:00:00,259.75,265.07,260.0,262.85,331.838627
2020-09-07 09:00:00,261.01,265.36,262.96,261.7,447.95440755
2020-09-07 10:00:00,258.5,263.26,261.33,258.57,474.54459928
2020-09-07 11:00:00,253.43,262.64,258.57,255.67,935.24622157
2020-09-07 12:00:00,246.45,257.35,256.27,249.91,2012.66545111
2020-09-07 13:00:00,247.65,260.0,249.37,257.63,1623.02592428
2020-09-07 14:00:00,253.06,258.52,257.28,254.49,550.06699973
2020-09-07 15:00:00,252.83,264.46,254.58,263.8,446.81201118
2020-09-07 16:00:00,262.53,268.82,264.14,264.98,1153.15612655
2020-09-07 17:00:00,263.43,265.83,264.33,264.13,147.08906004
2020-09-07 18:00:00,262.51,265.94,263.9,264.64,405.32289795
2020-09-07 19:00:00,262.49,266.94,264.75,263.27,398.90229465
2020-09-07 20:00:00,260.48,263.87,263.24,263.11,153.03341916
2020-09-07 21:00:00,262.0,265.52,263.36,262.84,247.09104215
2020-09-07 22:00:00,262.91,271.86,262.91,268.32,626.19442763
2020-09-07 23:00:00,267.52,270.09,268.63,269.53,235.04805656
2020-09-08 00:00:00,265.54,271.24,269.67,265.54,327.02765208
2020-09-08 01:00:00,265.0,268.57,265.98,265.41,84.50736805
2020-09-08 02:00:00,265.12,268.66,265.42,268.66,52.30971027
2020-09-08 03:00:00,265.95,269.65,269.1,266.61,40.53803476
2020-09-08 04:00:00,262.74,266.63,266.31,264.0,16.75793795
2020-09-08 05:00:00,262.62,264.7,263.88,262.75,169.48455944
2020-09-08 06:00:00,262.88,267.52,262.88,266.5,220.55623454
2020-09-08 07:00:00,264.21,267.05,267.0,264.77,441.89573637
2020-09-08 08:00:00,262.01,267.5,264.99,263.41,394.65628626
2020-09-08 09:00:00,258.72,264.21,262.91,258.8,931.699571
2020-09-08 10:00:00,257.16,260.65,258.37,259.73,572.93578127
2020-09-08 11:00:00,254.75,261.35,259.5,256.61,762.1007993
2020-09-08 12:00:00,255.5,262.7,256.35,259.23,906.0563863
2020-09-08 13:00:00,255.84,260.41,259.47,258.11,930.51856302
2020-09-08 14:00:00,257.39,265.04,257.66,263.32,580.56174436
2020-09-08 15:00:00,261.7,265.0,262.9,262.77,325.32008134
2020-09-08 16:00:00,262.49,264.57,262.49,264.41,201.0406909
2020-09-08 17:00:00,262.63,266.72,264.19,265.83,350.87840178
2020-09-08 18:00:00,256.83,265.6,265.6,258.17,727.48544924
2020-09-08 19:00:00,256.68,260.69,257.83,257.92,1028.16945913
2020-09-08 20:00:00,258.21,261.38,258.4,259.0,405.07156783
2020-09-08 21:00:00,257.72,261.86,258.92,261.86,229.74037033
2020-09-08 22:00:00,250.81,261.83,261.83,259.79,2264.43905278
2020-09-08 23:00:00,259.41,261.74,260.98,260.43,198.78205449
2020-09-09 00:00:00,259.5,264.11,260.43,262.26,124.97009196
2020-09-09 01:00:00,260.76,263.07,262.39,263.07,20.76664541
2020-09-09 02:00:00,257.44,262.7,262.7,257.56,290.32382686
2020-09-09 03:00:00,255.68,258.45,258.43,258.17,113.71476653
2020-09-09 04:00:00,257.23,260.5,258.32,259.6,76.62969467
2020-09-09 05:00:00,259.07,261.55,259.07,260.66,240.67993974
2020-09-09 06:00:00,258.93,261.59,260.49,261.59,247.18348021
2020-09-09 07:00:00,261.31,265.0,261.59,264.89,510.06531994
2020-09-09 08:00:00,263.5,265.79,265.0,263.87,360.53598594
2020-09-09 09:00:00,264.1,268.96,264.1,268.47,481.05099621
2020-09-09 10:00:00,266.58,269.0,268.74,268.32,221.3036756
2020-09-09 11:00:00,268.36,270.85,268.39,270.4,895.6311062
2020-09-09 12:00:00,267.76,271.59,270.47,268.66,668.31198367
2020-09-09 13:00:00,267.43,271.53,268.5,267.77,486.06374226
2020-09-09 14:00:00,267.0,271.05,267.91,271.05,479.90738332
2020-09-09 15:00:00,271.35,273.5,271.37,271.79,392.40383757
2020-09-09 16:00:00,269.22,273.06,272.05,270.93,391.1851181
2020-09-09 17:00:00,269.7,271.66,271.1,271.65,718.50582112
2020-09-09 18:00:00,270.95,277.0,271.44,276.8,539.50010832
2020-09-09 19:00:00,274.31,277.15,276.79,274.67,652.54632851
2020-09-09 20:00:00,272.2,275.51,275.05,272.54,710.21221996
2020-09-09 21:00:00,271.14,274.6,272.14,272.88,353.22884544
2020-09-09 22:00:00,272.3,274.91,272.51,274.73,290.27323284
2020-09-09 23:00:00,270.25,275.4,274.22,270.25,254.51875076
2020-09-10 00:00:00,270.71,276.59,270.71,274.39,101.25947542
2020-09-10 01:00:00,273.25,284.98,273.25,283.82,559.40741167
2020-09-10 02:00:00,282.54,286.08,282.79,282.99,377.61424342
2020-09-10 03:00:00,282.64,285.62,283.42,285.62,67.41363024
2020-09-10 04:00:00,283.8,289.02,285.38,287.62,270.91365239
2020-09-10 05:00:00,285.4,288.04,287.55,285.4,303.52169757
2020-09-10 06:00:00,283.17,287.31,285.53,283.44,414.65042892
2020-09-10 07:00:00,279.0,284.59,283.27,280.63,358.75459577
2020-09-10 08:00:00,279.0,282.41,279.88,280.58,525.7518838
2020-09-10 09:00:00,278.54,281.94,280.48,280.85,577.68066249
2020-09-10 10:00:00,279.61,283.66,280.85,280.27,438.91830058
2020-09-10 11:00:00,279.99,284.98,279.99,281.87,847.3931243
2020-09-10 12:00:00,282.6,288.59,282.61,287.84,837.31358521
2020-09-10 13:00:00,286.27,291.84,287.95,291.51,1006.66584194
2020-09-10 14:00:00,286.08,292.51,292.0,286.34,811.48656154
2020-09-10 15:00:00,285.44,289.74,286.33,289.64,612.30308618
2020-09-10 16:00:00,286.06,290.81,289.68,286.78,425.42080031
2020-09-10 17:00:00,285.67,288.59,286.98,287.66,324.22960926
2020-09-10 18:00:00,283.56,288.98,287.24,284.93,456.27001933
2020-09-10 19:00:00,283.63,286.52,285.32,285.06,548.78481957
2020-09-10 20:00:00,284.51,288.39,284.62,286.33,204.36570818
2020-09-10 21:00:00,284.83,288.72,286.2,287.7,635.40533789
2020-09-10 22:00:00,286.7,288.96,287.44,288.6,127.55898462
2020-09-10 23:00:00,286.69,288.56,288.56,288.22,116.00296067
2020-09-11 00:00:00,288.49,290.92,288.49,289.19,532.91333283
2020-09-11 01:00:00,285.78,289.21,289.21,286.47,46.6428314
2020-09-11 02:00:00,284.0,286.53,286.53,284.48,183.01054019
2020-09-11 03:00:00,278.22,284.8,284.65,278.47,483.46047888
2020-09-11 04:00:00,278.27,281.99,278.27,279.51,495.28549139
2020-09-11 05:00:00,279.51,283.58,279.51,283.02,262.04577877
2020-09-11 06:00:00,282.23,284.86,283.02,283.55,338.5358413
2020-09-11 07:00:00,282.83,284.91,283.75,283.49,311.31643765
2020-09-11 08:00:00,283.48,287.82,283.48,286.49,267.68838108
2020-09-11 09:00:00,286.49,289.2,286.49,288.31,296.42153421
2020-09-11 10:00:00,285.01,288.77,288.72,285.69,124.41031171
2020-09-11 11:00:00,282.84,286.85,285.88,283.59,587.50379523
2020-09-11 12:00:00,283.25,286.26,283.88,285.88,174.80696254
2020-09-11 13:00:00,285.02,289.0,286.24,286.26,203.92012876
2020-09-11 14:00:00,284.97,287.8,285.73,287.32,160.24711041
2020-09-11 15:00:00,287.43,290.19,287.63,290.09,553.0676396
2020-09-11 16:00:00,287.15,291.9,289.74,287.82,270.88452674
2020-09-11 17:00:00,286.11,288.53,288.29,287.39,106.44389442
2020-09-11 18:00:00,287.12,288.96,287.48,288.77,121.40415351
2020-09-11 19:00:00,286.93,289.44,288.3,289.06,228.25598601
2020-09-11 20:00:00,288.11,290.02,289.32,288.88,334.32196393
2020-09-11 21:00:00,288.68,290.18,288.97,289.69,197.12954081
2020-09-11 22:00:00,290.14,293.73,290.14,292.98,335.2103866
2020-09-11 23:00:00,291.7,293.48,292.97,292.9,241.76131357
2020-09-12 00:00:00,289.65,293.07,292.83,290.89,166.65514595
2020-09-12 01:00:00,290.69,292.21,291.26,291.91,8.52989893
2020-09-12 02:00:00,288.11,291.91,291.63,289.47,87.72272745
2020-09-12 03:00:00,288.9,290.03,289.35,288.9,26.11385035
2020-09-12 04:00:00,289.19,290.67,289.23,290.35,8.60229462
2020-09-12 05:00:00,290.18,291.36,290.35,290.18,176.13021006
2020-09-12 06:00:00,286.88,290.2,290.2,287.32,248.33036933
2020-09-12 07:00:00,286.37,289.13,287.08,287.94,164.60769817
2020-09-12 08:00:00,287.11,288.54,287.88,287.89,98.84604005
2020-09-12 09:00:00,287.83,289.97,287.95,289.81,172.7811204
2020-09-12 10:00:00,288.78,290.63,289.63,288.88,279.28838677
2020-09-12 11:00:00,288.47,291.81,288.8,290.43,222.11187917
2020-09-12 12:00:00,288.46,290.58,290.58,289.0,187.12427706
2020-09-12 13:00:00,287.01,289.71,288.93,288.67,192.52926254
2020-09-12 14:00:00,287.79,292.25,287.85,292.25,586.03750024
2020-09-12 15:00:00,291.02,293.82,292.25,292.46,253.00055172
2020-09-12 16:00:00,291.66,292.82,292.82,292.07,166.87729609
2020-09-12 17:00:00,291.58,293.13,291.92,292.92,172.80693941
2020-09-12 18:00:00,293.13,301.2,293.13,299.89,763.37723328
2020-09-12 19:00:00,299.28,301.65,301.01,301.52,466.35122801
2020-09-12 20:00:00,299.7,303.03,301.67,300.21,336.01434039
2020-09-12 21:00:00,299.73,301.71,300.2,300.81,145.93074818
2020-09-12 22:00:00,299.38,301.75,301.01,301.48,246.74235013
2020-09-12 23:00:00,300.61,304.02,301.74,303.82,99.05557049
2020-09-13 00:00:00,300.33,303.75,303.75,301.17,78.82700957
2020-09-13 01:00:00,299.92,301.83,301.15,300.57,55.4390653
2020-09-13 02:00:00,300.24,302.63,300.79,302.02,42.28629831
2020-09-13 03:00:00,301.77,304.89,301.77,304.89,79.83035205
2020-09-13 04:00:00,302.39,305.67,304.98,302.52,133.20120328
2020-09-13 05:00:00,302.37,304.59,303.6,304.59,97.53545654
2020-09-13 06:00:00,302.5,304.57,304.54,302.95,109.739975
2020-09-13 07:00:00,302.67,304.27,302.68,303.24,164.47935823
2020-09-13 08:00:00,301.18,304.79,303.44,302.75,177.07392321
2020-09-13 09:00:00,299.15,303.49,302.75,299.57,407.02283354
2020-09-13 10:00:00,295.0,299.35,299.35,296.24,602.90119647
2020-09-13 11:00:00,290.62,297.62,296.02,291.72,686.3789979
2020-09-13 12:00:00,286.78,291.95,291.45,286.78,824.87791719
2020-09-13 13:00:00,285.0,289.43,286.61,288.85,1002.66563685
2020-09-13 14:00:00,286.36,289.57,287.88,288.3,377.41971811
2020-09-13 15:00:00,282.12,288.51,287.55,282.12,1049.58319845
2020-09-13 16:00:00,277.45,282.02,281.88,279.9,1306.42940492
2020-09-13 17:00:00,277.19,281.72,279.46,281.42,589.79622678
2020-09-13 18:00:00,278.85,281.84,281.09,280.78,467.79255455
2020-09-13 19:00:00,280.35,285.44,280.78,285.15,843.93226722
2020-09-13 20:00:00,281.94,285.37,284.8,284.66,906.3172153
2020-09-13 21:00:00,283.38,286.13,284.33,284.42,342.57979789
2020-09-13 22:00:00,284.17,286.52,285.07,285.48,141.93135858
2020-09-13 23:00:00,284.8,287.28,285.22,286.46,164.48022879
2020-09-14 00:00:00,279.22,285.95,285.89,280.78,154.87997718
2020-09-14 01:00:00,281.17,285.32,281.35,285.32,80.35653202
2020-09-14 02:00:00,284.91,287.32,284.91,286.98,125.00460299
2020-09-14 03:00:00,284.95,287.03,286.54,284.95,60.16749724
2020-09-14 04:00:00,283.63,285.71,284.87,285.71,30.75592763
2020-09-14 05:00:00,283.92,286.54,286.22,285.6,93.94883935
2020-09-14 06:00:00,286.0,289.02,286.0,287.57,162.97568762
2020-09-14 07:00:00,286.48,288.71,286.48,288.7,102.08196326
2020-09-14 08:00:00,283.67,288.79,288.7,284.18,377.24174267
2020-09-14 09:00:00,282.51,285.34,284.11,285.34,346.76831921
2020-09-14 10:00:00,284.63,287.29,285.51,285.92,227.4627414
2020-09-14 11:00:00,284.94,287.41,285.86,287.25,276.35295857
2020-09-14 12:00:00,286.0,288.0,287.51,287.83,239.74722122
2020-09-14 13:00:00,288.0,292.43,288.0,291.52,1201.91847364
2020-09-14 14:00:00,290.53,292.91,291.73,291.22,262.57543307
2020-09-14 15:00:00,290.9,298.9,290.9,298.53,1165.58698292
2020-09-14 16:00:00,292.98,299.15,299.0,296.22,773.62039749
2020-09-14 17:00:00,292.94,297.06,296.23,294.69,258.60501693
2020-09-14 18:00:00,290.79,294.91,294.78,293.36,193.16268731
2020-09-14 19:00:00,291.09,293.77,293.2,292.19,364.76175123
2020-09-14 20:00:00,291.59,294.8,292.1,293.52,116.44846576
2020-09-14 21:00:00,292.98,295.88,293.71,295.88,221.40162963
2020-09-14 22:00:00,289.75,296.42,295.85,290.45,379.43726157
2020-09-14 23:00:00,289.86,295.01,290.45,294.07,119.73817913
2020-09-15 00:00:00,292.78,295.94,294.58,294.52,88.79044649
2020-09-15 01:00:00,292.72,294.23,294.23,293.52,73.48289304
2020-09-15 02:00:00,293.16,298.28,293.28,295.02,126.59174552
2020-09-15 03:00:00,292.47,295.46,295.08,292.47,61.29690724
2020-09-15 04:00:00,291.47,293.75,292.66,291.98,241.77364207
2020-09-15 05:00:00,290.45,293.24,292.67,290.45,142.7124934
2020-09-15 06:00:00,290.34,292.58,290.57,291.86,166.4621572
2020-09-15 07:00:00,291.58,293.75,292.08,292.57,619.49381176
2020-09-15 08:00:00,287.31,293.38,292.88,288.01,664.40279334
2020-09-15 09:00:00,286.31,289.78,287.66,289.12,247.69128219
2020-09-15 10:00:00,288.09,294.68,289.12,293.7,238.7994521
2020-09-15 11:00:00,291.14,294.04,293.71,293.06,463.90086224
2020-09-15 12:00:00,291.73,294.21,292.86,293.27,208.26822511
2020-09-15 13:00:00,287.27,293.2,293.2,287.27,615.98347376
2020-09-15 14:00:00,282.9,289.37,287.75,284.07,926.30681476
2020-09-15 15:00:00,283.43,286.23,283.95,285.4,626.77977383
2020-09-15 16:00:00,282.76,286.76,285.27,286.09,520.46322796
2020-09-15 17:00:00,284.58,287.04,286.09,286.21,248.67342297
2020-09-15 18:00:00,283.0,287.01,286.21,283.0,148.16312713
2020-09-15 19:00:00,282.01,284.16,283.02,283.73,191.31756955
2020-09-15 20:00:00,283.03,285.48,283.73,284.55,208.55332639
2020-09-15 21:00:00,283.14,286.64,284.31,286.12,297.57154663
2020-09-15 22:00:00,283.54,286.04,286.04,283.96,136.53496349
2020-09-15 23:00:00,282.54,283.95,283.67,283.57,94.52027267
2020-09-16 00:00:00,276.45,282.81,282.81,277.79,661.22751436
2020-09-16 01:00:00,276.55,279.75,277.81,279.75,67.49627534
2020-09-16 02:00:00,277.19,279.61,279.61,278.95,46.85363673
2020-09-16 03:00:00,277.33,279.54,279.08,279.01,39.5810824
2020-09-16 04:00:00,279.0,281.56,279.01,281.27,296.38848785
2020-09-16 05:00:00,281.29,282.16,281.3,281.43,42.46489397
2020-09-16 06:00:00,280.49,283.87,281.5,283.19,67.09900549
2020-09-16 07:00:00,282.32,284.51,282.87,284.27,124.69118037
2020-09-16 08:00:00,282.0,284.45,284.0,282.33,131.45538381
2020-09-16 09:00:00,281.89,283.04,282.4,281.89,89.94104972
2020-09-16 10:00:00,279.08,282.71,282.22,279.56,228.53780419
2020-09-16 11:00:00,279.72,281.93,279.94,281.74,378.21006048
2020-09-16 12:00:00,280.32,284.15,281.7,283.82,366.97289928
2020-09-16 13:00:00,282.79,286.0,283.47,284.23,276.26151038
2020-09-16 14:00:00,281.99,284.87,284.11,282.62,99.95812778
2020-09-16 15:00:00,283.03,287.0,283.03,287.0,225.45810308
2020-09-16 16:00:00,285.08,288.29,287.33,286.19,247.75132388
2020-09-16 17:00:00,283.78,286.34,286.34,285.79,102.73565229
2020-09-16 18:00:00,281.85,285.83,285.03,283.41,387.6730135
2020-09-16 19:00:00,282.37,284.32,283.81,282.82,195.10946413
2020-09-16 20:00:00,281.22,283.99,282.9,282.85,383.53609189
2020-09-16 21:00:00,281.83,283.9,282.5,283.46,186.84741996
2020-09-16 22:00:00,282.13,284.93,283.25,284.38,219.05705626
2020-09-16 23:00:00,281.59,285.25,284.92,281.59,490.18971082
2020-09-17 00:00:00,281.39,294.77,281.39,293.83,1182.50977484
2020-09-17 01:00:00,293.41,297.5,294.3,293.41,447.25904368
2020-09-17 02:00:00,292.5,296.35,293.3,295.29,149.94034376
2020-09-17 03:00:00,292.18,295.73,295.5,292.18,51.25174736
2020-09-17 04:00:00,292.23,294.7,293.78,293.59,121.24721898
2020-09-17 05:00:00,293.43,295.6,293.43,294.28,122.0528417
2020-09-17 06:00:00,292.88,295.09,294.53,293.48,417.03577064
2020-09-17 07:00:00,293.39,296.0,293.76,294.17,320.62761384
2020-09-17 08:00:00,292.51,295.36,294.44,292.99,382.71726758
2020-09-17 09:00:00,290.77,293.32,292.66,292.31,277.48807017
2020-09-17 10:00:00,289.63,293.84,292.26,293.22,926.36315818
2020-09-17 11:00:00,292.9,297.95,293.4,297.19,740.48037758
2020-09-17 12:00:00,293.3,297.99,297.16,293.69,304.32571274
2020-09-17 13:00:00,292.67,295.28,294.59,294.75,570.72822593
2020-09-17 14:00:00,291.86,295.73,294.53,294.54,508.15337302
2020-09-17 15:00:00,293.8,296.06,294.76,294.21,247.64225214
2020-09-17 16:00:00,293.09,295.05,294.39,295.05,242.16847757
2020-09-17 17:00:00,294.65,296.59,294.96,295.42,394.44820706
2020-09-17 18:00:00,295.33,300.5,295.35,299.0,895.86127905
2020-09-17 19:00:00,298.4,301.28,299.0,301.28,968.18693027
2020-09-17 20:00:00,300.94,303.85,301.28,302.33,1058.23187153
2020-09-17 21:00:00,302.36,304.0,302.94,302.76,436.3649693
2020-09-17 22:00:00,298.5,303.11,302.65,298.81,465.42034859
2020-09-17 23:00:00,298.72,301.0,298.72,300.42,131.63623362
2020-09-18 00:00:00,298.01,302.84,300.26,298.39,135.3906623
2020-09-18 01:00:00,296.69,299.18,299.01,298.72,205.68703996
2020-09-18 02:00:00,298.61,300.2,298.61,299.86,23.56244513
2020-09-18 03:00:00,298.69,299.77,299.64,298.69,14.65089982
2020-09-18 04:00:00,295.81,298.06,298.06,296.56,68.87287181
2020-09-18 05:00:00,295.67,297.36,296.47,297.36,113.9145423
2020-09-18 06:00:00,296.45,300.22,297.45,299.84,94.47549041
2020-09-18 07:00:00,297.33,299.67,299.67,297.91,150.52462317
2020-09-18 08:00:00,297.18,299.5,298.53,298.67,268.7108731
2020-09-18 09:00:00,298.25,299.8,298.66,299.58,248.10308363
2020-09-18 10:00:00,296.16,299.74,299.36,297.37,443.86817701
2020-09-18 11:00:00,297.21,298.7,297.34,297.62,183.53270234
2020-09-18 12:00:00,297.51,298.96,298.03,298.92,211.43417521
2020-09-18 13:00:00,296.12,299.19,298.87,296.75,305.45783658
2020-09-18 14:00:00,296.6,298.25,296.81,297.64,223.00869423
2020-09-18 15:00:00,294.0,297.97,297.97,295.76,322.58476641
2020-09-18 16:00:00,294.5,297.25,295.81,296.19,317.83601035
2020-09-18 17:00:00,291.24,297.41,295.79,291.93,494.87589231
2020-09-18 18:00:00,291.26,294.12,291.97,293.78,354.51159573
2020-09-18 19:00:00,292.71,294.7,294.02,294.08,317.81706171
2020-09-18 20:00:00,293.37,296.52,293.94,295.0,217.54805811
2020-09-18 21:00:00,294.64,296.76,295.0,296.5,358.6505999
2020-09-18 22:00:00,296.07,298.4,296.49,297.69,234.72938711
2020-09-18 23:00:00,294.58,298.41,297.79,297.78,287.65312226
2020-09-19 00:00:00,296.61,298.4,297.78,297.19,93.21420033
2020-09-19 01:00:00,295.21,296.98,296.68,296.2,50.1364129
2020-09-19 02:00:00,296.06,297.67,296.06,297.67,8.15355526
2020-09-19 03:00:00,295.95,297.33,297.33,296.33,17.81359913
2020-09-19 04:00:00,295.29,296.44,295.96,296.44,1.63303893
2020-09-19 05:00:00,293.31,296.17,296.09,293.52,26.9608378
2020-09-19 06:00:00,293.52,295.47,294.27,295.47,25.99552323
2020-09-19 07:00:00,293.36,295.54,295.54,293.4,84.53800095
2020-09-19 08:00:00,292.71,294.52,293.68,294.51,104.28705199
2020-09-19 09:00:00,294.05,295.4,294.54,294.77,151.59617067
2020-09-19 10:00:00,294.15,295.5,294.48,295.5,189.39347607
2020-09-19 11:00:00,295.33,300.0,295.5,300.0,335.74888203
2020-09-19 12:00:00,297.22,300.31,300.0,298.51,166.41993101
2020-09-19 13:00:00,297.74,299.58,298.45,298.84,120.7450306
2020-09-19 14:00:00,298.17,299.55,298.78,298.98,322.72263727
2020-09-19 15:00:00,297.69,299.33,298.83,298.41,81.2564525
2020-09-19 16:00:00,297.61,299.0,298.41,298.2,100.25872333
2020-09-19 17:00:00,298.38,299.77,298.64,298.76,72.97451493
2020-09-19 18:00:00,296.11,299.14,298.75,297.22,269.22273983
2020-09-19 19:00:00,296.51,298.51,297.37,297.94,80.25864919
2020-09-19 20:00:00,297.36,299.6,298.21,299.49,178.77358525
2020-09-19 21:00:00,297.85,299.31,299.27,299.29,96.00550037
2020-09-19 22:00:00,297.44,298.85,298.85,298.47,44.9792285
2020-09-19 23:00:00,297.18,299.15,297.72,298.6,83.72837615
2020-09-20 00:00:00,297.05,298.51,298.45,297.05,50.50663481
2020-09-20 01:00:00,294.41,296.61,296.1,294.41,83.76070701
2020-09-20 02:00:00,294.8,296.18,294.81,294.87,50.29355321
2020-09-20 03:00:00,294.64,296.05,294.9,294.64,55.83221889
2020-09-20 04:00:00,295.12,296.02,295.59,295.12,8.1983815
2020-09-20 05:00:00,294.61,295.73,295.12,294.97,66.95139717
2020-09-20 06:00:00,294.53,295.4,294.81,295.13,35.59980074
2020-09-20 07:00:00,295.25,296.0,295.4,295.6,33.07843825
2020-09-20 08:00:00,294.0,296.57,295.59,294.0,249.00577266
2020-09-20 09:00:00,293.07,295.32,294.66,294.95,193.27414736
2020-09-20 10:00:00,293.94,295.8,295.18,295.5,116.87069948
2020-09-20 11:00:00,294.5,295.8,295.45,294.69,148.79325781
2020-09-20 12:00:00,288.0,294.85,294.5,288.8,1193.37356497
2020-09-20 13:00:00,287.94,290.7,289.16,290.04,202.0825985
2020-09-20 14:00:00,288.84,290.23,289.8,289.09,103.0982175
2020-09-20 15:00:00,286.78,289.76,289.09,286.78,355.2004422
2020-09-20 16:00:00,283.51,287.7,287.12,287.26,783.98666774
2020-09-20 17:00:00,287.23,289.51,287.33,289.39,276.10387825
2020-09-20 18:00:00,287.24,289.39,289.12,288.45,290.16472432
2020-09-20 19:00:00,286.3,289.33,288.98,287.32,272.56197097
2020-09-20 20:00:00,285.26,287.61,287.61,285.73,123.10825257
2020-09-20 21:00:00,284.1,287.41,285.95,287.03,187.69061226
2020-09-20 22:00:00,283.65,287.33,287.33,286.34,162.01722783
2020-09-20 23:00:00,286.43,288.43,286.43,287.15,103.09746417
2020-09-21 00:00:00,285.78,291.47,286.68,291.17,273.71813309
2020-09-21 01:00:00,288.97,290.65,290.65,289.8,59.25169659
2020-09-21 02:00:00,288.73,289.79,289.5,288.73,9.88690031
2020-09-21 03:00:00,288.65,289.77,288.75,289.77,12.22474943
2020-09-21 04:00:00,289.14,290.1,289.74,289.14,9.40613904
2020-09-21 05:00:00,288.76,289.8,288.9,289.67,14.3884386
2020-09-21 06:00:00,288.64,290.56,290.05,288.76,26.29346494
2020-09-21 07:00:00,286.8,289.41,289.37,287.15,154.22512164
2020-09-21 08:00:00,285.26,288.06,287.29,287.31,223.03905035
2020-09-21 09:00:00,279.0,287.2,287.16,279.94,1048.12723291
2020-09-21 10:00:00,275.53,280.37,279.79,276.61,1153.18679534
2020-09-21 11:00:00,271.83,278.21,276.4,273.55,996.90068748
2020-09-21 12:00:00,264.02,273.56,273.56,268.84,1661.61729082
2020-09-21 13:00:00,268.3,272.49,268.62,269.82,830.80081167
2020-09-21 14:00:00,258.23,270.59,270.59,264.4,1607.701427
2020-09-21 15:00:00,263.34,266.96,264.39,265.96,661.37305727
2020-09-21 16:00:00,263.03,268.16,265.88,265.45,620.5931701
2020-09-21 17:00:00,265.0,269.38,265.37,267.0,703.24084501
2020-09-21 18:00:00,265.42,268.1,267.0,268.04,415.69077934
2020-09-21 19:00:00,268.07,270.59,268.41,269.85,565.36144675
2020-09-21 20:00:00,268.53,273.02,270.02,270.61,747.2025073
2020-09-21 21:00:00,270.4,273.15,270.87,272.26,268.52164753
2020-09-21 22:00:00,269.08,272.36,272.07,269.52,272.6930079
2020-09-21 23:00:00,265.8,269.42,269.08,266.11,232.9182287
2020-09-22 00:00:00,264.41,269.75,265.65,268.12,1227.63704115
2020-09-22 01:00:00,266.05,268.59,267.74,268.59,75.9834389
2020-09-22 02:00:00,267.14,269.5,268.22,269.5,135.23421127
2020-09-22 03:00:00,267.31,269.66,269.66,268.57,208.60492786
2020-09-22 04:00:00,268.5,270.56,268.74,269.24,34.24839162
2020-09-22 05:00:00,268.56,270.32,269.26,270.32,54.27044971
2020-09-22 06:00:00,267.52,271.08,270.38,268.01,79.64905361
2020-09-22 07:00:00,263.65,269.07,269.07,264.27,468.51263815
2020-09-22 08:00:00,264.1,267.7,264.42,267.7,728.52488809
2020-09-22 09:00:00,265.86,267.8,267.1,266.33,244.65387396
2020-09-22 10:00:00,265.55,267.66,266.63,265.59,416.88630166
2020-09-22 11:00:00,265.22,266.98,266.02,265.56,319.82239775
2020-09-22 12:00:00,263.64,267.94,265.04,266.56,619.44482568
2020-09-22 13:00:00,267.47,269.26,267.94,267.51,376.05875237
2020-09-22 14:00:00,267.26,269.81,267.55,267.33,469.35744529
2020-09-22 15:00:00,266.44,269.37,266.51,269.21,229.2894363
2020-09-22 16:00:00,268.27,270.24,269.01,268.45,158.27465532
2020-09-22 17:00:00,268.25,270.48,268.81,270.48,335.56716326
2020-09-22 18:00:00,268.81,270.95,270.45,269.81,1052.04701011
2020-09-22 19:00:00,269.12,270.7,269.7,270.49,229.75854097
2020-09-22 20:00:00,269.96,271.73,270.44,271.43,144.57132471
2020-09-22 21:00:00,268.25,272.67,271.15,272.39,353.93510233
2020-09-22 22:00:00,270.14,271.96,271.63,270.33,57.04246049
2020-09-22 23:00:00,269.6,270.82,270.22,270.6,66.20865507
2020-09-23 00:00:00,269.61,270.72,270.23,270.01,20.1572672
2020-09-23 01:00:00,269.82,270.59,270.21,270.41,34.28922842
2020-09-23 02:00:00,269.97,271.16,270.82,270.63,53.91636507
2020-09-23 03:00:00,268.87,269.73,269.67,268.87,85.89493365
2020-09-23 04:00:00,267.34,269.05,268.61,267.5,78.96142625
2020-09-23 05:00:00,266.57,269.15,267.34,267.89,37.34326637
2020-09-23 06:00:00,266.72,268.13,268.12,266.72,200.57647357
2020-09-23 07:00:00,263.14,267.14,266.72,264.66,466.90879782
2020-09-23 08:00:00,263.73,266.34,264.81,265.41,220.65848331
2020-09-23 09:00:00,264.89,266.61,265.42,266.56,346.43095265
2020-09-23 10:00:00,265.36,266.86,266.34,266.86,462.89306853
2020-09-23 11:00:00,266.09,267.71,266.5,266.43,168.44818549
2020-09-23 12:00:00,265.62,268.45,265.92,267.52,614.21473751
2020-09-23 13:00:00,266.95,269.47,267.56,267.77,177.19738054
2020-09-23 14:00:00,265.86,268.1,267.77,266.18,287.39032331
2020-09-23 15:00:00,265.61,267.0,266.41,265.85,685.10012418
2020-09-23 16:00:00,265.5,266.87,265.61,266.79,374.43853236
2020-09-23 17:00:00,265.53,268.2,266.38,265.53,439.21257489
2020-09-23 18:00:00,263.62,265.97,265.71,263.88,189.57500156
2020-09-23 19:00:00,256.69,264.25,264.17,257.57,1657.13333665
2020-09-23 20:00:00,246.26,259.07,258.25,253.9,2772.33747854
2020-09-23 21:00:00,252.22,256.82,253.97,253.68,1001.35372512
2020-09-23 22:00:00,252.33,255.19,253.82,254.46,809.14252554
2020-09-23 23:00:00,250.63,254.27,254.0,252.54,587.80749661
2020-09-24 00:00:00,249.52,254.42,252.17,253.59,231.1163174
2020-09-24 01:00:00,254.07,255.46,254.07,254.51,40.20764243
2020-09-24 02:00:00,254.43,256.44,254.43,255.22,57.36431556
2020-09-24 03:00:00,255.08,256.29,255.08,256.29,79.5002416
2020-09-24 04:00:00,255.26,256.86,256.68,255.41,32.1755152
2020-09-24 05:00:00,255.37,256.58,255.61,256.11,74.76738752
2020-09-24 06:00:00,255.45,257.32,256.49,255.59,179.03811924
2020-09-24 07:00:00,255.59,258.48,255.75,258.48,367.1499705
2020-09-24 08:00:00,256.32,258.2,257.82,256.74,280.55283555
2020-09-24 09:00:00,255.58,259.23,256.74,258.36,259.48879431
2020-09-24 10:00:00,257.55,262.25,258.56,261.64,383.69227332
2020-09-24 11:00:00,260.95,267.82,261.64,266.45,746.45896906
2020-09-24 12:00:00,262.44,266.58,266.4,262.85,712.30710655
2020-09-24 13:00:00,261.51,264.89,263.25,264.62,415.36132658
2020-09-24 14:00:00,264.02,266.3,264.82,265.73,448.4905415
2020-09-24 15:00:00,265.12,270.78,265.72,270.57,730.69860848
2020-09-24 16:00:00,269.42,274.0,270.99,272.13,755.11185891
2020-09-24 17:00:00,270.69,273.12,272.33,271.66,371.75512954
2020-09-24 18:00:00,270.31,273.2,271.79,270.4,192.01812838
2020-09-24 19:00:00,269.76,271.92,270.32,271.74,122.80727349
2020-09-24 20:00:00,271.43,272.95,271.83,271.53,303.32281167
2020-09-24 21:00:00,270.43,272.45,271.53,271.52,189.20123147
2020-09-24 22:00:00,271.0,277.0,271.19,275.7,571.48410195
2020-09-24 23:00:00,273.48,275.65,275.65,273.87,128.78517284
2020-09-25 00:00:00,272.11,274.81,274.81,273.06,39.56028758
2020-09-25 01:00:00,271.61,273.52,272.79,271.83,92.14805548
2020-09-25 02:00:00,271.68,272.66,271.74,272.22,18.62313584
2020-09-25 03:00:00,270.66,273.0,272.45,270.66,21.44295341
2020-09-25 04:00:00,270.5,271.63,271.27,270.5,29.68213561
2020-09-25 05:00:00,267.5,270.13,270.06,267.98,348.4917067
2020-09-25 06:00:00,266.81,270.18,267.99,269.67,261.38772492
2020-09-25 07:00:00,268.29,269.92,269.5,268.7,251.4697351
2020-09-25 08:00:00,264.9,268.29,268.29,265.8,522.7326744
2020-09-25 09:00:00,265.5,267.78,266.0,267.49,228.29168347
2020-09-25 10:00:00,267.27,269.99,267.32,268.32,244.14818282
2020-09-25 11:00:00,267.32,271.05,268.22,270.23,277.21514732
2020-09-25 12:00:00,269.85,274.09,270.22,271.3,278.40800892
2020-09-25 13:00:00,270.0,272.26,271.51,271.1,307.19952889
2020-09-25 14:00:00,268.83,272.45,270.98,272.41,270.43405608
2020-09-25 15:00:00,271.38,274.09,272.47,274.09,295.81337953
2020-09-25 16:00:00,272.3,274.5,274.09,273.25,229.14667112
2020-09-25 17:00:00,272.84,276.0,273.25,275.69,223.3936297
2020-09-25 18:00:00,275.68,279.86,275.68,278.77,392.51911637
2020-09-25 19:00:00,277.35,279.44,278.8,278.21,245.79157983
2020-09-25 20:00:00,278.48,281.22,278.69,278.55,419.49556063
2020-09-25 21:00:00,277.6,280.72,278.55,280.72,490.12521993
2020-09-25 22:00:00,276.68,281.07,281.07,276.69,121.02743882
2020-09-25 23:00:00,275.38,277.33,277.0,276.89,254.48955138
2020-09-26 00:00:00,275.36,277.98,276.75,275.61,154.9031121
2020-09-26 01:00:00,275.0,277.2,275.17,275.59,23.21198527
2020-09-26 02:00:00,275.44,276.78,275.44,276.62,2.4938996
2020-09-26 03:00:00,275.45,277.24,276.46,275.78,7.78929908
2020-09-26 04:00:00,274.79,276.79,275.34,276.49,22.50029329
2020-09-26 05:00:00,276.62,279.91,276.85,277.97,94.69156175
2020-09-26 06:00:00,277.79,279.47,277.98,277.79,103.11545279
2020-09-26 07:00:00,275.2,278.44,277.71,275.58,91.33472963
2020-09-26 08:00:00,274.81,276.36,275.19,275.22,73.44159274
2020-09-26 09:00:00,274.48,277.6,275.34,275.85,161.71042364
2020-09-26 10:00:00,273.58,276.48,275.61,275.24,189.63449472
2020-09-26 11:00:00,275.1,276.73,275.1,275.4,192.54727578
2020-09-26 12:00:00,274.32,275.83,275.67,274.82,145.83756767
2020-09-26 13:00:00,273.12,274.99,274.43,273.12,327.50421217
2020-09-26 14:00:00,272.12,278.2,273.25,276.43,350.71731461
2020-09-26 15:00:00,276.82,279.07,276.89,277.35,331.99664048
2020-09-26 16:00:00,275.3,279.03,277.01,278.99,209.92064353
2020-09-26 17:00:00,277.74,279.36,278.92,279.36,165.3537895
2020-09-26 18:00:00,277.2,279.62,279.47,277.73,348.64643001
2020-09-26 19:00:00,276.46,277.85,277.85,277.31,149.65869816
2020-09-26 20:00:00,276.76,278.2,277.11,278.13,79.9833849
2020-09-26 21:00:00,277.0,279.35,278.13,277.0,316.57143362
2020-09-26 22:00:00,276.05,278.53,276.9,277.62,207.8551271
2020-09-26 23:00:00,277.83,279.32,277.83,278.61,115.40919373
2020-09-27 00:00:00,277.92,282.72,278.45,282.57,227.66085816
2020-09-27 01:00:00,281.84,284.0,282.88,283.09,313.87412957
2020-09-27 02:00:00,281.41,282.65,282.01,282.64,89.3952782
2020-09-27 03:00:00,281.9,283.14,282.45,282.72,20.95812438
2020-09-27 04:00:00,282.42,284.24,282.42,282.51,18.5668039
2020-09-27 05:00:00,282.51,284.4,282.87,283.1,42.18159318
2020-09-27 06:00:00,277.53,283.13,283.06,277.53,575.90080688
2020-09-27 07:00:00,278.0,279.2,278.0,278.34,100.99166293
2020-09-27 08:00:00,275.55,278.08,278.08,276.95,277.4083153
2020-09-27 09:00:00,275.39,277.17,277.17,275.39,185.78157399
2020-09-27 10:00:00,275.29,277.64,275.8,277.42,150.7321534
2020-09-27 11:00:00,274.25,277.21,277.13,274.31,83.60572998
2020-09-27 12:00:00,272.84,277.06,274.23,276.69,467.57270776
2020-09-27 13:00:00,275.97,277.22,276.69,276.85,128.40500586
2020-09-27 14:00:00,275.49,277.53,276.68,276.02,319.91073183
2020-09-27 15:00:00,274.37,279.75,275.91,279.12,123.8005435
2020-09-27 16:00:00,277.18,280.0,279.19,277.76,142.29269698
2020-09-27 17:00:00,276.63,278.16,277.54,276.82,111.23834988
2020-09-27 18:00:00,276.36,277.96,276.94,276.38,132.83704984
2020-09-27 19:00:00,275.77,277.96,276.49,277.96,158.74300048
2020-09-27 20:00:00,276.86,277.9,277.49,277.2,90.14802405
2020-09-27 21:00:00,276.26,277.8,277.2,277.08,169.82869292
2020-09-27 22:00:00,277.03,279.02,277.3,278.19,133.22955277
2020-09-27 23:00:00,277.57,280.41,278.5,280.36,143.53595664
2020-09-28 00:00:00,279.99,282.44,280.11,280.57,215.18428472
2020-09-28 01:00:00,280.54,281.96,280.54,281.96,23.83419752
2020-09-28 02:00:00,280.4,281.84,281.84,280.79,35.76916558
2020-09-28 03:00:00,279.33,280.86,280.86,280.4,144.79200923
2020-09-28 04:00:00,279.93,281.29,280.56,281.29,20.0932213
2020-09-28 05:00:00,279.71,281.92,280.84,280.03,30.58138862
2020-09-28 06:00:00,278.85,280.49,280.04,278.85,328.79161722
2020-09-28 07:00:00,278.0,280.2,278.6,279.56,90.60028066
2020-09-28 08:00:00,278.25,280.63,279.27,279.28,101.37474718
2020-09-28 09:00:00,278.3,280.06,278.84,278.31,134.84784209
2020-09-28 10:00:00,278.0,278.88,278.3,278.86,226.30476724
2020-09-28 11:00:00,276.72,279.5,279.0,277.71,649.32406264
2020-09-28 12:00:00,277.13,285.0,277.67,283.57,823.89063116
2020-09-28 13:00:00,282.09,284.43,283.62,282.62,943.73187347
2020-09-28 14:00:00,282.14,283.25,282.17,282.34,260.75498986
2020-09-28 15:00:00,282.69,284.48,283.11,284.32,271.65828617
2020-09-28 16:00:00,283.29,284.77,283.96,283.89,402.35132682
2020-09-28 17:00:00,283.59,286.78,284.29,284.27,507.00729046
2020-09-28 18:00:00,282.9,284.62,284.55,283.31,557.12506924
2020-09-28 19:00:00,281.84,283.8,283.27,283.03,206.93218503
2020-09-28 20:00:00,282.68,283.58,283.46,282.98,147.60583507
2020-09-28 21:00:00,281.93,284.04,282.85,283.8,173.82661085
2020-09-28 22:00:00,281.1,283.83,283.61,281.63,91.66301859
2020-09-28 23:00:00,274.5,282.2,281.71,275.46,1002.23487096
2020-09-29 00:00:00,274.0,276.81,275.27,275.99,236.66458738
2020-09-29 01:00:00,275.46,276.51,276.14,275.46,46.85984971
2020-09-29 02:00:00,275.63,276.72,276.04,276.18,59.09772245
2020-09-29 03:00:00,275.0,276.48,276.48,275.6,18.67116029
2020-09-29 04:00:00,274.65,275.66,275.47,274.85,15.52794347
2020-09-29 05:00:00,273.32,275.01,274.77,273.32,281.8781937
2020-09-29 06:00:00,273.0,277.0,273.0,276.43,193.02789999
2020-09-29 07:00:00,275.92,277.14,276.64,275.92,87.5163554
2020-09-29 08:00:00,275.8,276.91,275.8,276.53,103.91836194
2020-09-29 09:00:00,275.68,276.8,276.45,275.96,263.76043059
2020-09-29 10:00:00,276.04,279.12,276.07,278.0,184.8104888
2020-09-29 11:00:00,277.7,279.2,278.25,278.26,179.86267444
2020-09-29 12:00:00,277.83,278.74,278.69,278.41,440.74938284
2020-09-29 13:00:00,276.74,278.9,278.63,278.54,495.85483487
2020-09-29 14:00:00,277.04,279.92,278.43,278.54,516.68369464
2020-09-29 15:00:00,276.25,278.96,278.3,276.25,256.12508891
2020-09-29 16:00:00,275.29,277.13,276.0,276.08,504.18666603
2020-09-29 17:00:00,274.24,276.25,276.25,275.74,315.99131835
2020-09-29 18:00:00,275.3,277.36,275.86,276.82,249.73899912
2020-09-29 19:00:00,276.58,278.45,276.93,278.19,515.32121238
2020-09-29 20:00:00,277.98,279.63,278.61,279.07,197.38445079
2020-09-29 21:00:00,277.98,279.17,279.17,279.14,243.03129015
2020-09-29 22:00:00,277.89,279.61,279.13,278.68,108.88689288
2020-09-29 23:00:00,278.63,280.5,278.63,279.95,120.25869699
2020-09-30 00:00:00,278.52,280.01,280.01,279.11,67.14353164
2020-09-30 01:00:00,276.71,279.31,278.91,278.05,71.24338504
2020-09-30 02:00:00,277.7,278.41,277.7,277.75,70.37878146
2020-09-30 03:00:00,277.16,278.07,277.84,277.16,46.43591717
2020-09-30 04:00:00,275.96,278.0,277.21,277.18,43.6459243
2020-09-30 05:00:00,276.0,277.76,277.4,276.0,23.51729743
2020-09-30 06:00:00,275.94,277.86,275.94,277.21,120.50383287
2020-09-30 07:00:00,276.6,278.3,276.93,276.97,274.48542814
2020-09-30 08:00:00,276.33,278.2,276.33,277.65,89.51068141
2020-09-30 09:00:00,276.0,277.47,277.37,276.56,159.3402059
2020-09-30 10:00:00,276.7,277.76,276.87,277.23,117.08970663
2020-09-30 11:00:00,274.57,277.35,276.99,275.29,384.00132221
2020-09-30 12:00:00,274.73,277.35,275.36,276.95,221.14689612
2020-09-30 13:00:00,276.49,277.51,276.73,277.48,197.19080634
2020-09-30 14:00:00,275.43,277.84,277.48,275.68,293.62032059
2020-09-30 15:00:00,275.86,277.55,275.93,277.55,200.80306982
2020-09-30 16:00:00,277.03,278.76,277.39,278.0,183.15501574
2020-09-30 17:00:00,277.0,278.5,278.28,277.41,94.28420649
2020-09-30 18:00:00,275.72,277.7,277.29,276.13,225.77100868
2020-09-30 19:00:00,275.5,276.63,276.57,276.16,228.67142394
2020-09-30 20:00:00,275.53,277.02,275.96,277.02,134.31665827
2020-09-30 21:00:00,276.78,277.95,276.96,277.2,134.42983875
2020-09-30 22:00:00,277.31,279.0,277.31,278.77,96.34590367
2020-09-30 23:00:00,278.58,280.05,278.85,279.58,110.90529582
2020-10-01 00:00:00,278.36,280.23,279.75,278.64,188.07861315
2020-10-01 01:00:00,278.11,280.25,278.45,280.25,79.52277638
2020-10-01 02:00:00,280.34,281.37,280.34,280.61,245.54285766
2020-10-01 03:00:00,280.04,280.97,280.97,280.34,108.45540096
2020-10-01 04:00:00,280.19,281.18,280.43,280.28,16.41083779
2020-10-01 05:00:00,279.0,280.38,280.27,280.3,54.92376012
2020-10-01 06:00:00,280.14,281.12,280.5,280.69,125.76561225
2020-10-01 07:00:00,280.69,282.91,280.95,282.68,252.93505831
2020-10-01 08:00:00,282.25,287.25,282.77,286.62,642.8708344
2020-10-01 09:00:00,286.12,286.97,286.66,286.27,243.69613819
2020-10-01 10:00:00,285.5,286.51,286.43,285.87,252.56502531
2020-10-01 11:00:00,283.27,286.16,285.99,284.4,566.39910467
2020-10-01 12:00:00,283.02,284.49,284.49,284.03,137.36602586
2020-10-01 13:00:00,283.71,285.42,283.8,284.33,309.91594769
2020-10-01 14:00:00,283.09,284.92,284.82,284.51,323.87443304
2020-10-01 15:00:00,280.48,284.42,284.21,280.57,595.75344005
2020-10-01 16:00:00,269.3,280.5,280.5,271.04,2921.12845001
2020-10-01 17:00:00,269.65,272.28,270.74,269.65,535.98075977
2020-10-01 18:00:00,269.15,274.43,269.29,274.04,816.33456821
2020-10-01 19:00:00,272.88,275.65,273.92,273.96,638.62371054
2020-10-01 20:00:00,271.77,274.09,273.93,273.51,228.91999529
2020-10-01 21:00:00,272.5,274.58,273.58,272.97,362.43452635
2020-10-01 22:00:00,272.85,274.78,272.93,273.28,487.75240478
2020-10-01 23:00:00,273.37,274.7,273.54,273.43,127.62880866
2020-10-02 00:00:00,272.2,274.18,273.47,273.5,352.79927687
2020-10-02 01:00:00,273.72,275.16,273.72,274.43,62.87413445
2020-10-02 02:00:00,273.82,274.85,274.23,274.03,9.34202265
2020-10-02 03:00:00,273.93,275.78,274.24,275.78,61.96476334
2020-10-02 04:00:00,273.74,275.61,275.04,273.74,44.89257282
2020-10-02 05:00:00,266.51,273.31,273.31,266.51,1061.37632745
2020-10-02 06:00:00,265.5,268.29,266.49,267.7,516.8350552
2020-10-02 07:00:00,265.14,267.74,267.7,265.19,422.44992097
2020-10-02 08:00:00,260.95,266.55,265.19,262.19,905.5745401
2020-10-02 09:00:00,260.4,263.83,261.78,262.18,912.04108395
2020-10-02 10:00:00,259.62,263.49,262.18,262.33,536.61921143
2020-10-02 11:00:00,261.0,263.55,262.7,261.0,512.15209975
2020-10-02 12:00:00,260.98,263.42,261.16,263.42,540.7399544
2020-10-02 13:00:00,261.6,267.6,263.55,265.79,597.31125443
2020-10-02 14:00:00,265.42,267.9,265.79,267.32,292.11389975
2020-10-02 15:00:00,265.88,267.84,267.46,265.88,302.20980515
2020-10-02 16:00:00,265.01,267.64,265.73,267.32,304.20093593
2020-10-02 17:00:00,266.12,267.62,267.58,266.84,301.35761646
2020-10-02 18:00:00,265.61,267.11,267.11,266.74,679.1253723
2020-10-02 19:00:00,266.0,267.09,266.56,266.0,144.74635886
2020-10-02 20:00:00,266.0,269.11,266.06,268.38,181.1150376
2020-10-02 21:00:00,264.85,268.62,268.38,265.36,237.11376155
2020-10-02 22:00:00,265.08,267.66,265.28,267.16,250.85736016
2020-10-02 23:00:00,267.03,268.08,267.16,267.82,160.63323746
2020-10-03 00:00:00,266.13,267.46,267.46,266.17,63.1275627
2020-10-03 01:00:00,266.5,267.53,266.5,267.53,38.0841744
2020-10-03 02:00:00,267.32,268.28,268.28,267.32,12.77360652
2020-10-03 03:00:00,268.47,270.0,268.47,268.93,90.17489801
2020-10-03 04:00:00,269.38,269.68,269.56,269.52,14.90455415
2020-10-03 05:00:00,267.97,269.52,269.52,268.27,9.29090748
2020-10-03 06:00:00,267.09,268.36,268.36,267.97,163.25645596
2020-10-03 07:00:00,267.4,268.61,268.0,268.06,197.09011818
2020-10-03 08:00:00,267.0,269.32,267.95,267.88,126.21899023
2020-10-03 09:00:00,267.55,268.94,268.05,267.87,211.60600897
2020-10-03 10:00:00,267.97,269.97,268.12,269.8,138.85332419
2020-10-03 11:00:00,269.18,270.99,269.78,269.52,237.08709719
2020-10-03 12:00:00,268.14,269.46,269.04,268.46,98.49059013
2020-10-03 13:00:00,268.31,268.98,268.49,268.58,51.94807104
2020-10-03 14:00:00,268.35,269.35,268.42,268.49,83.7803235
2020-10-03 15:00:00,268.44,269.65,268.49,269.28,246.84136576
2020-10-03 16:00:00,268.86,270.22,269.25,269.77,146.96916059
2020-10-03 17:00:00,269.02,270.24,269.77,270.0,95.51621717
2020-10-03 18:00:00,270.0,272.0,270.0,271.52,75.95188366
2020-10-03 19:00:00,271.18,272.0,271.63,271.59,198.19829122
2020-10-03 20:00:00,270.2,271.61,271.38,270.55,57.90611721
2020-10-03 21:00:00,270.13,270.82,270.59,270.6,130.35329776
2020-10-03 22:00:00,268.44,270.61,270.6,268.98,162.00896263
2020-10-03 23:00:00,267.89,269.36,268.85,267.89,166.71110114
2020-10-04 00:00:00,267.51,269.07,267.51,268.56,30.94720408
2020-10-04 01:00:00,266.62,268.89,268.67,267.61,52.936041
2020-10-04 02:00:00,267.0,268.42,267.15,268.42,53.5637022
2020-10-04 03:00:00,267.79,268.48,268.41,267.85,2.46839269
2020-10-04 04:00:00,268.28,269.0,268.28,268.95,98.13212719
2020-10-04 05:00:00,268.6,269.06,268.84,268.69,14.0666416
2020-10-04 06:00:00,268.82,271.0,268.82,271.0,12.79097666
2020-10-04 07:00:00,269.71,270.35,270.26,269.79,185.99973815
2020-10-04 08:00:00,269.3,270.67,269.97,269.5,51.62139998
2020-10-04 09:00:00,268.71,269.89,269.49,269.14,149.82290092
2020-10-04 10:00:00,268.06,269.36,268.97,268.75,86.56996511
2020-10-04 11:00:00,268.4,269.58,268.53,269.55,172.03858754
2020-10-04 12:00:00,267.4,269.83,269.35,269.68,72.46805706
2020-10-04 13:00:00,269.05,270.83,269.85,269.81,93.67001578
2020-10-04 14:00:00,268.98,270.1,269.81,269.47,96.72349183
2020-10-04 15:00:00,268.35,269.7,269.25,268.67,82.2661307
2020-10-04 16:00:00,268.62,269.96,268.62,269.96,258.40200588
2020-10-04 17:00:00,269.45,270.26,270.02,270.26,206.24517843
2020-10-04 18:00:00,270.27,272.72,270.32,272.22,512.61862218
2020-10-04 19:00:00,272.05,274.0,272.22,273.41,115.98105576
2020-10-04 20:00:00,272.34,275.99,274.14,272.82,531.99415965
2020-10-04 21:00:00,272.28,273.76,272.75,272.36,146.54442029
2020-10-04 22:00:00,272.19,273.42,272.21,272.74,298.73595074
2020-10-04 23:00:00,272.77,273.41,272.91,273.27,66.10908612
2020-10-05 00:00:00,273.4,275.34,273.4,274.11,283.28293746
2020-10-05 01:00:00,273.32,274.64,274.09,273.32,102.75225196
2020-10-05 02:00:00,273.34,274.14,273.39,273.74,127.12436644
2020-10-05 03:00:00,272.14,273.52,273.52,272.61,6.88920085
2020-10-05 04:00:00,271.97,272.78,272.75,272.17,20.99058831
2020-10-05 05:00:00,272.32,273.16,272.34,272.87,32.79152019
2020-10-05 06:00:00,270.53,272.46,272.43,272.03,397.98127299
2020-10-05 07:00:00,271.44,272.85,271.95,271.78,181.49836506
2020-10-05 08:00:00,270.33,271.95,271.65,270.33,211.24195962
2020-10-05 09:00:00,270.47,272.47,270.57,271.69,164.62662441
2020-10-05 10:00:00,271.27,272.67,271.8,272.12,60.04604373
2020-10-05 11:00:00,271.11,272.75,272.12,271.11,134.22301433
2020-10-05 12:00:00,270.86,272.97,271.13,272.97,753.19494486
2020-10-05 13:00:00,271.87,273.71,273.71,273.01,165.34238014
2020-10-05 14:00:00,271.67,273.56,273.21,272.65,152.76714858
2020-10-05 15:00:00,272.17,273.35,272.49,272.58,111.95318363
2020-10-05 16:00:00,271.91,273.11,272.99,273.11,114.0845533
2020-10-05 17:00:00,270.78,273.1,272.76,270.78,136.17889149
2020-10-05 18:00:00,270.14,271.67,270.78,271.61,62.76612647
2020-10-05 19:00:00,270.96,271.99,271.61,271.71,161.98485357
2020-10-05 20:00:00,270.9,272.1,271.87,271.57,70.93125588
2020-10-05 21:00:00,271.4,272.27,271.57,272.14,59.63359828
2020-10-05 22:00:00,271.75,273.1,272.23,272.13,114.31904635
2020-10-05 23:00:00,271.83,273.27,272.4,273.27,171.83396527
2020-10-06 00:00:00,271.68,273.96,273.96,271.98,9.11173514
2020-10-06 01:00:00,271.52,272.55,271.71,272.55,15.47117193
2020-10-06 02:00:00,272.13,273.42,272.5,272.13,14.16071635
2020-10-06 03:00:00,272.66,273.04,272.66,273.04,4.42327748
2020-10-06 04:00:00,273.12,273.46,273.15,273.19,33.24399798
2020-10-06 05:00:00,272.53,273.11,273.11,272.85,28.8926956
2020-10-06 06:00:00,272.19,273.12,273.08,272.76,77.92296894
2020-10-06 07:00:00,270.34,272.8,272.47,270.34,339.64101753
2020-10-06 08:00:00,270.36,271.92,270.41,271.53,118.26850576
2020-10-06 09:00:00,271.35,272.06,271.54,272.06,342.19958659
2020-10-06 10:00:00,270.5,272.25,271.99,270.5,327.98843994
2020-10-06 11:00:00,266.54,270.13,270.13,267.67,582.07726885
2020-10-06 12:00:00,267.0,268.77,267.17,267.98,270.04109623
2020-10-06 13:00:00,266.83,268.62,267.75,266.83,362.99538306
2020-10-06 14:00:00,265.88,267.74,266.5,266.18,370.32388697
2020-10-06 15:00:00,263.53,272.56,265.65,272.1,1116.21515154
2020-10-06 16:00:00,270.32,272.46,272.45,270.59,175.6663894
2020-10-06 17:00:00,269.47,271.07,270.73,269.66,431.15343939
2020-10-06 18:00:00,265.16,270.54,270.16,266.0,754.34791011
2020-10-06 19:00:00,263.23,267.33,265.48,263.85,1097.15001197
2020-10-06 20:00:00,261.88,264.86,264.19,262.31,357.23830672
2020-10-06 21:00:00,262.13,264.22,262.21,263.58,380.03455857
2020-10-06 22:00:00,263.5,265.7,263.69,264.21,220.25489069
2020-10-06 23:00:00,263.83,265.36,264.16,265.3,107.24327465
2020-10-07 00:00:00,263.77,264.99,264.99,263.78,247.38985612
2020-10-07 01:00:00,259.5,264.4,264.4,262.05,470.88836146
2020-10-07 02:00:00,261.96,263.5,261.96,263.03,125.94651564
2020-10-07 03:00:00,261.0,263.14,262.7,262.05,41.34317868
2020-10-07 04:00:00,261.8,263.34,262.34,263.34,20.31575524
2020-10-07 05:00:00,262.61,264.36,262.61,264.36,40.95033971
2020-10-07 06:00:00,263.52,265.23,264.16,264.25,93.29076461
2020-10-07 07:00:00,263.65,265.26,264.47,264.84,88.98175437
2020-10-07 08:00:00,263.58,265.22,265.0,264.32,305.10184564
2020-10-07 09:00:00,262.19,264.51,264.18,263.59,162.59902221
2020-10-07 10:00:00,263.07,264.96,263.24,264.66,197.3611012
2020-10-07 11:00:00,263.63,264.85,264.58,263.89,276.8335657
2020-10-07 12:00:00,264.07,266.0,264.07,265.44,285.27431963
2020-10-07 13:00:00,264.79,265.94,265.24,265.76,243.52402057
2020-10-07 14:00:00,264.56,265.69,265.69,265.34,115.60990339
2020-10-07 15:00:00,264.07,265.51,265.39,264.23,170.93661677
2020-10-07 16:00:00,259.5,264.0,264.0,262.29,1024.81423197
2020-10-07 17:00:00,261.14,262.78,262.29,262.14,293.12685502
2020-10-07 18:00:00,262.14,264.88,262.14,264.76,191.29952018
2020-10-07 19:00:00,264.03,265.08,264.83,264.41,188.13085763
2020-10-07 20:00:00,263.78,265.14,264.55,264.19,173.14641884
2020-10-07 21:00:00,263.56,264.51,264.0,263.97,145.60582462
2020-10-07 22:00:00,263.09,264.19,263.96,263.95,43.86133886
2020-10-07 23:00:00,263.72,265.0,263.95,264.93,225.1406697
2020-10-08 00:00:00,263.23,265.23,265.0,263.4,197.12927275
2020-10-08 01:00:00,262.54,263.63,263.4,263.33,61.87083701
2020-10-08 02:00:00,262.31,263.33,263.33,262.45,35.65778559
2020-10-08 03:00:00,262.75,263.93,263.5,263.0,44.87121103
2020-10-08 04:00:00,262.52,263.73,262.52,262.8,4.55966806
2020-10-08 05:00:00,262.16,262.9,262.37,262.67,127.25612503
2020-10-08 06:00:00,262.23,263.54,262.68,262.31,44.57666902
2020-10-08 07:00:00,259.38,262.11,262.11,260.33,629.99250425
2020-10-08 08:00:00,259.36,260.64,260.0,259.38,239.02674022
2020-10-08 09:00:00,258.73,261.01,259.12,260.47,169.24828138
2020-10-08 10:00:00,260.83,263.17,260.83,262.78,190.62381373
2020-10-08 11:00:00,261.84,262.68,262.55,261.96,78.34151378
2020-10-08 12:00:00,261.81,264.48,262.12,264.48,239.86598628
2020-10-08 13:00:00,263.88,267.14,264.83,266.83,521.3061986
2020-10-08 14:00:00,266.01,271.5,266.79,271.5,507.88961734
2020-10-08 15:00:00,269.34,271.89,271.89,270.07,290.8036853
2020-10-08 16:00:00,270.0,272.0,270.06,271.7,226.56499444
2020-10-08 17:00:00,270.76,273.16,271.73,271.19,622.64781886
2020-10-08 18:00:00,270.33,271.85,271.56,271.58,194.1259649
2020-10-08 19:00:00,271.23,272.43,271.44,271.95,103.72134399
2020-10-08 20:00:00,271.38,273.27,272.19,272.32,234.28331335
2020-10-08 21:00:00,270.91,272.34,272.16,271.72,129.34197475
2020-10-08 22:00:00,271.45,272.33,271.45,271.92,67.67811124
2020-10-08 23:00:00,270.98,272.0,271.71,271.86,89.14764548
2020-10-09 00:00:00,269.71,271.97,271.51,270.07,88.70824855
2020-10-09 01:00:00,270.21,271.14,270.3,271.02,74.580407
2020-10-09 02:00:00,271.21,271.85,271.23,271.34,12.65983552
2020-10-09 03:00:00,270.42,271.76,271.49,270.42,12.62849109
2020-10-09 04:00:00,270.12,271.0,271.0,270.13,5.8895634
2020-10-09 05:00:00,269.72,270.56,270.3,269.72,94.19491295
2020-10-09 06:00:00,268.94,270.06,269.61,269.74,103.06983716
2020-10-09 07:00:00,270.01,271.2,270.37,270.86,48.26518993
2020-10-09 08:00:00,270.66,271.81,270.71,271.4,142.43072875
2020-10-09 09:00:00,270.54,271.51,271.42,270.58,230.85613969
2020-10-09 10:00:00,270.48,276.0,270.8,275.64,607.71800009
2020-10-09 11:00:00,275.68,279.27,275.99,277.43,453.27116225
2020-10-09 12:00:00,276.36,278.0,277.69,277.01,194.27280264
2020-10-09 13:00:00,276.8,278.0,277.08,277.86,154.69395463
2020-10-09 14:00:00,276.25,278.4,277.98,277.95,251.1768804
2020-10-09 15:00:00,277.04,281.33,277.84,280.69,260.74227612
2020-10-09 16:00:00,279.34,281.11,281.11,279.91,149.05548133
2020-10-09 17:00:00,279.52,280.25,280.1,280.25,263.82294125
2020-10-09 18:00:00,278.2,280.25,280.25,278.83,87.61901953
2020-10-09 19:00:00,277.85,279.72,278.95,279.3,92.75115162
2020-10-09 20:00:00,278.57,279.85,279.06,279.19,116.82695922
2020-10-09 21:00:00,278.17,279.52,279.24,279.52,84.60152064
2020-10-09 22:00:00,279.38,280.42,279.74,280.3,118.73724781
2020-10-09 23:00:00,279.8,282.61,280.62,280.18,356.57438799
2020-10-10 00:00:00,279.92,282.54,280.05,281.9,146.13386064
2020-10-10 01:00:00,280.79,282.65,281.71,282.55,43.41441715
2020-10-10 02:00:00,282.55,288.66,282.55,287.6,1035.00580975
2020-10-10 03:00:00,287.52,289.5,288.08,288.57,229.06668629
2020-10-10 04:00:00,287.33,288.79,288.58,287.33,28.67208685
2020-10-10 05:00:00,285.98,287.92,287.67,286.1,120.13757344
2020-10-10 06:00:00,286.27,287.35,286.3,286.99,77.81973974
2020-10-10 07:00:00,285.59,289.32,287.31,287.19,800.52188465
2020-10-10 08:00:00,287.35,288.8,287.35,288.45,268.11964004
2020-10-10 09:00:00,284.24,288.17,287.93,284.97,375.37490122
2020-10-10 10:00:00,282.44,285.29,285.24,284.73,237.80883866
2020-10-10 11:00:00,284.61,285.69,284.74,284.96,136.06027686
2020-10-10 12:00:00,284.25,286.5,285.05,286.5,166.61704585
2020-10-10 13:00:00,285.66,288.24,286.82,286.92,451.7653444
2020-10-10 14:00:00,285.8,287.19,286.97,286.87,66.69794005
2020-10-10 15:00:00,285.24,287.99,287.04,286.05,146.15430837
2020-10-10 16:00:00,285.33,286.68,286.29,285.83,185.98383416
2020-10-10 17:00:00,285.54,287.5,286.01,285.93,88.58352816
2020-10-10 18:00:00,285.89,287.95,285.89,287.18,306.85408406
2020-10-10 19:00:00,286.63,288.25,286.89,286.67,538.93373377
2020-10-10 20:00:00,286.56,287.79,287.05,287.47,102.61366331
2020-10-10 21:00:00,284.97,288.0,287.47,287.92,134.96091474
2020-10-10 22:00:00,287.04,287.97,287.55,287.04,110.71071568
2020-10-10 23:00:00,283.98,287.34,287.0,284.64,227.35254851
2020-10-11 00:00:00,283.39,285.68,284.68,284.07,120.96281799
2020-10-11 01:00:00,283.95,286.3,284.23,285.74,26.85092647
2020-10-11 02:00:00,283.91,286.27,286.09,285.01,314.21203641
2020-10-11 03:00:00,283.9,285.27,285.07,284.41,93.72375226
2020-10-11 04:00:00,283.41,284.99,284.73,284.8,54.6730663
2020-10-11 05:00:00,284.26,285.52,284.85,285.26,162.09529544
2020-10-11 06:00:00,284.97,285.77,285.17,285.77,58.7931929
2020-10-11 07:00:00,285.17,286.43,285.71,285.21,180.7631829
2020-10-11 08:00:00,284.93,286.2,285.19,285.18,67.84931405
2020-10-11 09:00:00,284.78,285.97,285.42,285.97,82.8619187
2020-10-11 10:00:00,285.26,289.12,286.05,288.82,283.9118701
2020-10-11 11:00:00,286.34,288.92,288.9,287.38,216.99839149
2020-10-11 12:00:00,284.52,287.41,287.41,285.76,87.35409244
2020-10-11 13:00:00,285.13,286.12,285.92,285.49,77.5760212
2020-10-11 14:00:00,285.15,288.16,285.52,286.0,234.75821733
2020-10-11 15:00:00,286.0,288.0,286.0,287.34,63.97626866
2020-10-11 16:00:00,286.79,288.3,287.32,287.37,174.45717729
2020-10-11 17:00:00,286.98,287.99,287.31,287.51,95.04284478
2020-10-11 18:00:00,286.85,287.99,287.4,287.98,44.84000389
2020-10-11 19:00:00,285.38,288.0,287.99,285.95,279.73308259
2020-10-11 20:00:00,286.09,288.39,286.25,286.35,1328.24229488
2020-10-11 21:00:00,285.52,287.1,286.35,286.56,97.32543371
2020-10-11 22:00:00,285.11,286.79,286.28,286.41,144.09419805
2020-10-11 23:00:00,286.47,287.78,286.47,287.56,55.51737546
2020-10-12 00:00:00,286.2,287.45,287.33,286.96,18.36617217
2020-10-12 00:00:00,286.2,287.45,287.33,286.96,18.36617217
2020-10-12 01:00:00,286.65,287.84,287.07,287.36,21.03732858
2020-10-12 02:00:00,286.61,287.79,287.39,287.79,14.98337361
2020-10-12 03:00:00,286.6,287.74,287.32,286.6,10.95853484
2020-10-12 04:00:00,286.45,287.09,286.47,287.09,4.54213017
2020-10-12 05:00:00,286.8,287.71,287.19,287.13,38.54095789
2020-10-12 06:00:00,284.0,286.79,286.79,284.0,280.79637322
2020-10-12 07:00:00,284.14,287.33,284.14,286.76,370.06181675
2020-10-12 08:00:00,286.43,287.93,286.94,286.86,98.42824157
2020-10-12 09:00:00,285.88,287.53,286.7,286.37,243.16466348
2020-10-12 10:00:00,281.46,286.87,286.4,282.84,604.2097226
2020-10-12 11:00:00,281.0,282.83,282.31,281.44,195.14118184
2020-10-12 12:00:00,281.31,283.38,281.66,282.78,139.81544897
2020-10-12 13:00:00,282.62,295.33,282.79,294.56,1747.53602124
2020-10-12 14:00:00,292.68,294.58,294.28,293.22,771.64540363
2020-10-12 15:00:00,293.22,296.08,293.51,294.95,420.05389663
2020-10-12 16:00:00,294.74,297.2,295.56,296.55,215.11529731
2020-10-12 17:00:00,295.18,297.11,296.88,296.78,285.22375247
2020-10-12 18:00:00,296.57,297.88,297.0,297.44,302.8473495
2020-10-12 19:00:00,296.18,298.11,297.02,297.16,340.65314007
2020-10-12 20:00:00,296.3,297.46,297.0,296.68,234.9166925
2020-10-12 21:00:00,296.71,300.76,296.8,300.52,710.8165816
2020-10-12 22:00:00,299.63,302.33,300.44,300.36,648.55211686
2020-10-12 23:00:00,295.0,300.5,300.5,296.48,493.28210397
2020-10-13 00:00:00,294.16,296.63,295.89,295.34,79.23919984
2020-10-13 01:00:00,293.4,295.91,295.47,295.8,42.74660024
2020-10-13 02:00:00,293.34,295.65,295.65,293.88,62.63042343
2020-10-13 03:00:00,292.52,295.06,292.74,293.55,209.12980231
2020-10-13 04:00:00,293.88,294.97,293.88,294.62,34.09902614
2020-10-13 05:00:00,294.52,295.75,294.52,294.88,32.76399017
2020-10-13 06:00:00,293.2,294.86,294.57,293.36,69.69551654
2020-10-13 07:00:00,292.39,294.12,293.74,293.82,122.03560434
2020-10-13 08:00:00,293.64,294.76,294.1,294.21,122.59211007
2020-10-13 09:00:00,293.6,294.72,294.04,293.86,125.45651792
2020-10-13 10:00:00,290.72,296.96,293.86,295.0,653.53573273
2020-10-13 11:00:00,294.85,296.25,294.85,295.54,301.23006164
2020-10-13 12:00:00,293.99,296.29,295.4,293.99,279.85288429
2020-10-13 13:00:00,290.32,294.75,293.9,291.44,821.48708515
2020-10-13 14:00:00,289.45,292.89,291.51,292.89,332.56929752
2020-10-13 15:00:00,291.79,293.21,292.53,291.79,241.62650146
2020-10-13 16:00:00,290.84,293.56,292.39,293.01,110.44406965
2020-10-13 17:00:00,290.64,293.26,293.15,290.64,214.34858815
2020-10-13 18:00:00,290.61,293.29,290.61,292.07,431.97942539
2020-10-13 19:00:00,292.05,293.77,292.07,292.66,112.34123575
2020-10-13 20:00:00,292.35,294.27,292.62,293.81,253.43350776
2020-10-13 21:00:00,293.79,296.53,294.17,296.03,295.49447352
2020-10-13 22:00:00,294.69,296.41,295.99,294.98,60.39656319
2020-10-13 23:00:00,294.64,295.88,294.73,295.12,54.05220824
2020-10-14 00:00:00,294.34,297.8,295.43,297.16,68.65117693
2020-10-14 01:00:00,296.05,297.39,297.39,296.05,75.69512736
2020-10-14 02:00:00,295.31,296.33,296.05,295.71,16.83673876
2020-10-14 03:00:00,295.05,296.34,295.96,295.05,75.92829641
2020-10-14 04:00:00,294.6,295.84,295.22,295.63,61.70937144
2020-10-14 05:00:00,295.1,296.53,295.69,296.53,16.41237837
2020-10-14 06:00:00,295.35,297.49,296.23,297.49,191.87697297
2020-10-14 07:00:00,296.33,297.49,297.49,297.18,95.46695243
2020-10-14 08:00:00,296.32,297.56,297.56,296.8,99.68938944
2020-10-14 09:00:00,295.16,296.84,296.77,295.24,416.77996903
2020-10-14 10:00:00,292.5,295.45,295.32,293.45,237.35412217
2020-10-14 11:00:00,292.49,294.33,293.92,292.73,182.98458559
2020-10-14 12:00:00,292.0,293.71,292.17,293.6,306.77230137
2020-10-14 13:00:00,293.04,297.51,293.65,297.11,224.74116051
2020-10-14 14:00:00,291.57,297.6,297.18,292.3,887.08729549
2020-10-14 15:00:00,288.84,293.06,292.32,289.14,1026.84601056
2020-10-14 16:00:00,287.31,290.35,288.55,289.12,567.5060492
2020-10-14 17:00:00,287.43,289.09,289.09,288.18,271.43915567
2020-10-14 18:00:00,287.26,289.46,288.01,289.17,387.16091461
2020-10-14 19:00:00,288.4,289.97,288.98,288.4,242.62071726
2020-10-14 20:00:00,286.94,290.15,288.36,290.12,327.32676703
2020-10-14 21:00:00,289.36,291.07,290.14,289.39,173.61107956
2020-10-14 22:00:00,289.21,290.88,289.21,290.73,67.69093703
2020-10-14 23:00:00,290.49,292.45,290.85,291.81,94.75711139
2020-10-15 00:00:00,290.0,291.91,291.91,290.0,53.43094909
2020-10-15 01:00:00,289.83,291.57,290.18,290.27,117.06096298
2020-10-15 02:00:00,289.43,290.87,290.51,289.53,26.04677174
2020-10-15 03:00:00,289.23,290.2,289.67,290.2,50.16019965
2020-10-15 04:00:00,289.51,290.59,289.53,290.09,2.25347486
2020-10-15 05:00:00,289.97,291.74,290.62,291.18,13.83190838
2020-10-15 06:00:00,290.45,293.83,291.25,291.99,41.10266975
2020-10-15 07:00:00,291.57,292.65,292.64,292.65,44.10350658
2020-10-15 08:00:00,289.73,292.51,292.51,290.33,347.28004047
2020-10-15 09:00:00,286.7,290.47,290.37,287.45,361.74823484
2020-10-15 10:00:00,287.63,289.13,288.44,289.09,238.7529985
2020-10-15 11:00:00,288.17,289.95,288.61,288.24,155.24627813
2020-10-15 12:00:00,287.09,292.38,288.17,291.31,212.82978211
2020-10-15 13:00:00,290.5,292.18,291.11,292.03,87.88651281
2020-10-15 14:00:00,290.94,292.19,291.93,291.86,243.23941187
2020-10-15 15:00:00,291.09,292.5,291.66,292.0,174.26021991
2020-10-15 16:00:00,290.2,293.08,291.78,290.7,292.51143743
2020-10-15 17:00:00,290.61,293.45,290.64,293.04,218.91437468
2020-10-15 18:00:00,292.04,293.56,293.31,292.55,135.2555888
2020-10-15 19:00:00,292.2,293.76,292.2,293.7,282.36468352
2020-10-15 20:00:00,293.51,296.0,293.51,294.85,413.0380848
2020-10-15 21:00:00,292.54,294.94,294.94,293.39,303.73212913
2020-10-15 22:00:00,292.4,293.89,293.89,292.45,116.1687261
2020-10-15 23:00:00,292.2,293.11,292.33,292.73,58.02971018
2020-10-16 00:00:00,291.72,293.43,292.94,293.22,96.95564581
2020-10-16 01:00:00,293.33,294.77,293.33,294.77,20.45749692
2020-10-16 02:00:00,293.78,294.67,294.67,294.24,37.87414953
2020-10-16 03:00:00,292.62,294.43,294.36,293.46,37.16264648
2020-10-16 04:00:00,283.4,292.33,292.33,286.2,1021.29886273
2020-10-16 05:00:00,286.25,289.25,286.25,287.17,255.53061741
2020-10-16 06:00:00,286.8,288.64,286.8,287.11,359.95182732
2020-10-16 07:00:00,286.0,287.47,287.22,286.0,172.36817532
2020-10-16 08:00:00,285.0,287.4,285.64,285.61,281.77643603
2020-10-16 09:00:00,280.25,285.91,285.52,281.24,593.80145897
2020-10-16 10:00:00,281.12,284.22,281.12,283.68,686.63182728
2020-10-16 11:00:00,283.21,287.84,283.31,287.3,583.34034216
2020-10-16 12:00:00,285.53,287.18,287.18,286.45,408.58481952
2020-10-16 13:00:00,285.72,287.1,286.45,286.58,436.28273443
2020-10-16 14:00:00,283.6,286.88,286.68,284.56,415.74255448
2020-10-16 15:00:00,283.41,284.75,284.6,284.38,332.35380742
2020-10-16 16:00:00,282.88,285.05,284.23,284.67,290.51619041
2020-10-16 17:00:00,283.92,285.41,285.04,284.8,115.42305383
2020-10-16 18:00:00,284.79,286.39,284.8,285.72,234.53379248
2020-10-16 19:00:00,283.15,285.85,285.83,283.15,209.1587011
2020-10-16 20:00:00,282.66,284.34,283.31,284.17,148.31651246
2020-10-16 21:00:00,282.54,284.5,284.44,284.13,91.6549231
2020-10-16 22:00:00,283.0,284.8,284.05,284.25,205.04571441
2020-10-16 23:00:00,282.95,284.66,284.16,283.47,56.03184013
2020-10-17 00:00:00,282.05,283.66,283.66,282.95,94.58795254
2020-10-17 01:00:00,282.42,285.71,282.85,285.71,32.03522258
2020-10-17 02:00:00,284.78,285.69,285.02,285.69,57.47019336
2020-10-17 03:00:00,284.96,286.0,285.58,286.0,49.36798517
2020-10-17 04:00:00,285.21,286.1,286.0,285.67,9.77566466
2020-10-17 05:00:00,284.72,285.76,285.59,285.41,20.36570819
2020-10-17 06:00:00,284.88,286.16,285.41,285.34,41.37102511
2020-10-17 07:00:00,285.06,286.02,285.38,285.32,40.94090616
2020-10-17 08:00:00,284.38,286.08,285.99,284.5,275.95054548
2020-10-17 09:00:00,284.24,285.2,284.5,285.11,177.11407237
2020-10-17 10:00:00,283.27,285.74,285.11,285.39,407.574594
2020-10-17 11:00:00,285.14,286.0,285.45,286.0,87.0482008
2020-10-17 12:00:00,284.77,285.83,285.83,285.5,171.99964753
2020-10-17 13:00:00,283.92,285.61,285.5,284.2,391.07169269
2020-10-17 14:00:00,283.1,286.35,284.08,286.35,324.35083476
2020-10-17 15:00:00,285.06,286.99,286.19,285.51,96.46153643
2020-10-17 16:00:00,283.83,285.57,285.51,284.5,208.61488405
2020-10-17 17:00:00,283.96,284.87,284.3,284.6,66.28049382
2020-10-17 18:00:00,284.25,285.12,284.88,285.07,91.89031087
2020-10-17 19:00:00,284.39,285.4,285.02,284.39,70.68369361
2020-10-17 20:00:00,283.9,284.93,284.66,284.66,122.41564277
2020-10-17 21:00:00,285.0,285.82,285.03,285.24,56.57500241
2020-10-17 22:00:00,285.06,285.73,285.38,285.49,40.27594221
2020-10-17 23:00:00,285.29,286.22,285.31,285.63,86.5018372
2020-10-18 00:00:00,285.24,286.77,285.74,286.12,27.48494184
2020-10-18 01:00:00,286.22,287.0,286.69,287.0,46.64000538
2020-10-18 02:00:00,285.16,286.87,286.87,286.18,170.20615966
2020-10-18 03:00:00,285.75,286.48,286.33,286.31,7.85407085
2020-10-18 04:00:00,285.75,286.53,286.26,285.89,1.53646827
2020-10-18 05:00:00,285.92,286.54,285.92,286.29,4.02196852
2020-10-18 06:00:00,285.97,290.0,285.97,290.0,165.02574668
2020-10-18 07:00:00,288.92,290.61,289.98,290.61,199.80060905
2020-10-18 08:00:00,288.8,290.96,290.88,289.7,116.63921096
2020-10-18 09:00:00,288.33,289.96,289.84,288.4,82.61154839
2020-10-18 10:00:00,288.5,289.29,288.65,289.2,123.4001115
2020-10-18 11:00:00,288.76,289.42,289.03,289.42,184.92696663
2020-10-18 12:00:00,289.09,289.82,289.24,289.39,39.6213058
2020-10-18 13:00:00,289.49,290.27,289.83,290.05,112.45214711
2020-10-18 14:00:00,290.02,292.67,290.05,291.11,216.65780833
2020-10-18 15:00:00,290.8,291.79,291.25,291.46,99.70754402
2020-10-18 16:00:00,290.77,291.87,291.65,291.29,170.23939115
2020-10-18 17:00:00,290.91,292.08,291.51,292.08,61.83295212
2020-10-18 18:00:00,291.6,292.52,291.86,291.65,144.52003525
2020-10-18 19:00:00,291.12,291.93,291.53,291.52,118.98522527
2020-10-18 20:00:00,291.26,291.97,291.42,291.81,42.97562829
2020-10-18 21:00:00,291.07,292.2,291.77,291.71,266.75004539
2020-10-18 22:00:00,291.18,292.54,291.87,292.41,157.23760186
2020-10-18 23:00:00,292.36,293.58,292.41,293.43,154.5951225
2020-10-19 00:00:00,289.29,294.27,293.43,290.56,348.79538329
2020-10-19 01:00:00,290.62,291.32,290.9,290.62,119.1443376
2020-10-19 02:00:00,290.16,291.14,291.11,290.78,31.15390883
2020-10-19 03:00:00,289.19,290.66,290.66,289.43,33.46147771
2020-10-19 04:00:00,289.28,289.84,289.37,289.58,10.44623152
2020-10-19 05:00:00,289.18,290.18,290.01,289.52,48.19216168
2020-10-19 06:00:00,289.29,290.56,289.77,290.16,159.35104979
2020-10-19 07:00:00,289.28,290.32,290.11,289.54,75.45791658
2020-10-19 08:00:00,288.87,289.69,289.5,289.24,106.92925008
2020-10-19 09:00:00,288.75,290.0,289.08,290.0,112.31403286
2020-10-19 10:00:00,289.36,290.37,290.0,289.8,148.94412048
2020-10-19 11:00:00,289.24,290.56,290.07,289.55,234.36336288
2020-10-19 12:00:00,289.12,290.99,289.12,290.56,192.0784522
2020-10-19 13:00:00,290.79,293.93,290.79,293.03,225.58888123
2020-10-19 14:00:00,291.65,293.88,293.54,291.95,240.53816285
2020-10-19 15:00:00,290.65,295.86,292.07,295.41,675.49362683
2020-10-19 16:00:00,294.11,295.49,295.43,294.77,174.78683507
2020-10-19 17:00:00,293.44,294.93,294.93,293.44,109.0075991
2020-10-19 18:00:00,292.72,294.09,293.68,292.88,236.81962123
2020-10-19 19:00:00,292.61,293.72,292.61,293.46,163.51095615
2020-10-19 20:00:00,292.43,293.77,293.4,293.56,143.46593873
2020-10-19 21:00:00,292.9,294.16,293.52,293.09,163.73738574
2020-10-19 22:00:00,291.36,293.51,292.98,292.91,130.9693347
2020-10-19 23:00:00,292.32,293.76,293.13,293.18,44.60354635
2020-10-20 00:00:00,292.2,293.18,293.18,292.57,10.9097053
2020-10-20 01:00:00,292.11,293.14,292.83,292.36,45.92074483
2020-10-20 02:00:00,292.61,293.01,292.69,292.67,3.21593797
2020-10-20 03:00:00,292.7,293.72,292.88,293.72,9.62242149
2020-10-20 04:00:00,292.72,293.52,293.31,292.72,23.81312256
2020-10-20 05:00:00,291.81,292.88,292.56,292.26,28.4830069
2020-10-20 06:00:00,291.77,293.25,291.77,292.66,105.41088306
2020-10-20 07:00:00,290.0,293.97,292.64,290.48,297.58581878
2020-10-20 08:00:00,289.32,290.49,290.42,289.32,211.0945732
2020-10-20 09:00:00,289.21,291.05,289.24,290.75,153.07178786
2020-10-20 10:00:00,289.92,291.6,290.67,291.33,434.28249745
2020-10-20 11:00:00,282.85,291.92,291.42,285.16,1466.65378698
2020-10-20 12:00:00,284.6,287.45,285.14,286.57,354.80674415
2020-10-20 13:00:00,285.03,286.57,286.52,286.1,317.79444306
2020-10-20 14:00:00,284.88,286.15,285.93,285.53,282.79534105
2020-10-20 15:00:00,284.88,288.67,285.36,287.32,346.85289042
2020-10-20 16:00:00,286.75,288.64,287.11,287.55,273.51088783
2020-10-20 17:00:00,286.47,288.38,287.22,286.69,173.35689721
2020-10-20 18:00:00,285.09,287.04,286.77,286.55,135.87290152
2020-10-20 19:00:00,285.25,286.8,286.34,286.01,75.55975414
2020-10-20 21:00:00,284.78,289.96,286.0,286.5,273.15940199
2020-10-20 22:00:00,284.94,286.58,286.23,285.88,74.12544482
2020-10-20 23:00:00,284.4,286.09,285.9,284.92,183.60191954
2020-10-21 00:00:00,284.44,288.0,285.11,287.84,26.78700235
2020-10-21 01:00:00,286.5,288.03,288.0,287.11,16.45956095
2020-10-21 02:00:00,286.26,287.33,286.5,286.84,94.96683737
2020-10-21 03:00:00,287.21,292.65,287.21,291.62,222.27245969
2020-10-21 04:00:00,291.55,294.0,291.87,294.0,169.96788777
2020-10-21 05:00:00,292.04,294.25,294.0,293.0,60.9756159
2020-10-21 06:00:00,292.59,294.52,293.25,292.59,142.42886831
2020-10-21 07:00:00,290.51,292.97,292.97,290.87,119.52547629
2020-10-21 08:00:00,289.05,290.86,290.86,289.05,190.65526086
2020-10-21 09:00:00,289.1,291.11,289.14,290.62,187.81392338
2020-10-21 10:00:00,290.0,292.17,290.49,290.32,270.7317663
2020-10-21 11:00:00,289.66,291.93,290.52,291.23,393.45440326
2020-10-21 12:00:00,289.59,292.99,291.0,291.72,504.73220996
2020-10-21 13:00:00,290.79,295.04,291.95,293.99,738.47738818
2020-10-21 14:00:00,293.22,298.0,294.11,296.32,1183.09277704
2020-10-21 15:00:00,294.91,299.81,296.19,299.69,1394.14835288
2020-10-21 16:00:00,299.26,304.99,299.69,302.03,1551.09362336
2020-10-21 17:00:00,300.56,303.45,302.29,300.82,633.82419222
2020-10-21 18:00:00,299.33,301.78,300.89,300.67,580.19450724
2020-10-21 19:00:00,297.97,300.92,300.62,298.33,334.88186465
2020-10-21 20:00:00,298.26,300.95,298.26,300.94,337.07578519
2020-10-21 21:00:00,299.46,306.8,300.91,301.65,1957.46066512
2020-10-21 22:00:00,301.74,308.95,301.82,308.95,931.85121605
2020-10-21 23:00:00,295.41,305.49,305.49,298.64,813.984898
2020-10-22 00:00:00,299.05,302.44,299.05,301.7,195.55656296
2020-10-22 01:00:00,301.07,303.6,301.7,301.89,153.40855641
2020-10-22 02:00:00,299.19,301.71,301.71,300.28,90.40039405
2020-10-22 03:00:00,299.16,300.97,300.09,299.71,137.80238719
2020-10-22 04:00:00,299.5,301.06,299.64,299.83,78.96945774
2020-10-22 05:00:00,299.81,301.73,299.81,300.9,29.69041809
2020-10-22 06:00:00,300.93,302.28,301.52,301.54,65.14129949
2020-10-22 07:00:00,300.69,301.79,301.33,301.29,155.75708203
2020-10-22 08:00:00,301.29,304.5,301.29,304.16,361.85524386
2020-10-22 09:00:00,300.08,304.88,304.26,303.81,1181.78170582
2020-10-22 10:00:00,303.25,312.69,303.53,312.5,1398.39249408
2020-10-22 11:00:00,312.6,318.34,312.64,317.84,1299.4421895
2020-10-22 12:00:00,312.04,318.45,318.45,314.58,790.2213098
2020-10-22 13:00:00,314.22,318.5,314.56,315.64,331.6266784
2020-10-22 14:00:00,315.0,317.28,315.85,317.26,708.36386058
2020-10-22 15:00:00,316.2,319.5,317.01,318.0,518.98170991
2020-10-22 16:00:00,316.92,319.5,318.0,318.56,503.35971271
2020-10-22 17:00:00,316.94,320.7,318.92,319.5,949.25901963
2020-10-22 18:00:00,317.74,320.37,319.51,320.3,407.44095624
2020-10-22 19:00:00,318.66,321.98,320.02,318.78,818.90953328
2020-10-22 20:00:00,319.04,321.54,319.93,320.21,240.45286605
2020-10-22 21:00:00,315.01,321.49,320.21,320.31,1544.3275594
2020-10-22 22:00:00,317.73,322.5,320.9,317.73,316.4020164
2020-10-22 23:00:00,316.6,318.86,317.38,317.0,371.6971269
2020-10-23 00:00:00,314.53,317.1,317.0,315.78,256.64821393
2020-10-23 01:00:00,315.62,317.64,315.82,316.36,89.54722601
2020-10-23 02:00:00,316.03,318.25,316.67,317.66,29.99428338
2020-10-23 03:00:00,316.83,318.66,317.43,317.35,31.58911813
2020-10-23 04:00:00,316.55,318.37,317.28,316.61,34.71427971
2020-10-23 05:00:00,317.14,319.91,317.14,319.91,15.70522364
2020-10-23 06:00:00,317.02,319.66,319.66,317.15,91.99486094
2020-10-23 07:00:00,315.88,317.95,317.26,316.2,177.63781008
2020-10-23 08:00:00,315.5,317.92,316.16,316.39,370.40229549
2020-10-23 09:00:00,316.27,317.87,316.33,317.6,192.83381046
2020-10-23 10:00:00,318.0,320.93,318.0,320.23,229.98701686
2020-10-23 11:00:00,319.5,321.61,320.13,320.07,391.05803087
2020-10-23 12:00:00,318.1,320.26,320.26,319.94,357.48959558
2020-10-23 13:00:00,318.52,320.52,319.71,318.81,226.99705639
2020-10-23 14:00:00,317.49,320.0,319.07,317.87,180.59246072
2020-10-23 15:00:00,316.04,318.74,317.32,316.38,317.71434722
2020-10-23 16:00:00,308.3,317.76,316.21,311.94,858.07153888
2020-10-23 17:00:00,310.57,312.77,311.73,311.66,556.63387161
2020-10-23 18:00:00,311.49,313.52,311.49,312.98,109.73283197
2020-10-23 19:00:00,312.6,314.12,312.6,314.12,163.34569248
2020-10-23 20:00:00,313.02,314.62,314.04,314.13,137.93550916
2020-10-23 21:00:00,312.66,314.29,313.97,313.56,189.95941109
2020-10-23 22:00:00,312.53,314.23,313.49,313.89,94.12690223
2020-10-23 23:00:00,313.07,314.54,313.94,314.26,65.57006836
2020-10-24 00:00:00,312.41,314.65,314.26,313.62,72.06818816
2020-10-24 01:00:00,313.28,315.89,313.53,315.45,336.34190879
2020-10-24 02:00:00,315.04,317.28,315.3,316.41,23.85626284
2020-10-24 03:00:00,315.65,317.73,317.17,316.56,20.17191176
2020-10-24 04:00:00,315.63,317.03,316.56,315.85,54.79701333
2020-10-24 05:00:00,315.8,316.66,315.83,316.48,18.08988014
2020-10-24 06:00:00,315.77,316.7,316.5,316.07,72.19008888
2020-10-24 07:00:00,314.96,316.45,315.9,314.96,24.41504864
2020-10-24 08:00:00,313.51,315.82,315.1,314.62,68.55010732
2020-10-24 09:00:00,313.58,316.41,314.61,315.83,77.58934324
2020-10-24 10:00:00,315.07,317.48,316.0,317.39,170.42078389
2020-10-24 11:00:00,316.34,318.48,317.12,318.48,337.70632669
2020-10-24 12:00:00,316.99,318.6,318.45,317.22,168.4490706
2020-10-24 13:00:00,317.13,318.62,317.16,317.85,103.07334642
2020-10-24 14:00:00,315.89,319.75,317.82,318.87,269.0497636
2020-10-24 15:00:00,318.05,320.0,319.36,318.05,229.63518242
2020-10-24 16:00:00,316.3,318.58,318.48,317.29,151.90463228
2020-10-24 17:00:00,317.05,318.47,317.5,317.98,117.58231196
2020-10-24 18:00:00,316.91,318.37,317.98,317.6,95.82858362
2020-10-24 19:00:00,316.63,318.32,317.19,317.45,63.24936285
2020-10-24 20:00:00,315.16,317.82,317.7,315.61,104.39346114
2020-10-24 21:00:00,314.59,317.02,316.27,314.59,122.85019452
2020-10-24 22:00:00,313.93,316.47,314.59,316.47,114.74425385
2020-10-24 23:00:00,315.79,316.79,316.26,316.36,23.0093197
2020-10-25 00:00:00,315.41,317.55,316.4,317.12,45.57378403
2020-10-25 01:00:00,316.65,317.66,316.97,317.39,51.09463132
2020-10-25 02:00:00,316.04,317.64,317.08,316.04,22.32645629
2020-10-25 03:00:00,315.97,319.3,316.45,318.95,72.05602416
2020-10-25 04:00:00,318.39,320.2,318.62,319.85,392.30624789
2020-10-25 05:00:00,311.44,320.44,319.33,312.14,292.25961279
2020-10-25 06:00:00,312.7,314.4,312.79,313.76,58.2813086
2020-10-25 07:00:00,313.76,314.89,314.18,314.89,165.30938762
2020-10-25 08:00:00,313.45,314.96,314.87,314.35,637.13049858
2020-10-25 09:00:00,312.98,314.54,314.54,313.71,370.65791421
2020-10-25 10:00:00,311.81,313.92,313.83,313.33,162.46100639
2020-10-25 11:00:00,311.33,313.27,313.27,312.54,210.56564753
2020-10-25 12:00:00,312.23,313.99,312.48,313.32,175.37503811
2020-10-25 13:00:00,312.93,314.35,313.32,313.58,190.76961511
2020-10-25 14:00:00,313.23,314.21,313.76,313.89,181.57521655
2020-10-25 15:00:00,311.99,314.58,313.8,312.2,401.79059415
2020-10-25 16:00:00,310.33,314.15,311.6,313.75,475.80045887
2020-10-25 17:00:00,313.12,314.02,313.65,313.68,150.84965667
2020-10-25 18:00:00,312.06,313.59,313.43,313.0,203.65404286
2020-10-25 19:00:00,312.6,313.48,312.76,313.44,203.23469351
2020-10-25 20:00:00,312.84,313.92,313.19,312.96,150.82234112
2020-10-25 21:00:00,312.29,313.34,313.13,313.32,88.17943964
2020-10-25 22:00:00,310.69,312.93,312.93,311.9,184.11592819
2020-10-25 23:00:00,311.39,312.76,311.7,311.39,85.35677777
2020-10-26 00:00:00,309.14,313.73,311.82,313.14,212.75467537
2020-10-26 01:00:00,312.84,313.94,313.72,313.44,26.39275006
2020-10-26 02:00:00,313.1,314.88,313.24,314.88,22.95950888
2020-10-26 03:00:00,314.02,316.16,315.94,314.13,30.57991715
2020-10-26 04:00:00,313.6,314.51,313.76,313.6,15.22019699
2020-10-26 05:00:00,312.75,314.31,313.97,313.33,13.61311721
2020-10-26 06:00:00,311.97,313.11,312.88,312.58,101.91392956
2020-10-26 07:00:00,311.61,313.13,312.46,311.77,114.32778634
2020-10-26 08:00:00,309.29,313.08,311.6,312.6,517.00601822
2020-10-26 09:00:00,311.66,313.06,312.72,312.29,251.92136567
2020-10-26 10:00:00,310.69,312.46,312.31,312.23,209.63047317
2020-10-26 11:00:00,310.55,312.74,312.2,311.29,223.63862198
2020-10-26 12:00:00,309.72,311.73,311.29,310.31,309.81467821
2020-10-26 13:00:00,310.56,312.77,310.78,312.01,292.50382205
2020-10-26 14:00:00,310.5,312.56,311.94,310.5,169.71695599
2020-10-26 15:00:00,301.51,311.05,310.52,303.1,1540.94614836
2020-10-26 16:00:00,296.88,304.02,303.1,297.96,1040.40051082
2020-10-26 17:00:00,294.0,299.73,297.46,296.92,1094.80805295
2020-10-26 18:00:00,295.98,299.64,296.5,299.38,515.85541303
2020-10-26 19:00:00,298.69,301.46,299.38,301.31,441.81779896
2020-10-26 20:00:00,300.72,302.77,301.44,301.71,465.13020892
2020-10-26 21:00:00,301.34,303.47,301.95,301.74,143.19815417
2020-10-26 22:00:00,300.72,302.39,302.35,302.04,289.06301034
2020-10-26 23:00:00,301.94,303.98,302.37,302.62,95.90436544
2020-10-27 00:00:00,302.49,304.53,302.71,304.09,125.47410431
2020-10-27 01:00:00,302.44,303.77,303.77,303.18,151.17510246
2020-10-27 02:00:00,301.33,302.9,302.8,301.9,25.68268653
2020-10-27 03:00:00,301.3,302.52,301.68,302.52,24.8743802
2020-10-27 04:00:00,302.33,303.3,302.85,302.6,20.45071192
2020-10-27 05:00:00,301.67,302.57,302.39,301.67,4.92021318
2020-10-27 06:00:00,301.59,303.21,301.59,303.21,6.97616529
2020-10-27 07:00:00,302.95,304.17,303.89,303.79,70.9197053
2020-10-27 08:00:00,302.99,304.07,303.81,303.47,82.71394674
2020-10-27 09:00:00,300.29,303.4,303.19,301.95,178.96771696
2020-10-27 10:00:00,301.32,305.35,301.97,304.54,203.04074078
2020-10-27 11:00:00,304.05,309.58,305.06,308.85,923.80199293
2020-10-27 12:00:00,307.85,311.54,308.98,310.96,431.1515175
2020-10-27 13:00:00,308.93,312.28,310.85,310.07,308.45327346
2020-10-27 14:00:00,308.66,310.53,310.53,310.09,163.58578589
2020-10-27 15:00:00,309.09,311.38,310.17,311.38,416.33142116
2020-10-27 16:00:00,310.99,314.39,311.67,314.37,441.69754516
2020-10-27 17:00:00,312.34,315.0,314.37,313.45,280.14733989
2020-10-27 18:00:00,308.99,314.36,313.27,311.87,438.77027921
2020-10-27 19:00:00,311.08,313.05,311.87,312.03,186.3188981
2020-10-27 20:00:00,308.72,312.49,312.33,310.01,278.91842103
2020-10-27 21:00:00,309.73,311.54,310.95,309.99,177.96124438
2020-10-27 22:00:00,308.98,312.36,309.95,312.05,288.13449842
2020-10-27 23:00:00,311.52,313.46,311.52,311.81,46.47490087
2020-10-28 00:00:00,311.47,313.3,313.29,312.15,201.10200303
2020-10-28 01:00:00,311.6,314.6,312.52,313.72,52.97716992
2020-10-28 02:00:00,311.83,313.61,312.65,312.06,85.94653872
2020-10-28 03:00:00,311.95,313.54,312.43,312.64,93.23602841
2020-10-28 04:00:00,311.19,312.98,312.98,312.13,10.22528225
2020-10-28 05:00:00,310.33,311.59,311.58,310.79,45.34423757
2020-10-28 06:00:00,309.37,311.64,310.63,309.37,97.69262187
2020-10-28 07:00:00,303.4,309.29,308.81,305.1,715.26049586
2020-10-28 08:00:00,302.0,306.28,305.29,306.24,507.45425293
2020-10-28 09:00:00,304.09,307.63,306.76,304.46,566.04499002
2020-10-28 10:00:00,303.0,306.74,304.09,304.59,369.09304206
2020-10-28 11:00:00,299.0,304.51,304.22,299.0,1128.0189085
2020-10-28 12:00:00,298.46,302.66,298.46,302.11,831.81718845
2020-10-28 13:00:00,299.15,303.5,302.04,299.15,769.51960447
2020-10-28 14:00:00,292.69,300.2,299.57,298.07,1816.74941568
2020-10-28 15:00:00,297.16,299.3,297.77,298.8,1033.55574709
2020-10-28 16:00:00,295.32,299.08,298.92,297.24,543.98070026
2020-10-28 17:00:00,293.96,297.58,296.84,296.74,416.67361041
2020-10-28 18:00:00,296.68,298.21,296.99,297.81,205.35132233
2020-10-28 19:00:00,296.56,298.46,297.88,297.08,115.83279449
2020-10-28 20:00:00,296.57,298.27,296.94,297.68,177.49005956
2020-10-28 21:00:00,295.44,298.4,297.5,298.4,280.42375382
2020-10-28 22:00:00,297.84,299.59,298.43,299.26,600.5762473
2020-10-28 23:00:00,298.9,301.04,299.19,300.01,97.45845577
2020-10-29 00:00:00,299.47,300.88,299.94,299.8,117.59556128
2020-10-29 01:00:00,298.47,302.14,300.21,301.98,36.23577719
2020-10-29 02:00:00,300.57,301.89,301.89,301.0,38.73358926
2020-10-29 03:00:00,300.3,302.11,301.07,302.11,49.6768535
2020-10-29 04:00:00,301.22,302.08,301.91,301.22,348.41065315
2020-10-29 05:00:00,300.74,301.98,301.17,301.98,36.94751891
2020-10-29 06:00:00,300.96,302.14,301.91,302.14,39.04346057
2020-10-29 07:00:00,298.49,301.74,301.74,298.63,281.84676837
2020-10-29 08:00:00,297.44,299.76,298.87,298.57,138.23850452
2020-10-29 09:00:00,297.0,299.5,298.2,298.79,283.38716061
2020-10-29 10:00:00,296.66,298.75,298.75,297.73,231.53677571
2020-10-29 11:00:00,296.81,299.09,297.73,296.82,194.77340148
2020-10-29 12:00:00,295.02,297.83,296.86,297.5,199.81515615
2020-10-29 13:00:00,297.13,300.19,297.5,299.95,187.44289998
2020-10-29 14:00:00,299.63,303.85,299.94,302.5,415.52620875
2020-10-29 15:00:00,302.04,304.34,302.5,304.04,315.77978229
2020-10-29 16:00:00,302.74,305.44,303.96,303.52,652.65134933
2020-10-29 17:00:00,302.36,304.78,303.59,303.68,220.41745836
2020-10-29 18:00:00,301.87,304.3,303.81,302.89,118.22335901
2020-10-29 19:00:00,300.7,303.23,303.12,300.7,191.64960997
2020-10-29 20:00:00,300.69,301.99,301.59,301.44,60.79181023
2020-10-29 21:00:00,300.13,301.86,301.06,300.31,108.15169744
2020-10-29 22:00:00,297.42,300.51,300.51,297.52,439.53263243
2020-10-29 23:00:00,297.39,300.13,297.39,300.13,367.86683873
2020-10-30 00:00:00,296.84,303.31,300.0,303.31,102.21621671
2020-10-30 01:00:00,299.14,303.4,303.4,299.92,318.65336985
2020-10-30 02:00:00,297.88,300.33,300.28,297.88,49.05222194
2020-10-30 03:00:00,297.98,299.68,299.34,298.17,12.4049864
2020-10-30 04:00:00,297.92,299.49,298.97,297.95,38.1155887
2020-10-30 05:00:00,295.5,299.99,299.99,295.6,142.30859144
2020-10-30 06:00:00,295.71,296.98,296.19,296.22,95.01759447
2020-10-30 07:00:00,291.48,296.66,296.63,293.74,906.84632341
2020-10-30 08:00:00,293.11,297.41,294.08,293.34,233.17566745
2020-10-30 09:00:00,290.0,293.39,293.39,291.65,775.30556104
2020-10-30 10:00:00,290.84,293.72,291.52,292.96,214.55901857
2020-10-30 11:00:00,291.01,293.92,292.84,293.1,677.89909646
2020-10-30 12:00:00,292.1,295.01,293.05,294.14,523.30740059
2020-10-30 13:00:00,291.31,294.46,294.14,292.3,632.22113068
2020-10-30 14:00:00,291.88,293.86,292.01,292.78,292.43536912
2020-10-30 15:00:00,293.12,296.37,293.12,296.18,534.89126572
2020-10-30 16:00:00,293.99,296.32,295.97,294.38,101.57731564
2020-10-30 17:00:00,294.51,296.65,294.51,295.7,221.17032727
2020-10-30 18:00:00,295.27,297.13,295.71,296.36,215.58013408
2020-10-30 19:00:00,295.88,297.13,296.94,296.77,99.47042135
2020-10-30 20:00:00,295.91,297.58,297.06,297.35,156.51230095
2020-10-30 21:00:00,294.96,297.36,297.35,297.06,181.5043724
2020-10-30 22:00:00,296.66,297.75,297.16,296.72,291.21402977
2020-10-30 23:00:00,296.0,297.43,297.11,296.13,97.94703792
2020-10-31 00:00:00,294.65,297.82,296.0,297.58,158.48483565
2020-10-31 01:00:00,297.55,299.04,297.67,298.9,294.90667979
2020-10-31 02:00:00,297.4,299.77,299.2,297.4,29.96536765
2020-10-31 03:00:00,295.6,297.44,297.15,296.53,24.41925634
2020-10-31 04:00:00,295.88,296.77,295.93,296.02,31.41124956
2020-10-31 05:00:00,295.54,296.35,296.12,295.54,8.41777697
2020-10-31 06:00:00,295.28,298.03,295.35,297.64,49.15569433
2020-10-31 07:00:00,296.92,297.96,297.42,297.79,18.07017494
2020-10-31 08:00:00,297.5,300.22,297.65,299.63,186.95034814
2020-10-31 09:00:00,299.37,302.67,299.37,302.66,169.15891247
2020-10-31 10:00:00,298.81,304.56,302.48,301.06,601.50758897
2020-10-31 11:00:00,300.35,302.47,301.37,301.94,209.78971525
2020-10-31 12:00:00,301.44,304.23,302.43,302.73,327.47935178
2020-10-31 13:00:00,302.24,304.94,302.97,303.26,231.53288173
2020-10-31 14:00:00,301.0,303.57,303.47,301.3,263.06799531
2020-10-31 15:00:00,299.79,302.39,301.0,302.29,120.37258995
2020-10-31 16:00:00,300.1,303.01,302.5,300.82,315.63596368
2020-10-31 17:00:00,299.3,300.94,300.84,300.02,215.07356091
2020-10-31 18:00:00,297.0,299.95,299.95,298.48,260.24717253
2020-10-31 19:00:00,298.12,299.63,298.34,298.63,94.93416563
2020-10-31 20:00:00,298.41,300.49,298.6,300.49,74.96191839
2020-10-31 21:00:00,299.63,300.37,300.34,299.76,87.34792046
2020-10-31 22:00:00,299.73,301.08,299.73,301.07,98.87316279
2020-10-31 23:00:00,298.69,300.77,300.77,298.78,123.33027546
2020-11-01 00:00:00,298.42,302.7,298.42,299.69,91.24980397
2020-11-01 01:00:00,299.98,302.59,299.98,301.43,194.13227697
2020-11-01 02:00:00,300.32,302.11,301.56,300.32,25.22267379
2020-11-01 03:00:00,299.27,300.83,300.55,299.37,41.47907235
2020-11-01 04:00:00,298.23,299.56,299.46,299.05,175.98924923
2020-11-01 05:00:00,298.64,300.03,299.01,299.59,23.65062521
2020-11-01 06:00:00,298.92,300.64,299.11,300.34,282.55234502
2020-11-01 07:00:00,300.2,301.87,301.16,301.87,36.75896459
2020-11-01 08:00:00,300.35,302.08,301.87,300.8,58.16504526
2020-11-01 09:00:00,299.26,300.87,300.87,299.48,121.37439255
2020-11-01 10:00:00,299.48,301.0,299.66,301.0,72.68870793
2020-11-01 11:00:00,299.43,302.0,301.0,300.42,216.97668625
2020-11-01 12:00:00,299.88,301.63,300.47,301.63,185.2049359
2020-11-01 13:00:00,300.14,301.8,301.6,301.15,69.17128698
2020-11-01 14:00:00,300.32,301.52,300.96,301.52,179.8117417
2020-11-01 15:00:00,301.27,303.86,301.42,301.59,693.67356774
2020-11-01 16:00:00,301.21,302.6,301.34,302.23,206.74584755
2020-11-01 17:00:00,301.46,302.35,302.3,301.68,410.74813125
2020-11-01 18:00:00,301.27,302.0,301.81,301.41,347.72455329
2020-11-01 19:00:00,301.16,302.35,301.64,301.32,137.99062005
2020-11-01 20:00:00,301.53,306.68,301.67,306.0,575.82711429
2020-11-01 21:00:00,305.39,307.67,306.28,307.39,408.03383135
2020-11-01 22:00:00,304.74,307.96,307.89,306.48,281.87493333
2020-11-01 23:00:00,304.68,307.64,306.46,307.64,497.07521356
2020-11-02 00:00:00,307.69,313.7,307.69,312.46,748.31558241
2020-11-02 01:00:00,310.92,312.96,312.82,312.28,124.75796833
2020-11-02 02:00:00,309.75,313.04,313.04,310.88,104.57379226
2020-11-02 03:00:00,308.84,310.76,310.64,310.0,28.15324399
2020-11-02 04:00:00,308.77,310.95,309.81,309.44,8.44565647
2020-11-02 05:00:00,308.78,310.04,309.7,309.24,15.19653828
2020-11-02 06:00:00,308.98,310.42,308.98,309.59,144.27490587
2020-11-02 07:00:00,309.44,311.09,309.57,309.94,137.50573807
2020-11-02 08:00:00,299.0,310.27,309.97,299.0,1025.75346446
2020-11-02 09:00:00,298.52,301.2,298.98,301.01,497.20660699
2020-11-02 10:00:00,297.88,300.76,300.76,298.02,425.21033958
2020-11-02 11:00:00,296.72,299.46,298.02,298.68,645.42970024
2020-11-02 12:00:00,293.45,298.83,298.83,295.5,1431.80546679
2020-11-02 13:00:00,295.02,299.52,295.44,297.4,392.31661759
2020-11-02 14:00:00,296.4,299.88,297.59,299.34,483.70360873
2020-11-02 15:00:00,298.46,300.95,298.99,299.12,414.08724499
2020-11-02 16:00:00,298.6,300.16,298.95,300.0,137.04023301
2020-11-02 17:00:00,298.98,300.73,299.86,299.51,216.67793497
2020-11-02 18:00:00,299.0,300.57,299.47,299.19,152.16624725
2020-11-02 19:00:00,299.1,300.59,299.1,300.59,200.96704116
2020-11-02 20:00:00,300.01,301.71,300.45,300.55,394.8460375
2020-11-02 21:00:00,298.79,300.45,300.31,298.79,225.7513948
2020-11-02 22:00:00,296.26,299.56,299.56,297.49,199.83123123
2020-11-02 23:00:00,296.72,298.53,297.59,296.72,91.35785734
2020-11-03 00:00:00,295.73,298.27,296.52,298.27,213.76638151
2020-11-03 01:00:00,297.7,298.6,298.21,298.6,64.0239219
2020-11-03 02:00:00,293.55,298.96,298.57,293.82,366.01893132
2020-11-03 03:00:00,288.34,295.04,295.04,289.78,872.46763547
2020-11-03 04:00:00,287.5,290.92,289.08,290.62,251.65103133
2020-11-03 05:00:00,289.77,291.61,290.54,289.77,103.21307534
2020-11-03 06:00:00,289.01,291.69,289.65,291.09,242.13515687
2020-11-03 07:00:00,290.12,291.37,291.18,290.67,481.68435723
2020-11-03 08:00:00,290.14,292.99,290.8,292.08,366.39121547
2020-11-03 09:00:00,291.11,292.96,291.91,292.41,247.87615089
2020-11-03 10:00:00,291.77,295.0,292.76,293.92,316.01613577
2020-11-03 11:00:00,292.52,294.47,293.88,293.09,272.45712966
2020-11-03 12:00:00,292.26,293.78,293.08,292.97,108.96801783
2020-11-03 13:00:00,291.77,296.09,292.94,295.81,306.02828327
2020-11-03 14:00:00,294.24,296.68,295.81,296.68,202.14081881
2020-11-03 15:00:00,292.0,296.41,296.31,292.89,177.77932722
2020-11-03 16:00:00,291.68,293.36,292.69,292.9,181.80863161
2020-11-03 17:00:00,292.18,293.87,292.97,293.56,217.17295623
2020-11-03 18:00:00,293.33,294.27,293.73,294.16,143.88424074
2020-11-03 19:00:00,294.01,295.42,294.56,294.66,137.43072412
2020-11-03 20:00:00,294.13,295.48,294.96,294.45,144.48292999
2020-11-03 21:00:00,293.5,294.66,294.1,294.11,99.33257999
2020-11-03 22:00:00,292.62,298.01,294.16,297.54,387.2651741
2020-11-03 23:00:00,295.84,298.69,298.13,296.53,249.42990288
2020-11-04 00:00:00,295.36,296.68,296.58,296.17,247.00209861
2020-11-04 01:00:00,293.37,296.23,296.21,294.87,186.0159087
2020-11-04 02:00:00,294.11,295.66,294.54,295.66,211.77667492
2020-11-04 03:00:00,295.38,298.81,295.71,297.2,167.13883707
2020-11-04 04:00:00,296.77,297.64,297.01,296.77,154.10847116
2020-11-04 05:00:00,295.39,297.11,296.7,295.39,97.94514457
2020-11-04 06:00:00,295.53,296.66,295.53,296.07,28.32682298
2020-11-04 07:00:00,292.14,296.9,296.16,292.84,237.72329776
2020-11-04 08:00:00,291.88,295.42,292.16,294.98,109.26410894
2020-11-04 09:00:00,293.91,296.32,294.96,293.91,254.745981
2020-11-04 10:00:00,293.29,296.12,293.89,293.98,125.83143372
2020-11-04 11:00:00,293.16,295.05,294.22,293.57,182.49528837
2020-11-04 12:00:00,293.38,294.79,293.57,294.26,134.06689122
2020-11-04 13:00:00,293.63,296.58,294.13,295.77,95.5174974
2020-11-04 14:00:00,293.88,295.84,295.84,294.86,172.64809757
2020-11-04 15:00:00,294.54,296.09,294.9,296.05,266.67083081
2020-11-04 16:00:00,295.7,309.74,296.01,308.66,1857.66201931
2020-11-04 17:00:00,308.07,314.87,308.94,308.07,2657.608136
2020-11-04 18:00:00,307.93,310.65,308.39,309.04,477.06912439
2020-11-04 19:00:00,309.45,311.72,309.78,310.45,233.83174376
2020-11-04 20:00:00,307.08,311.7,311.04,309.64,520.37380601
2020-11-04 21:00:00,308.97,311.32,310.08,309.5,189.67645505
2020-11-04 22:00:00,309.15,312.04,309.6,311.26,413.72254136
2020-11-04 23:00:00,309.34,311.84,311.26,311.25,245.74793839
2020-11-05 00:00:00,310.01,313.39,311.6,310.63,174.75858667
2020-11-05 01:00:00,310.63,314.0,310.63,312.51,286.90063998
2020-11-05 02:00:00,311.02,314.24,312.43,313.09,113.93427037
2020-11-05 03:00:00,312.35,313.34,313.18,312.55,140.90431522
2020-11-05 04:00:00,311.29,313.5,311.89,311.45,30.7530448
2020-11-05 05:00:00,310.54,312.43,310.85,311.56,24.85695096
2020-11-05 06:00:00,310.0,311.9,311.56,310.46,195.61216706
2020-11-05 07:00:00,309.41,311.27,310.42,310.18,421.87351651
2020-11-05 08:00:00,305.68,312.26,310.2,307.72,861.02048158
2020-11-05 09:00:00,305.49,307.87,307.87,306.21,438.7420943
2020-11-05 10:00:00,305.83,311.86,306.3,311.86,611.29331837
2020-11-05 11:00:00,306.84,311.64,311.64,309.8,970.22145793
2020-11-05 12:00:00,307.52,310.47,309.32,308.9,750.06165346
2020-11-05 13:00:00,307.8,315.0,309.02,311.18,2033.61240764
2020-11-05 14:00:00,310.57,318.22,310.82,318.22,2284.80833321
2020-11-05 15:00:00,315.27,318.25,318.25,317.13,1060.39448182
2020-11-05 16:00:00,315.47,319.8,317.81,315.87,1844.71528321
2020-11-05 17:00:00,312.54,317.18,316.31,314.35,704.56436104
2020-11-05 18:00:00,313.28,314.91,314.58,314.05,484.59259497
2020-11-05 19:00:00,313.3,315.82,314.04,315.59,294.37910659
2020-11-05 20:00:00,314.36,316.06,315.58,315.43,397.4047634
2020-11-05 21:00:00,314.55,316.31,315.43,315.58,672.85700177
2020-11-05 22:00:00,314.51,319.0,315.53,319.0,480.06868844
2020-11-05 23:00:00,315.59,320.86,319.0,317.8,1172.76527427
2020-11-06 00:00:00,316.72,326.44,318.14,325.04,720.80935198
2020-11-06 01:00:00,324.11,334.0,325.74,332.42,663.73960633
2020-11-06 02:00:00,329.42,336.93,332.21,331.08,386.3786191
2020-11-06 03:00:00,325.18,331.49,331.26,325.83,522.75867031
2020-11-06 04:00:00,326.46,329.45,326.78,328.27,124.84675269
2020-11-06 05:00:00,327.02,331.44,328.05,330.25,220.61078585
2020-11-06 06:00:00,328.94,331.94,330.22,331.0,320.00585129
2020-11-06 07:00:00,330.54,333.36,331.06,332.89,656.72520019
2020-11-06 08:00:00,328.05,332.98,332.98,328.55,1103.30910594
2020-11-06 09:00:00,326.28,331.57,329.0,330.23,609.22978512
2020-11-06 10:00:00,330.15,341.95,330.15,338.91,1592.71511934
2020-11-06 11:00:00,335.8,339.51,338.87,338.07,910.26137965
2020-11-06 12:00:00,333.87,338.33,338.24,336.58,606.60491371
2020-11-06 13:00:00,336.8,340.92,336.8,339.54,586.90410189
2020-11-06 14:00:00,333.71,339.96,339.36,337.01,1398.25515792
2020-11-06 15:00:00,330.01,337.32,337.21,331.96,953.51060299
2020-11-06 16:00:00,332.11,339.44,332.11,337.18,660.16159587
2020-11-06 17:00:00,335.49,338.71,336.81,336.17,612.52851812
2020-11-06 18:00:00,335.9,338.0,336.16,336.86,268.00881417
2020-11-06 19:00:00,335.65,338.85,337.06,335.68,812.56989254
2020-11-06 20:00:00,333.06,337.61,335.53,337.61,671.33601141
2020-11-06 21:00:00,337.39,342.48,337.96,339.42,406.91684044
2020-11-06 22:00:00,338.79,347.99,338.79,346.9,920.28004839
2020-11-06 23:00:00,346.19,349.0,347.22,347.49,793.3115566
2020-11-07 00:00:00,347.16,354.24,347.29,353.0,688.83977125
2020-11-07 01:00:00,351.63,356.5,353.0,354.56,844.84692906
2020-11-07 02:00:00,348.62,354.53,354.53,350.97,592.39425173
2020-11-07 03:00:00,346.83,352.34,350.97,348.76,1289.2025935
2020-11-07 04:00:00,347.61,350.66,348.76,348.48,175.43291106
2020-11-07 05:00:00,347.79,351.05,348.33,350.05,153.31342144
2020-11-07 06:00:00,346.65,349.8,349.8,349.46,188.9800729
2020-11-07 07:00:00,347.5,351.09,349.53,348.89,192.71963898
2020-11-07 08:00:00,345.31,352.57,348.54,351.96,383.16475858
2020-11-07 09:00:00,350.53,352.85,351.96,352.07,259.1184199
2020-11-07 10:00:00,349.8,352.76,352.29,352.33,333.55868615
2020-11-07 11:00:00,350.79,353.84,352.09,352.64,327.90474026
2020-11-07 12:00:00,351.93,354.71,352.82,352.1,540.2728995
2020-11-07 13:00:00,348.17,354.0,352.24,353.46,527.62443422
2020-11-07 14:00:00,339.5,353.23,353.23,339.83,1747.15967619
2020-11-07 15:00:00,335.0,344.14,340.09,341.32,1827.54297004
2020-11-07 16:00:00,336.0,345.99,341.24,345.33,886.12058741
2020-11-07 17:00:00,340.01,346.08,345.6,340.16,551.07141965
2020-11-07 18:00:00,321.01,342.14,340.05,329.74,2371.9166122
2020-11-07 19:00:00,320.36,331.44,328.79,326.5,3370.36880298
2020-11-07 20:00:00,322.0,333.98,326.05,333.61,1823.46506255
2020-11-07 21:00:00,329.31,333.74,333.15,331.56,628.3253664
2020-11-07 22:00:00,328.07,333.0,331.53,332.2,397.00350429
2020-11-07 23:00:00,330.82,334.63,332.6,331.14,143.17829361
2020-11-08 00:00:00,329.04,333.7,331.0,333.45,165.02002103
2020-11-08 01:00:00,331.62,336.84,333.66,336.26,308.74982487
2020-11-08 02:00:00,334.6,337.5,335.74,335.07,124.72066218
2020-11-08 03:00:00,332.98,335.59,335.23,332.98,82.67527909
2020-11-08 04:00:00,331.61,334.79,333.63,333.4,37.20217635
2020-11-08 05:00:00,332.95,335.55,333.98,335.55,47.51859796
2020-11-08 06:00:00,333.27,335.39,335.19,333.55,87.93824654
2020-11-08 07:00:00,331.06,333.89,333.29,331.72,99.02170219
2020-11-08 08:00:00,331.65,333.67,333.29,333.42,253.46960608
2020-11-08 09:00:00,332.66,335.69,333.33,335.64,186.14875142
2020-11-08 10:00:00,334.92,340.01,335.93,338.93,458.83932512
2020-11-08 11:00:00,337.56,340.07,339.77,340.07,285.8796018
2020-11-08 12:00:00,337.78,341.0,339.7,339.64,538.44147734
2020-11-08 13:00:00,336.98,340.72,339.77,338.59,178.09485247
2020-11-08 14:00:00,337.51,345.96,338.92,345.96,286.66129971
2020-11-08 15:00:00,344.82,348.1,346.1,345.88,376.4275035
2020-11-08 16:00:00,343.38,347.02,346.23,345.29,476.35934414
2020-11-08 17:00:00,344.27,350.25,345.32,349.38,736.92840756
2020-11-08 18:00:00,345.4,350.22,349.12,347.96,465.98217518
2020-11-08 19:00:00,341.75,348.76,348.51,343.95,547.98178682
2020-11-08 20:00:00,342.0,345.2,344.17,343.8,205.98386285
2020-11-08 21:00:00,340.19,344.48,343.8,342.65,755.9848812
2020-11-08 22:00:00,342.41,346.41,342.41,346.27,412.67091732
2020-11-08 23:00:00,344.56,347.32,346.09,345.15,277.68872711
2020-11-09 00:00:00,343.38,348.0,345.15,347.51,345.42448032
2020-11-09 01:00:00,345.22,347.75,347.26,345.89,92.3957503
2020-11-09 02:00:00,343.17,345.81,345.39,343.48,422.42664461
2020-11-09 03:00:00,342.62,344.69,343.26,342.62,36.30499234
2020-11-09 04:00:00,340.97,343.43,342.07,342.22,72.20249997
2020-11-09 05:00:00,340.66,344.13,341.98,343.47,101.61220133
2020-11-09 06:00:00,340.27,344.14,343.57,341.2,222.01559475
2020-11-09 07:00:00,337.08,342.31,341.01,338.52,256.48944742
2020-11-09 08:00:00,335.89,341.83,339.08,341.31,357.16503901
2020-11-09 09:00:00,341.13,344.65,341.15,343.75,405.66366327
2020-11-09 10:00:00,343.4,346.0,344.14,344.99,679.40500872
2020-11-09 11:00:00,344.23,348.98,344.83,348.43,538.11121625
2020-11-09 12:00:00,343.33,349.0,348.51,345.45,932.12514587
2020-11-09 13:00:00,336.66,344.86,344.86,339.76,883.34547221
2020-11-09 14:00:00,337.5,341.27,339.4,338.57,890.53016927
2020-11-09 15:00:00,333.4,339.41,338.79,333.4,937.98128786
2020-11-09 16:00:00,331.28,337.85,333.1,337.61,1123.62252356
2020-11-09 17:00:00,336.93,339.7,337.35,339.53,147.87674488
2020-11-09 18:00:00,337.63,340.68,339.05,340.07,198.83314491
2020-11-09 19:00:00,339.13,341.18,340.31,339.97,450.45651731
2020-11-09 20:00:00,339.02,342.16,340.01,340.36,287.22221537
2020-11-09 21:00:00,340.06,342.97,340.16,340.9,226.4805748
2020-11-09 22:00:00,336.3,340.67,340.43,337.25,448.1498276
2020-11-09 23:00:00,336.95,340.16,337.8,338.33,952.39007364
2020-11-10 00:00:00,334.29,338.7,338.02,338.7,261.42807289
2020-11-10 01:00:00,337.72,341.08,337.93,340.33,46.88490356
2020-11-10 02:00:00,338.66,340.58,340.08,338.66,65.75141364
2020-11-10 03:00:00,337.72,341.69,338.56,341.62,137.49868895
2020-11-10 04:00:00,340.0,343.1,341.12,342.55,107.56812473
2020-11-10 05:00:00,340.67,343.75,343.33,341.76,115.72182299
2020-11-10 06:00:00,339.25,342.41,342.41,340.1,65.67079597
2020-11-10 07:00:00,339.59,342.54,340.99,341.62,221.48108351
2020-11-10 08:00:00,341.7,344.9,341.7,342.66,807.7284794
2020-11-10 09:00:00,341.95,344.9,342.7,342.69,411.84524159
2020-11-10 10:00:00,338.64,342.97,342.54,339.81,545.36597944
2020-11-10 11:00:00,336.24,341.04,339.53,338.44,749.18836407
2020-11-10 12:00:00,336.86,340.67,338.21,338.97,678.60419228
2020-11-10 13:00:00,336.45,338.97,338.97,338.58,625.09581442
2020-11-10 14:00:00,334.5,339.23,338.68,335.26,825.73379364
2020-11-10 15:00:00,333.53,335.98,334.92,335.5,655.57359379
2020-11-10 16:00:00,334.48,338.68,335.34,337.17,350.77465762
2020-11-10 17:00:00,336.65,338.4,336.92,338.31,302.58196369
2020-11-10 18:00:00,335.9,338.05,338.05,337.31,207.62126109
2020-11-10 19:00:00,336.59,339.59,337.65,339.03,187.04679719
2020-11-10 20:00:00,338.72,341.91,339.04,339.97,560.73296791
2020-11-10 21:00:00,339.67,341.84,339.79,340.66,261.65167893
2020-11-10 22:00:00,339.92,342.64,341.33,342.64,171.28250177
2020-11-10 23:00:00,339.24,343.0,342.94,339.97,158.49249643
2020-11-11 00:00:00,339.59,350.99,340.54,350.13,947.18148066
2020-11-11 01:00:00,348.72,351.98,351.0,349.83,532.00291563
2020-11-11 02:00:00,347.64,350.88,350.16,348.99,361.4797693
2020-11-11 03:00:00,347.52,350.14,348.75,349.34,63.91174251
2020-11-11 04:00:00,346.18,351.28,350.6,347.79,91.30832771
2020-11-11 05:00:00,345.61,348.24,347.35,347.59,87.62020981
2020-11-11 06:00:00,347.32,349.28,348.06,347.32,76.8849098
2020-11-11 07:00:00,345.88,349.02,347.58,348.56,435.45457374
2020-11-11 08:00:00,346.21,349.4,348.55,346.68,367.37535003
2020-11-11 09:00:00,344.34,348.21,346.82,346.51,1596.15698346
2020-11-11 10:00:00,346.32,350.52,346.51,350.52,375.44481854
2020-11-11 11:00:00,346.93,350.45,350.18,347.5,486.60634364
2020-11-11 12:00:00,346.17,350.11,347.44,349.54,341.21105646
2020-11-11 13:00:00,347.16,350.76,349.06,347.35,666.77872753
2020-11-11 14:00:00,347.03,351.87,347.35,350.35,563.0322461
2020-11-11 15:00:00,349.7,351.23,350.33,350.99,321.1654586
2020-11-11 16:00:00,350.78,358.89,351.23,356.79,1044.89170131
2020-11-11 17:00:00,354.21,358.23,356.64,356.12,971.13175294
2020-11-11 18:00:00,355.67,361.11,356.4,356.7,786.38883812
2020-11-11 19:00:00,354.03,358.03,356.48,355.01,519.34985046
2020-11-11 20:00:00,349.0,355.11,355.05,353.4,576.55511355
2020-11-11 21:00:00,350.33,353.52,353.42,353.52,358.43586808
2020-11-11 22:00:00,352.0,354.83,353.52,352.58,395.60424113
2020-11-11 23:00:00,350.21,352.86,352.07,352.06,278.08299515
2020-11-12 00:00:00,341.76,351.31,350.83,347.02,1313.85891679
2020-11-12 01:00:00,346.67,348.11,346.82,347.55,104.74942344
2020-11-12 02:00:00,346.69,348.41,347.84,346.92,108.72207816
2020-11-12 03:00:00,347.3,348.64,348.31,347.52,58.50572887
2020-11-12 04:00:00,347.14,348.37,347.36,348.37,84.40937543
2020-11-12 05:00:00,348.26,350.22,348.26,349.53,40.77502994
2020-11-12 06:00:00,349.13,352.14,349.36,351.22,72.5409822
2020-11-12 07:00:00,350.68,354.51,351.32,353.83,190.72836843
2020-11-12 08:00:00,351.44,354.39,353.44,351.65,266.90498111
2020-11-12 09:00:00,351.63,356.67,351.63,355.81,222.33951902
2020-11-12 10:00:00,347.98,357.61,355.8,348.3,1095.17125298
2020-11-12 11:00:00,346.67,351.17,347.79,350.87,503.48742198
2020-11-12 12:00:00,350.63,352.85,350.74,352.25,293.33098625
2020-11-12 13:00:00,350.27,352.36,352.25,351.57,491.76795657
2020-11-12 14:00:00,347.32,353.69,351.49,349.75,488.39052394
2020-11-12 15:00:00,349.03,352.91,349.99,351.98,430.82429858
2020-11-12 16:00:00,347.71,352.24,352.24,348.98,554.17846171
2020-11-12 17:00:00,346.49,350.72,348.48,346.49,398.13598768
2020-11-12 18:00:00,345.85,349.4,346.4,348.74,343.08895704
2020-11-12 19:00:00,347.7,349.83,348.75,349.48,155.21992483
2020-11-12 20:00:00,348.79,351.21,349.13,350.15,231.82459919
2020-11-12 21:00:00,349.72,353.76,350.24,353.76,418.55513713
2020-11-12 22:00:00,352.19,355.0,353.82,353.4,466.92807018
2020-11-12 23:00:00,352.38,354.45,353.15,353.31,99.56867531
2020-11-13 00:00:00,352.75,356.2,354.0,355.08,289.8838554
2020-11-13 01:00:00,354.9,357.07,354.94,355.32,124.54442089
2020-11-13 02:00:00,353.23,356.22,355.67,354.67,524.03010639
2020-11-13 03:00:00,353.84,355.58,355.17,354.79,32.78484444
2020-11-13 04:00:00,353.95,355.66,354.83,354.06,130.54187161
2020-11-13 05:00:00,351.5,353.9,353.9,352.66,120.36701923
2020-11-13 06:00:00,351.46,352.88,352.63,352.1,93.95596657
2020-11-13 07:00:00,349.06,352.1,352.1,351.19,187.06776379
2020-11-13 08:00:00,349.62,355.27,351.19,354.98,339.76884493
2020-11-13 09:00:00,354.59,357.47,354.64,356.02,626.60519715
2020-11-13 10:00:00,351.2,356.28,355.74,352.53,342.65383213
2020-11-13 11:00:00,351.22,354.49,352.71,354.02,412.99523595
2020-11-13 12:00:00,353.24,356.99,354.15,354.89,288.22463124
2020-11-13 13:00:00,353.88,360.0,355.05,359.49,657.50091652
2020-11-13 14:00:00,356.9,361.03,359.36,359.78,369.30654323
2020-11-13 15:00:00,356.4,360.5,360.5,357.54,406.19206188
2020-11-13 16:00:00,354.38,359.41,357.79,357.14,701.40773146
2020-11-13 17:00:00,355.38,358.4,357.14,358.3,311.73729953
2020-11-13 18:00:00,357.73,359.57,358.5,359.17,324.61200752
2020-11-13 19:00:00,358.63,361.08,359.17,360.24,358.788824
2020-11-13 20:00:00,357.0,360.46,359.9,357.19,325.74831116
2020-11-13 21:00:00,357.0,358.71,357.6,358.41,131.12853978
2020-11-13 22:00:00,358.19,362.97,358.48,361.88,276.71596376
2020-11-13 23:00:00,360.48,362.56,361.88,362.03,219.30339133
2020-11-14 00:00:00,358.8,362.85,362.34,360.56,177.58275481
2020-11-14 01:00:00,357.98,360.13,359.86,357.98,199.33063582
2020-11-14 02:00:00,357.29,359.25,358.59,357.58,86.20302215
2020-11-14 03:00:00,357.48,359.2,357.74,358.33,25.44542415
2020-11-14 04:00:00,355.64,358.43,357.89,355.71,153.9905831
2020-11-14 05:00:00,354.61,356.57,355.25,356.57,140.48268314
2020-11-14 06:00:00,356.0,357.28,356.54,357.08,19.23578699
2020-11-14 07:00:00,353.46,356.95,356.95,354.93,259.83258878
2020-11-14 08:00:00,349.5,355.41,354.43,352.01,914.35456355
2020-11-14 09:00:00,346.39,351.93,351.93,346.59,880.427935
2020-11-14 10:00:00,345.0,349.58,346.34,346.76,701.10676602
2020-11-14 11:00:00,346.04,349.27,347.04,348.7,601.42441379
2020-11-14 12:00:00,347.21,350.32,348.6,350.09,447.27840935
2020-11-14 13:00:00,348.81,352.28,350.0,350.24,476.44760674
2020-11-14 14:00:00,350.23,351.79,350.43,350.61,161.88275194
2020-11-14 15:00:00,348.0,351.05,350.93,349.12,344.3186034
2020-11-14 16:00:00,346.8,351.12,348.39,347.41,285.62294378
2020-11-14 17:00:00,342.27,350.18,347.02,349.42,393.64914313
2020-11-14 18:00:00,348.85,350.36,349.73,349.96,130.48269251
2020-11-14 19:00:00,349.0,350.76,349.36,349.6,88.54781901
2020-11-14 20:00:00,348.08,350.8,349.58,350.71,181.05846539
2020-11-14 21:00:00,349.17,350.97,350.7,349.46,110.17486784
2020-11-14 22:00:00,349.48,351.6,349.55,351.26,119.34576334
2020-11-14 23:00:00,350.22,352.38,351.59,350.25,130.17940481
2020-11-15 00:00:00,349.74,351.79,350.25,351.65,88.93423965
2020-11-15 01:00:00,348.86,351.81,351.38,349.67,149.67663676
2020-11-15 02:00:00,348.0,349.77,349.64,348.41,41.32331575
2020-11-15 03:00:00,347.31,348.22,348.06,347.35,99.28445557
2020-11-15 04:00:00,347.3,349.09,347.3,349.09,8.2082615
2020-11-15 05:00:00,348.61,350.77,348.94,350.35,17.46596406
2020-11-15 06:00:00,349.68,350.94,350.03,349.99,27.41453444
2020-11-15 07:00:00,349.8,350.98,350.1,350.67,30.05901839
2020-11-15 08:00:00,350.22,351.69,350.79,350.48,96.85339322
2020-11-15 09:00:00,349.01,350.75,350.71,349.69,327.06607289
2020-11-15 10:00:00,347.68,349.95,349.77,348.16,255.58539229
2020-11-15 11:00:00,345.82,350.28,347.85,345.82,273.79337082
2020-11-15 12:00:00,345.5,348.7,345.5,346.92,133.48069873
2020-11-15 13:00:00,346.27,349.03,347.27,348.2,444.3492225
2020-11-15 14:00:00,347.55,349.21,348.32,347.68,182.2193599
2020-11-15 15:00:00,346.32,348.33,347.67,346.83,175.73587913
2020-11-15 16:00:00,344.0,347.58,346.82,344.29,1001.17475505
2020-11-15 17:00:00,338.49,344.77,344.14,339.13,905.21968454
2020-11-15 18:00:00,336.86,340.38,338.64,339.93,673.3171686
2020-11-15 19:00:00,338.02,340.84,339.54,339.0,334.67013405
2020-11-15 20:00:00,336.19,339.96,338.13,337.86,482.59686148
2020-11-15 21:00:00,336.64,338.72,337.35,337.76,258.44288917
2020-11-15 22:00:00,334.74,340.41,337.66,339.62,403.59573338
2020-11-15 23:00:00,339.71,342.46,339.71,340.13,202.45727469
2020-11-16 00:00:00,338.33,341.85,339.34,341.44,201.08497848
2020-11-16 01:00:00,340.32,342.55,341.76,341.09,34.48322473
2020-11-16 02:00:00,339.27,341.13,341.13,339.36,60.08633679
2020-11-16 03:00:00,339.29,341.74,339.59,341.08,14.02034577
2020-11-16 04:00:00,340.21,342.41,341.23,342.41,34.76835122
2020-11-16 05:00:00,342.06,344.06,342.32,342.5,109.71054328
2020-11-16 06:00:00,342.52,345.23,342.63,344.91,68.65932241
2020-11-16 07:00:00,344.32,346.0,345.7,344.71,92.26684448
2020-11-16 08:00:00,343.79,345.42,344.64,344.25,141.31973561
2020-11-16 09:00:00,342.19,344.99,344.86,344.68,167.2623632
2020-11-16 10:00:00,343.91,347.2,344.38,347.01,457.81600604
2020-11-16 11:00:00,343.84,347.2,347.1,343.84,531.63535188
2020-11-16 12:00:00,343.14,346.5,344.04,345.69,477.95637373
2020-11-16 13:00:00,345.12,347.86,345.69,347.12,185.95753579
2020-11-16 14:00:00,347.15,350.61,347.27,349.75,320.3094192
2020-11-16 15:00:00,348.27,349.95,349.76,349.9,387.93006778
2020-11-16 16:00:00,347.39,353.81,349.92,350.83,1113.88195212
2020-11-16 17:00:00,350.67,352.99,350.84,351.27,686.8604842
2020-11-16 18:00:00,350.42,352.61,351.79,350.67,486.88940127
2020-11-16 19:00:00,350.33,352.44,350.82,351.06,401.77788838
2020-11-16 20:00:00,350.55,351.92,351.4,351.92,247.73430363
2020-11-16 21:00:00,347.53,353.49,351.61,348.13,359.87773982
2020-11-16 22:00:00,347.85,350.56,348.22,350.23,491.31935216
2020-11-16 23:00:00,348.66,352.19,350.34,348.9,288.84405768
2020-11-17 00:00:00,348.67,354.99,349.12,354.64,290.05813331
2020-11-17 01:00:00,352.77,355.43,354.84,352.77,201.01385773
2020-11-17 02:00:00,351.24,353.79,352.44,351.58,56.50843465
2020-11-17 03:00:00,350.11,352.43,352.43,350.11,82.77911369
2020-11-17 04:00:00,350.29,353.41,350.29,352.8,47.16785967
2020-11-17 05:00:00,351.55,353.47,352.8,351.77,208.74532623
2020-11-17 06:00:00,351.81,353.26,352.0,351.92,78.64008878
2020-11-17 07:00:00,351.92,354.44,351.92,354.23,290.42225527
2020-11-17 08:00:00,352.67,354.83,354.27,352.77,336.70665662
2020-11-17 09:00:00,350.12,353.86,352.79,350.83,527.75315753
2020-11-17 10:00:00,350.61,352.62,350.61,352.62,366.55747348
2020-11-17 11:00:00,351.76,353.5,352.4,353.12,305.05032281
2020-11-17 12:00:00,352.0,357.78,353.09,356.91,782.83658366
2020-11-17 13:00:00,353.61,357.03,356.76,354.44,497.42880285
2020-11-17 14:00:00,353.45,357.97,353.58,355.85,915.49110411
2020-11-17 15:00:00,353.42,358.93,355.71,358.67,643.78310469
2020-11-17 16:00:00,357.53,366.46,359.0,364.73,1684.30159735
2020-11-17 17:00:00,360.1,366.56,364.61,363.28,957.33931348
2020-11-17 18:00:00,360.56,363.72,363.35,361.62,548.53214005
2020-11-17 19:00:00,360.25,366.17,361.81,364.89,969.75668578
2020-11-17 20:00:00,363.76,366.11,365.2,364.52,858.7452259
2020-11-17 21:00:00,361.26,364.91,364.56,363.04,257.39228702
2020-11-17 22:00:00,360.47,364.0,363.06,363.37,305.31513187
2020-11-17 23:00:00,363.18,365.5,363.2,364.67,475.60236959
2020-11-18 00:00:00,364.38,369.41,364.83,368.95,395.60300355
2020-11-18 01:00:00,366.45,369.0,368.94,369.0,106.15805087
2020-11-18 02:00:00,365.93,368.52,368.52,366.87,91.21526583
2020-11-18 03:00:00,364.74,368.98,367.21,368.67,102.56793266
2020-11-18 04:00:00,369.0,373.49,369.0,372.62,579.95198358
2020-11-18 05:00:00,345.47,373.32,373.0,355.17,2712.12544307
2020-11-18 06:00:00,352.91,360.48,355.08,358.17,324.12065258
2020-11-18 07:00:00,355.26,360.76,357.23,360.76,828.07049855
2020-11-18 08:00:00,359.97,364.3,360.34,362.25,867.34715847
2020-11-18 09:00:00,357.16,363.1,362.25,359.8,1795.11560953
2020-11-18 10:00:00,358.3,363.38,359.55,363.16,892.07492318
2020-11-18 11:00:00,359.36,363.15,363.15,362.36,642.19721911
2020-11-18 12:00:00,359.62,363.03,362.36,360.49,1311.2018625
2020-11-18 13:00:00,357.94,361.98,360.2,358.98,564.15708483
2020-11-18 14:00:00,355.4,361.62,358.73,355.72,914.04644134
2020-11-18 15:00:00,349.42,357.45,355.97,357.19,1254.4871252
2020-11-18 16:00:00,354.21,358.03,356.77,356.47,385.76127817
2020-11-18 17:00:00,355.49,359.17,356.16,357.84,470.18756314
2020-11-18 18:00:00,356.37,358.35,357.81,356.7,372.24115628
2020-11-18 19:00:00,355.22,358.46,356.69,356.65,205.39350606
2020-11-18 20:00:00,354.24,356.97,356.49,356.08,309.6188419
2020-11-18 21:00:00,355.54,358.26,356.2,357.93,405.21861187
2020-11-18 22:00:00,356.84,362.71,358.16,362.71,707.83512471
2020-11-18 23:00:00,360.32,363.0,362.63,361.99,310.24762609
2020-11-19 00:00:00,358.83,363.24,362.16,362.49,225.27137091
2020-11-19 01:00:00,361.03,363.1,362.55,363.1,105.00052262
2020-11-19 02:00:00,361.95,363.33,363.1,362.56,121.2144063
2020-11-19 03:00:00,361.31,363.27,362.69,361.59,92.36111931
2020-11-19 04:00:00,359.28,361.82,361.53,359.65,48.6731061
2020-11-19 05:00:00,359.65,360.85,359.65,360.85,35.96409663
2020-11-19 06:00:00,357.56,360.42,360.37,358.54,56.96876587
2020-11-19 07:00:00,356.44,359.0,358.5,356.8,214.69102256
2020-11-19 08:00:00,353.36,358.28,356.56,355.44,415.62205168
2020-11-19 09:00:00,352.42,356.53,355.24,353.7,469.97654905
2020-11-19 10:00:00,352.94,356.27,353.53,354.95,619.82466324
2020-11-19 11:00:00,354.48,358.06,354.96,358.06,363.61342332
2020-11-19 12:00:00,356.54,359.52,357.74,358.08,167.8069145
2020-11-19 13:00:00,358.21,361.0,358.21,360.54,340.88247604
2020-11-19 14:00:00,358.6,361.89,360.52,361.89,474.50957974
2020-11-19 15:00:00,359.86,362.1,361.57,360.67,277.30320894
2020-11-19 16:00:00,358.47,363.92,360.66,360.15,650.52671656
2020-11-19 17:00:00,358.36,360.2,360.0,359.31,182.7724415
2020-11-19 18:00:00,357.12,360.55,359.29,357.44,208.64557337
2020-11-19 19:00:00,356.26,358.7,357.31,358.14,259.3839899
2020-11-19 20:00:00,357.44,359.03,358.07,358.23,212.34428626
2020-11-19 21:00:00,356.45,359.59,358.39,357.22,641.57333447
2020-11-19 22:00:00,356.2,358.21,357.03,357.22,158.65609316
2020-11-19 23:00:00,354.88,358.14,357.59,357.01,463.42628121
2020-11-20 00:00:00,356.01,358.14,356.88,356.39,93.54561199
2020-11-20 01:00:00,356.34,362.4,356.34,362.4,116.23686683
2020-11-20 02:00:00,361.38,365.25,362.37,364.3,397.30318194
2020-11-20 03:00:00,364.06,368.0,364.14,366.14,144.92740641
2020-11-20 04:00:00,366.1,368.0,366.15,366.43,195.04664375
2020-11-20 05:00:00,363.86,366.68,366.68,365.09,136.15448532
2020-11-20 06:00:00,363.01,365.29,365.0,365.0,50.24964944
2020-11-20 07:00:00,364.3,372.24,365.0,370.5,1083.74935357
2020-11-20 08:00:00,370.41,378.3,371.78,378.3,1313.15514909
2020-11-20 09:00:00,371.54,377.58,377.25,373.79,999.54963887
2020-11-20 10:00:00,372.97,383.01,373.83,381.59,1135.47828672
2020-11-20 11:00:00,380.0,383.57,382.0,381.75,1096.48730936
2020-11-20 12:00:00,380.86,385.0,381.44,381.61,1016.78528811
2020-11-20 13:00:00,380.36,384.58,382.79,383.18,518.94421711
2020-11-20 14:00:00,380.65,385.58,383.55,382.45,996.49996941
2020-11-20 15:00:00,377.59,382.82,382.2,381.26,845.47243672
2020-11-20 16:00:00,381.0,384.67,381.5,383.49,435.52427545
2020-11-20 17:00:00,382.17,388.28,383.44,388.28,659.65288186
2020-11-20 18:00:00,379.81,388.25,388.02,383.01,1281.14027321
2020-11-20 19:00:00,381.76,385.48,383.02,384.44,334.38249923
2020-11-20 20:00:00,382.78,386.74,384.56,383.74,559.34679872
2020-11-20 21:00:00,381.95,384.2,383.81,384.09,526.93056472
2020-11-20 22:00:00,380.14,384.28,384.09,383.2,435.64655292
2020-11-20 23:00:00,381.31,385.6,383.4,384.42,938.58234293
2020-11-21 00:00:00,384.36,390.0,384.42,388.91,1018.97657721
2020-11-21 01:00:00,387.31,390.0,388.98,388.01,165.73844852
2020-11-21 02:00:00,382.1,390.68,388.28,383.4,809.51369623
2020-11-21 03:00:00,382.88,386.36,383.47,383.05,460.00322671
2020-11-21 04:00:00,379.67,383.62,383.09,381.0,856.92427547
2020-11-21 05:00:00,381.15,383.42,381.15,383.3,144.91799071
2020-11-21 06:00:00,382.79,386.33,382.79,384.85,149.91142642
2020-11-21 07:00:00,383.5,386.23,384.64,384.99,653.44823033
2020-11-21 08:00:00,384.9,390.99,384.9,390.99,531.02798691
2020-11-21 09:00:00,385.64,391.22,390.99,386.47,609.18034884
2020-11-21 10:00:00,385.69,389.56,386.55,386.5,606.98977221
2020-11-21 11:00:00,384.0,387.96,387.67,384.8,698.40816654
2020-11-21 12:00:00,382.8,389.35,384.8,387.98,774.36170733
2020-11-21 13:00:00,388.16,395.51,388.16,395.32,866.08459363
2020-11-21 14:00:00,393.41,403.29,395.63,402.96,2773.09283862
2020-11-21 15:00:00,400.17,407.97,403.03,405.95,1464.0497647
2020-11-21 16:00:00,402.97,413.38,406.34,407.57,2328.98032193
2020-11-21 17:00:00,403.13,411.51,408.14,411.17,1081.47533987
2020-11-21 18:00:00,407.0,412.07,411.46,408.96,667.13626787
2020-11-21 19:00:00,406.19,412.0,409.05,409.08,780.92897425
2020-11-21 20:00:00,405.33,409.0,408.81,408.76,1283.90663961
2020-11-21 21:00:00,405.77,410.92,408.77,410.44,592.54529568
2020-11-21 22:00:00,404.71,410.32,410.17,409.23,472.93461428
2020-11-21 23:00:00,407.21,417.1,409.52,416.66,563.06703895
2020-11-22 00:00:00,411.03,423.57,416.62,415.78,1598.0756635
2020-11-22 01:00:00,404.98,420.75,415.75,409.27,1525.99261394
2020-11-22 02:00:00,409.39,415.74,409.39,413.63,294.52444471
2020-11-22 03:00:00,412.07,415.04,413.74,414.83,127.89962596
2020-11-22 04:00:00,410.94,414.23,413.69,412.73,140.28171915
2020-11-22 05:00:00,408.99,413.98,412.67,410.45,53.00506518
2020-11-22 06:00:00,406.81,411.52,410.4,410.28,130.07013238
2020-11-22 07:00:00,404.0,409.44,409.44,408.36,338.00016402
2020-11-22 08:00:00,403.38,409.06,408.96,404.08,590.18926558
2020-11-22 09:00:00,402.44,411.36,403.13,410.5,1018.35381645
2020-11-22 10:00:00,403.6,410.67,410.5,407.0,969.16209462
2020-11-22 11:00:00,385.0,408.19,406.49,393.05,3904.69343244
2020-11-22 12:00:00,391.87,399.65,392.94,397.96,1660.02809364
2020-11-22 13:00:00,396.31,403.72,398.14,402.26,873.38150863
2020-11-22 14:00:00,399.03,404.0,402.0,400.23,842.05903654
2020-11-22 15:00:00,399.75,403.52,400.31,403.46,328.10831316
2020-11-22 16:00:00,402.14,419.06,402.79,417.5,1862.04000994
2020-11-22 17:00:00,414.64,418.86,417.46,417.11,801.27024576
2020-11-22 18:00:00,417.53,428.55,417.53,424.95,1505.93888826
2020-11-22 19:00:00,424.9,434.11,424.9,432.92,752.15423926
2020-11-22 20:00:00,423.78,434.58,432.64,427.87,1711.35138134
2020-11-22 21:00:00,425.88,434.12,428.64,433.04,524.31648688
2020-11-22 22:00:00,430.4,438.49,432.63,433.3,940.03066263
2020-11-22 23:00:00,419.88,433.38,433.07,422.29,1341.0257312
2020-11-23 00:00:00,414.99,428.72,422.17,416.1,947.34599018
2020-11-23 01:00:00,413.66,423.41,416.2,421.28,814.86455344
2020-11-23 02:00:00,420.49,423.92,421.62,422.31,141.19059342
2020-11-23 03:00:00,420.84,434.0,421.24,431.49,375.67311714
2020-11-23 04:00:00,430.6,440.94,430.81,438.88,652.63604
2020-11-23 05:00:00,434.21,439.15,438.88,436.17,245.60823781
2020-11-23 06:00:00,431.26,441.07,434.82,441.07,397.03400393
2020-11-23 07:00:00,435.02,440.57,440.43,437.1,497.10083288
2020-11-23 08:00:00,436.07,440.0,437.66,436.25,614.51088318
2020-11-23 09:00:00,435.69,446.8,436.99,444.1,1508.75372571
2020-11-23 10:00:00,440.69,448.08,444.55,447.61,1318.72977424
2020-11-23 11:00:00,442.79,448.48,447.61,443.23,2693.41167462
2020-11-23 12:00:00,438.96,446.33,443.61,445.21,1858.95992119
2020-11-23 13:00:00,432.74,449.76,445.0,448.82,2948.59453512
2020-11-23 14:00:00,446.25,455.0,448.55,450.11,2112.59892905
2020-11-23 15:00:00,441.45,451.56,450.51,445.32,1409.52631053
2020-11-23 16:00:00,438.79,449.87,445.32,449.11,1186.84272404
2020-11-23 17:00:00,447.82,453.3,449.15,449.29,687.18639167
2020-11-23 18:00:00,445.05,450.0,449.6,447.14,693.4249041
2020-11-23 19:00:00,444.79,449.75,446.67,449.33,668.66058469
2020-11-23 20:00:00,446.78,449.99,449.32,449.36,561.30360014
2020-11-23 21:00:00,446.45,456.97,449.28,455.66,1333.66382333
2020-11-23 22:00:00,452.13,461.82,455.25,459.17,1121.56763754
2020-11-23 23:00:00,453.2,459.58,458.88,458.48,638.30074513
2020-11-24 00:00:00,452.34,460.99,458.35,458.71,466.72716347
2020-11-24 01:00:00,458.8,467.56,458.8,464.8,1282.31065909
2020-11-24 02:00:00,460.56,465.93,465.01,461.13,361.2829415
2020-11-24 03:00:00,460.21,463.82,460.77,460.84,150.57236385
2020-11-24 04:00:00,460.32,465.37,460.33,465.28,135.76937291
2020-11-24 05:00:00,460.21,463.6,463.27,461.37,759.61567976
2020-11-24 06:00:00,444.85,461.59,461.06,456.83,1525.26555712
2020-11-24 07:00:00,453.59,460.0,456.89,455.6,726.34746791
2020-11-24 08:00:00,456.02,468.0,456.02,466.61,1216.61246371
2020-11-24 09:00:00,455.08,466.81,466.55,456.51,1429.93712942
2020-11-24 10:00:00,445.21,459.2,456.51,455.46,3062.26639405
2020-11-24 11:00:00,448.84,456.92,455.46,455.64,1441.70248121
2020-11-24 12:00:00,445.92,455.64,455.64,449.79,1180.74057842
2020-11-24 13:00:00,446.16,455.47,449.93,454.34,1087.61686256
2020-11-24 14:00:00,451.68,456.17,454.44,452.27,951.5436187
2020-11-24 15:00:00,451.36,456.04,452.27,455.66,697.62002484
2020-11-24 16:00:00,452.71,459.99,455.99,456.31,838.98341373
2020-11-24 17:00:00,455.41,458.96,455.75,456.41,706.6614539
2020-11-24 18:00:00,452.91,457.19,456.2,455.49,428.25632666
2020-11-24 19:00:00,455.03,458.09,455.5,455.97,533.02807013
2020-11-24 20:00:00,452.22,459.74,455.25,455.34,669.51454365
2020-11-24 21:00:00,447.77,459.0,454.78,449.47,745.36311606
2020-11-24 22:00:00,447.77,452.91,449.48,452.46,474.38568957
2020-11-24 23:00:00,451.31,454.51,452.78,454.06,453.39390517
2020-11-25 00:00:00,450.53,454.5,453.96,451.18,268.80924532
2020-11-25 01:00:00,451.19,454.0,451.19,453.17,182.84133915
2020-11-25 02:00:00,445.11,453.01,453.01,445.12,391.31768304
2020-11-25 03:00:00,436.19,446.59,445.21,438.56,704.12238802
2020-11-25 04:00:00,436.5,442.25,438.55,436.59,279.02249127
2020-11-25 05:00:00,435.24,443.31,436.23,443.08,414.0162429
2020-11-25 06:00:00,441.31,447.2,442.46,444.51,523.70923234
2020-11-25 07:00:00,442.65,447.73,444.27,444.12,491.24288022
2020-11-25 08:00:00,444.28,449.97,444.42,447.79,500.47900799
2020-11-25 09:00:00,446.09,448.63,447.55,447.16,342.57930939
2020-11-25 10:00:00,447.36,454.73,447.38,453.1,592.42600612
2020-11-25 11:00:00,450.13,453.79,453.21,451.82,392.51623315
2020-11-25 12:00:00,447.19,452.64,452.26,449.95,598.28769972
2020-11-25 13:00:00,444.2,453.04,449.95,446.93,651.94418251
2020-11-25 14:00:00,443.86,448.62,445.61,446.79,440.60228707
2020-11-25 15:00:00,443.54,448.0,446.84,444.25,445.21153448
2020-11-25 16:00:00,439.39,447.0,444.88,440.23,1180.00157067
2020-11-25 17:00:00,435.63,441.41,440.5,441.09,1354.79155487
2020-11-25 18:00:00,440.1,443.37,440.94,441.99,449.82819594
2020-11-25 19:00:00,435.09,442.77,441.99,437.66,1149.93834822
2020-11-25 20:00:00,428.17,439.97,437.95,434.4,1432.24245006
2020-11-25 21:00:00,430.74,437.01,433.95,432.7,806.21685078
2020-11-25 22:00:00,420.0,433.7,431.76,424.35,1578.4782753
2020-11-25 23:00:00,412.59,429.61,424.83,424.65,1921.35348585
2020-11-26 00:00:00,421.17,431.0,424.77,430.12,1090.27328599
2020-11-26 01:00:00,424.39,430.46,429.87,425.73,554.49479346
2020-11-26 02:00:00,412.72,425.48,425.48,414.77,600.17040973
2020-11-26 03:00:00,377.02,414.36,414.36,398.99,3688.47875995
2020-11-26 04:00:00,388.34,402.02,398.46,393.88,1004.40988384
2020-11-26 05:00:00,390.88,399.61,392.42,395.08,572.57032415
2020-11-26 06:00:00,392.1,399.07,394.68,397.66,801.3473767
2020-11-26 07:00:00,379.28,397.8,397.65,385.75,2909.66348346
2020-11-26 08:00:00,350.0,386.77,385.75,369.87,9157.65312514
2020-11-26 09:00:00,365.47,379.91,369.87,377.72,3726.37473427
2020-11-26 10:00:00,377.25,385.23,378.38,385.01,3516.60667829
2020-11-26 11:00:00,382.05,391.62,385.1,384.21,3633.86558371
2020-11-26 12:00:00,381.31,396.87,384.32,394.36,1834.9535451
2020-11-26 13:00:00,384.71,396.16,394.47,384.71,1205.96552164
2020-11-26 14:00:00,377.0,387.52,385.03,380.0,1199.59393021
2020-11-26 15:00:00,377.0,398.19,379.99,380.8,1958.04696507
2020-11-26 16:00:00,371.17,384.63,382.2,371.62,1258.4584268
2020-11-26 17:00:00,360.72,374.96,371.81,370.67,3222.03518981
2020-11-26 18:00:00,368.64,379.36,371.02,370.91,1428.70290203
2020-11-26 19:00:00,365.04,376.93,370.91,374.98,1397.37750298
2020-11-26 20:00:00,375.1,397.09,375.84,393.5,3281.45140545
2020-11-26 21:00:00,384.07,394.18,393.46,385.18,1377.91710691
2020-11-26 22:00:00,384.5,391.54,386.3,390.76,505.15668146
2020-11-26 23:00:00,384.53,390.45,390.45,390.0,404.86848331
2020-11-27 00:00:00,386.37,397.46,390.74,396.27,497.02012749
2020-11-27 01:00:00,393.2,397.82,397.03,394.38,315.21820666
2020-11-27 02:00:00,386.33,396.32,394.53,389.11,381.20707949
2020-11-27 03:00:00,388.38,392.82,389.46,388.83,143.85346651
2020-11-27 04:00:00,388.92,393.22,388.92,392.25,80.30989714
2020-11-27 05:00:00,392.41,396.5,393.11,394.78,524.93496894
2020-11-27 06:00:00,391.82,395.17,394.83,393.89,293.35257896
2020-11-27 07:00:00,385.16,393.89,393.89,387.43,462.3056623
2020-11-27 08:00:00,377.03,387.46,387.46,381.2,1198.17090604
2020-11-27 09:00:00,377.06,386.7,380.9,378.47,1784.94673338
2020-11-27 10:00:00,378.52,385.62,378.52,384.91,803.74362142
2020-11-27 11:00:00,379.46,385.13,384.91,381.75,413.9879838
2020-11-27 12:00:00,380.91,386.32,382.06,386.08,291.21286394
2020-11-27 13:00:00,383.66,388.75,385.81,384.13,339.56694064
2020-11-27 14:00:00,379.78,385.5,383.65,381.22,431.35230373
2020-11-27 15:00:00,370.0,384.97,380.34,370.0,931.67450848
2020-11-27 16:00:00,371.0,381.46,372.07,381.44,431.99928251
2020-11-27 17:00:00,378.26,381.41,380.56,378.8,445.50989422
2020-11-27 18:00:00,378.12,383.39,378.98,381.24,378.88215803
2020-11-27 19:00:00,379.88,383.14,381.44,381.42,433.78184669
2020-11-27 20:00:00,379.88,387.99,381.58,387.3,829.20439661
2020-11-27 21:00:00,381.81,388.59,387.09,387.86,641.47765477
2020-11-27 22:00:00,385.64,389.92,388.09,386.5,281.12509886
2020-11-27 23:00:00,386.3,390.45,386.3,390.09,151.13462334
2020-11-28 00:00:00,386.84,391.31,389.96,389.4,162.5029677
2020-11-28 01:00:00,388.53,391.76,389.37,391.32,125.75249499
2020-11-28 02:00:00,386.11,390.75,390.7,386.55,117.22032661
2020-11-28 03:00:00,386.08,387.77,386.55,387.49,42.25641359
2020-11-28 04:00:00,383.87,388.05,388.05,385.19,77.10491788
2020-11-28 05:00:00,384.14,386.19,385.75,386.11,9.73393466
2020-11-28 06:00:00,385.86,387.43,386.25,387.43,17.3135171
2020-11-28 07:00:00,386.77,388.29,387.4,387.16,61.54610206
2020-11-28 08:00:00,381.92,388.91,387.36,382.77,199.05945316
2020-11-28 09:00:00,381.91,384.88,383.06,383.96,247.44586447
2020-11-28 10:00:00,384.1,390.5,384.1,389.15,160.23767534
2020-11-28 11:00:00,387.47,391.08,389.15,390.49,233.7163735
2020-11-28 12:00:00,388.55,391.6,390.51,390.5,167.10464939
2020-11-28 13:00:00,389.01,398.0,390.56,398.0,407.80267044
2020-11-28 14:00:00,395.13,398.91,397.98,397.29,1164.04621092
2020-11-28 15:00:00,396.04,404.39,396.96,403.29,1101.3171937
2020-11-28 16:00:00,403.09,409.28,403.29,406.54,1641.15334762
2020-11-28 17:00:00,402.71,408.43,407.3,407.96,632.8377494
2020-11-28 18:00:00,407.78,412.39,408.58,409.07,696.44928663
2020-11-28 19:00:00,406.59,411.83,409.53,411.59,314.61075842
2020-11-28 20:00:00,407.59,413.06,412.2,408.35,455.75882345
2020-11-28 21:00:00,404.03,409.92,409.16,409.62,329.20389572
2020-11-28 22:00:00,408.0,412.39,409.8,409.29,373.1551363
2020-11-28 23:00:00,403.39,410.31,408.85,405.43,268.65608392
2020-11-29 00:00:00,400.0,406.23,404.52,404.4,817.61359814
2020-11-29 01:00:00,399.88,405.62,404.32,401.27,278.91015973
2020-11-29 02:00:00,400.67,407.48,400.74,406.62,205.34329144
2020-11-29 03:00:00,407.17,409.49,407.72,407.84,79.81414212
2020-11-29 04:00:00,405.73,408.99,408.15,405.8,101.21323158
2020-11-29 05:00:00,405.66,408.2,405.8,406.72,90.32593172
2020-11-29 06:00:00,404.52,406.72,406.72,405.74,109.35445658
2020-11-29 07:00:00,404.19,408.64,404.65,407.92,97.60273488
2020-11-29 08:00:00,407.88,415.42,407.88,414.91,391.7419162
2020-11-29 09:00:00,412.7,417.34,414.91,415.11,427.98220818
2020-11-29 10:00:00,413.97,419.0,414.94,418.6,633.87629839
2020-11-29 11:00:00,413.81,420.83,418.69,415.04,587.21264949
2020-11-29 12:00:00,412.0,417.27,415.9,415.68,459.04576272
2020-11-29 13:00:00,415.29,417.95,415.29,417.94,347.15548512
2020-11-29 14:00:00,416.08,419.4,418.09,416.45,226.84285812
2020-11-29 15:00:00,415.06,418.84,416.0,418.38,186.7156369
2020-11-29 16:00:00,413.67,419.82,418.46,417.41,365.84367922
2020-11-29 17:00:00,416.17,419.41,416.17,417.23,284.30980821
2020-11-29 18:00:00,414.68,417.56,417.44,417.56,239.08118929
2020-11-29 19:00:00,415.03,417.98,417.23,415.46,297.07106137
2020-11-29 20:00:00,415.21,419.36,415.51,419.19,197.28297571
2020-11-29 21:00:00,419.19,428.28,419.19,426.48,754.00613895
2020-11-29 22:00:00,423.68,430.0,427.2,429.07,387.72447378
2020-11-29 23:00:00,429.74,434.78,429.74,432.85,568.30185166
2020-11-30 00:00:00,432.85,444.0,432.85,441.49,1375.97031552
2020-11-30 01:00:00,437.2,445.0,441.15,440.93,501.86763003
2020-11-30 02:00:00,439.78,442.07,441.38,440.06,131.02857421
2020-11-30 03:00:00,436.76,441.72,439.48,440.79,255.17857735
2020-11-30 04:00:00,438.51,440.94,440.79,439.07,150.39598553
2020-11-30 05:00:00,437.54,441.51,438.7,437.89,34.23087151
2020-11-30 06:00:00,434.83,438.9,437.9,437.75,270.35714443
2020-11-30 07:00:00,437.51,441.46,437.84,438.94,225.3898805
2020-11-30 08:00:00,430.0,439.48,439.04,433.77,892.29963685
2020-11-30 09:00:00,429.47,435.19,434.1,433.06,389.74661553
2020-11-30 10:00:00,431.91,438.49,432.69,436.78,395.06439154
2020-11-30 11:00:00,436.79,443.84,436.81,441.66,868.77082644
2020-11-30 12:00:00,441.72,448.97,441.83,448.71,757.87510421
2020-11-30 13:00:00,443.69,452.46,449.0,451.04,977.90941829
2020-11-30 14:00:00,448.85,458.54,451.03,452.27,1838.78012371
2020-11-30 15:00:00,440.8,457.0,452.47,446.32,2113.56828857
2020-11-30 16:00:00,446.88,460.7,446.88,450.92,2266.84652101
2020-11-30 17:00:00,446.85,455.29,450.92,453.89,851.85885447
2020-11-30 18:00:00,447.3,455.75,455.75,448.17,537.26407586
2020-11-30 19:00:00,447.01,453.0,447.37,451.51,387.51847182
2020-11-30 20:00:00,449.29,455.34,451.35,454.89,580.80015858
2020-11-30 21:00:00,453.82,457.0,454.54,454.45,580.17863892
2020-11-30 22:00:00,452.0,458.0,454.17,458.0,450.30795977
2020-11-30 23:00:00,456.07,461.9,458.0,461.89,1038.8903353
2020-12-01 00:00:00,451.46,462.0,461.78,453.81,694.15633355
2020-12-01 01:00:00,452.19,458.37,453.06,457.04,269.89819558
2020-12-01 02:00:00,454.97,457.94,457.31,457.56,163.91732655
2020-12-01 03:00:00,452.9,457.39,457.25,453.29,214.27644101
2020-12-01 04:00:00,451.0,455.38,452.9,451.81,237.37888968
2020-12-01 05:00:00,450.51,455.68,451.99,455.01,240.14388716
2020-12-01 06:00:00,452.78,458.0,455.49,453.31,201.03052501
2020-12-01 07:00:00,452.9,457.54,452.96,457.16,397.21434133
2020-12-01 08:00:00,454.82,458.03,456.62,455.64,335.45906013
2020-12-01 09:00:00,455.07,461.15,455.64,461.15,503.80747577
2020-12-01 10:00:00,461.23,470.93,461.23,470.71,2448.55113697
2020-12-01 11:00:00,449.5,476.95,470.37,462.52,4487.51513615
2020-12-01 12:00:00,420.09,464.39,462.66,433.1,8939.65017105
2020-12-01 13:00:00,425.0,446.87,433.08,442.19,3542.94895416
2020-12-01 14:00:00,437.0,460.47,441.18,458.62,2293.37133899
2020-12-01 15:00:00,447.03,464.04,458.6,452.74,2008.55592034
2020-12-01 16:00:00,438.0,455.98,452.95,443.76,1746.0615099
2020-12-01 17:00:00,435.88,446.05,444.14,444.33,905.4574802
2020-12-01 18:00:00,439.0,444.93,444.67,439.63,558.08804415
2020-12-01 19:00:00,438.92,448.62,439.42,447.59,960.7713165
2020-12-01 20:00:00,440.83,449.08,447.59,443.27,487.85289602
2020-12-01 21:00:00,442.24,447.07,443.44,444.3,345.0575362
2020-12-01 22:00:00,439.75,448.56,444.87,440.78,649.53068712
2020-12-01 23:00:00,435.48,441.65,440.74,436.66,653.87939466
2020-12-02 00:00:00,429.53,443.5,436.19,442.51,810.46212696
2020-12-02 01:00:00,440.3,445.74,442.23,443.76,117.19209554
2020-12-02 02:00:00,438.13,443.88,443.79,438.78,164.82758743
2020-12-02 03:00:00,434.81,441.14,438.0,437.9,129.64832702
2020-12-02 04:00:00,430.59,438.67,438.24,434.76,143.71625265
2020-12-02 05:00:00,431.88,437.45,434.51,437.45,49.24774549
2020-12-02 06:00:00,437.19,442.98,437.43,442.98,114.23888775
2020-12-02 07:00:00,441.0,448.36,444.0,447.76,311.3349821
2020-12-02 08:00:00,445.66,451.1,447.32,449.0,875.7987649
2020-12-02 09:00:00,446.24,452.73,449.15,446.29,487.64226418
2020-12-02 10:00:00,444.77,449.77,447.25,449.16,387.15053947
2020-12-02 11:00:00,446.65,451.56,449.02,449.54,473.45739039
2020-12-02 12:00:00,442.53,448.85,448.85,445.49,462.80034932
2020-12-02 13:00:00,444.86,449.59,446.05,446.09,286.15125872
2020-12-02 14:00:00,443.55,448.75,445.94,444.04,857.52537649
2020-12-02 15:00:00,440.0,445.5,444.0,443.59,693.0363853
2020-12-02 16:00:00,437.88,444.05,443.63,438.03,1059.29696142
2020-12-02 17:00:00,437.57,442.01,437.57,442.01,294.38805557
2020-12-02 18:00:00,441.53,447.38,441.96,445.96,599.49995371
2020-12-02 19:00:00,443.68,448.0,446.74,447.3,190.97631463
2020-12-02 20:00:00,446.04,449.0,447.72,446.85,196.39465217
2020-12-02 21:00:00,445.18,448.62,446.85,447.68,204.08723095
2020-12-02 22:00:00,446.26,450.1,447.68,446.26,189.65212703
2020-12-02 23:00:00,446.35,449.51,447.22,446.79,199.97047656
2020-12-03 00:00:00,445.9,449.43,447.27,446.47,155.26012508
2020-12-03 01:00:00,441.71,446.59,446.59,443.4,168.50772972
2020-12-03 02:00:00,442.51,444.87,443.27,443.93,48.34825861
2020-12-03 03:00:00,443.6,447.2,443.6,445.5,35.51267585
2020-12-03 04:00:00,443.5,446.95,444.94,443.54,15.13014079
2020-12-03 05:00:00,439.76,444.96,444.31,439.89,87.00006156
2020-12-03 06:00:00,438.64,442.6,439.69,442.04,100.52633003
2020-12-03 07:00:00,439.18,448.59,441.73,447.37,277.94566039
2020-12-03 08:00:00,445.2,454.0,447.3,452.74,520.13720586
2020-12-03 09:00:00,448.2,453.81,453.25,453.44,398.9711277
2020-12-03 10:00:00,451.07,458.94,453.04,457.68,300.87798404
2020-12-03 11:00:00,454.51,458.86,457.99,456.56,467.01744227
2020-12-03 12:00:00,450.73,457.5,456.88,454.16,384.41909494
2020-12-03 13:00:00,451.77,456.64,454.44,453.14,197.39467954
2020-12-03 14:00:00,453.07,457.98,453.4,454.7,416.34211371
2020-12-03 15:00:00,452.9,459.79,453.99,459.3,312.88323926
2020-12-03 16:00:00,451.85,463.46,459.38,457.06,896.68736179
2020-12-03 17:00:00,453.3,457.52,457.21,456.13,292.60574161
2020-12-03 18:00:00,456.02,458.27,456.04,458.27,312.83129081
2020-12-03 19:00:00,455.16,458.08,457.76,457.26,357.08385014
2020-12-03 20:00:00,454.79,457.94,457.04,455.2,324.89472089
2020-12-03 21:00:00,455.1,458.9,455.16,458.42,274.27872467
2020-12-03 22:00:00,457.29,459.13,458.42,458.88,189.97520854
2020-12-03 23:00:00,458.71,460.93,458.79,459.13,277.47792768
2020-12-04 00:00:00,457.0,461.12,457.94,459.51,274.86725348
2020-12-04 01:00:00,455.14,460.43,459.36,455.48,74.85195371
2020-12-04 02:00:00,449.44,456.91,455.03,449.92,296.0968621
2020-12-04 03:00:00,447.4,452.8,449.97,447.4,94.98836446
2020-12-04 04:00:00,448.76,452.72,448.76,452.12,237.8040836
2020-12-04 05:00:00,449.56,452.84,451.69,451.07,52.71148797
2020-12-04 06:00:00,450.71,452.87,451.3,451.71,179.89153251
2020-12-04 07:00:00,449.5,452.51,452.0,451.64,229.46653244
2020-12-04 08:00:00,451.59,457.12,451.75,456.2,209.85912158
2020-12-04 09:00:00,452.05,456.16,456.16,452.4,394.60092435
2020-12-04 10:00:00,439.46,452.53,452.44,442.28,2405.25400656
2020-12-04 11:00:00,433.01,444.64,442.0,435.76,1042.13066395
2020-12-04 12:00:00,432.0,440.69,435.66,440.56,906.28445859
2020-12-04 13:00:00,437.9,443.39,440.78,439.05,651.03276539
2020-12-04 14:00:00,435.74,441.16,438.58,438.67,488.38033958
2020-12-04 15:00:00,436.0,439.63,439.04,436.77,435.55561816
2020-12-04 16:00:00,433.29,438.02,436.09,438.02,568.93694815
2020-12-04 17:00:00,437.3,439.52,437.81,438.16,439.15835688
2020-12-04 18:00:00,437.08,441.26,437.83,440.04,144.99818969
2020-12-04 19:00:00,439.4,441.43,440.21,440.46,245.71605531
2020-12-04 20:00:00,436.8,440.86,440.86,439.11,247.85801524
2020-12-04 21:00:00,431.69,439.93,439.33,433.23,893.92211069
2020-12-04 22:00:00,420.83,434.01,432.62,424.4,1521.57160783
2020-12-04 23:00:00,421.86,430.0,424.29,423.52,833.02339114
2020-12-05 00:00:00,417.91,427.4,422.93,426.58,724.08603052
2020-12-05 01:00:00,423.7,428.25,427.17,423.82,199.25842179
2020-12-05 02:00:00,423.85,430.07,423.85,428.81,300.89143104
2020-12-05 03:00:00,428.11,431.81,429.05,431.03,129.9903371
2020-12-05 04:00:00,429.82,432.88,430.1,432.42,148.43028177
2020-12-05 05:00:00,431.87,438.15,431.87,436.7,37.2538659
2020-12-05 06:00:00,435.53,439.48,436.84,439.48,138.12831702
2020-12-05 07:00:00,436.43,438.77,438.77,437.14,85.88520027
2020-12-05 08:00:00,437.07,444.61,437.07,444.61,168.12053483
2020-12-05 09:00:00,440.87,445.23,444.9,443.12,277.84575241
2020-12-05 10:00:00,440.95,444.37,443.26,442.82,289.06880994
2020-12-05 11:00:00,438.44,442.82,442.82,440.59,191.88715608
2020-12-05 12:00:00,439.41,442.05,440.84,441.59,153.30392382
2020-12-05 13:00:00,436.47,441.87,441.7,438.04,181.09192434
2020-12-05 14:00:00,437.94,441.79,438.33,440.76,256.98911422
2020-12-05 15:00:00,440.55,443.57,441.36,441.99,182.31141867
2020-12-05 16:00:00,440.11,444.99,442.07,442.88,311.52024529
2020-12-05 17:00:00,440.94,443.93,443.22,443.93,199.19540866
2020-12-05 18:00:00,441.71,443.94,442.75,442.44,199.1113672
2020-12-05 19:00:00,442.08,444.77,442.44,443.71,90.94169478
2020-12-05 20:00:00,440.92,444.43,444.34,442.05,199.94346403
2020-12-05 21:00:00,441.75,444.57,442.55,441.9,109.81605941
2020-12-05 22:00:00,440.31,442.45,441.54,440.82,181.70032846
2020-12-05 23:00:00,440.82,445.01,440.82,445.01,185.48001384
2020-12-06 00:00:00,445.46,451.0,445.46,450.53,516.27338846
2020-12-06 01:00:00,448.87,452.0,450.53,449.44,195.65339962
2020-12-06 02:00:00,446.73,449.25,448.75,447.05,43.88396689
2020-12-06 03:00:00,443.3,447.57,447.35,444.29,75.71216713
2020-12-06 04:00:00,444.2,446.57,444.28,445.65,33.25699425
2020-12-06 05:00:00,443.52,446.03,445.8,444.2,48.16053443
2020-12-06 06:00:00,443.36,446.11,444.41,445.45,64.01808946
2020-12-06 07:00:00,444.34,447.61,445.38,447.51,128.41424749
2020-12-06 08:00:00,440.0,448.38,448.38,440.46,243.31775408
2020-12-06 09:00:00,437.59,442.33,440.5,440.3,459.97740571
2020-12-06 10:00:00,438.5,441.23,440.3,439.72,284.36782175
2020-12-06 11:00:00,438.59,442.14,439.96,441.35,287.30511296
2020-12-06 12:00:00,437.56,442.09,441.51,438.45,527.15474436
2020-12-06 13:00:00,434.79,439.84,438.47,437.95,422.56473019
2020-12-06 14:00:00,437.25,443.21,437.73,442.97,282.646343
2020-12-06 15:00:00,441.85,444.33,442.53,442.86,235.31386459
2020-12-06 16:00:00,440.93,445.63,442.88,442.08,204.12817543
2020-12-06 17:00:00,441.59,444.05,442.81,443.39,106.5623606
2020-12-06 18:00:00,442.32,444.27,443.39,442.82,159.102177
2020-12-06 19:00:00,442.01,444.48,443.04,444.02,140.99126137
2020-12-06 20:00:00,443.62,445.0,444.48,444.31,271.76213456
2020-12-06 21:00:00,442.9,446.88,444.1,446.88,206.5745135
2020-12-06 22:00:00,441.17,447.49,446.59,443.37,370.43521877
2020-12-06 23:00:00,443.78,450.0,444.23,449.09,801.20548222
2020-12-07 00:00:00,445.35,449.34,449.13,445.78,74.12887054
2020-12-07 01:00:00,440.55,446.23,446.19,443.55,119.46771947
2020-12-07 02:00:00,441.51,443.26,442.94,441.81,43.53803253
2020-12-07 03:00:00,441.55,443.52,442.11,443.46,65.54140221
2020-12-07 04:00:00,442.36,444.98,443.43,444.43,90.88576469
2020-12-07 05:00:00,443.65,446.11,444.32,445.11,9.91147286
2020-12-07 06:00:00,444.65,448.87,444.93,447.58,133.7296516
2020-12-07 07:00:00,447.23,449.96,447.52,449.23,99.57438441
2020-12-07 08:00:00,447.27,450.9,449.52,450.31,242.22853124
2020-12-07 09:00:00,448.22,451.0,450.41,448.71,192.04162773
2020-12-07 10:00:00,446.33,449.26,448.61,447.02,172.58355313
2020-12-07 11:00:00,445.16,448.57,447.16,445.51,213.63504956
2020-12-07 12:00:00,445.47,450.33,445.47,450.01,228.91532096
2020-12-07 13:00:00,447.11,450.11,450.11,447.31,221.13597103
2020-12-07 14:00:00,444.71,448.33,447.1,446.98,166.50690021
2020-12-07 15:00:00,446.46,448.71,446.72,446.95,150.64940978
2020-12-07 16:00:00,444.65,447.16,446.46,444.93,146.12994909
2020-12-07 17:00:00,443.58,445.7,445.28,444.19,281.28361171
2020-12-07 18:00:00,439.33,444.98,444.25,440.07,862.53112926
2020-12-07 19:00:00,438.57,441.21,439.73,439.39,527.16710534
2020-12-07 20:00:00,437.5,440.49,439.21,438.97,791.31319925
2020-12-07 21:00:00,437.98,441.39,438.9,440.73,122.78766425
2020-12-07 22:00:00,440.42,442.76,440.77,442.54,323.59188995
2020-12-07 23:00:00,441.4,444.81,442.54,443.12,129.07198144
2020-12-08 00:00:00,441.14,443.57,443.38,443.3,120.13632498
2020-12-08 01:00:00,440.41,443.37,443.2,441.98,84.47338845
2020-12-08 02:00:00,441.06,442.33,442.07,441.91,19.87508223
2020-12-08 03:00:00,439.68,441.61,441.61,441.08,67.15703555
2020-12-08 04:00:00,440.6,442.58,440.6,441.92,24.58736748
2020-12-08 05:00:00,442.54,445.89,442.62,445.89,57.00022067
2020-12-08 06:00:00,441.58,445.26,444.96,443.62,39.3729202
2020-12-08 07:00:00,440.73,443.93,443.89,440.73,97.14875031
2020-12-08 08:00:00,436.59,441.55,441.2,438.19,536.35100578
2020-12-08 09:00:00,429.34,438.5,438.13,429.75,950.80587353
2020-12-08 10:00:00,428.62,433.76,430.06,431.52,839.84719547
2020-12-08 11:00:00,430.4,435.44,431.55,431.45,811.5681032
2020-12-08 12:00:00,428.54,434.59,432.67,432.36,560.1762892
2020-12-08 13:00:00,431.28,434.51,432.74,434.08,604.45022037
2020-12-08 14:00:00,433.15,435.84,434.29,434.06,256.92806156
2020-12-08 15:00:00,430.3,435.31,434.07,430.35,420.54465859
2020-12-08 16:00:00,427.64,433.44,430.13,429.9,416.03845475
2020-12-08 17:00:00,429.77,432.8,430.02,431.93,160.95041637
2020-12-08 18:00:00,429.13,432.25,432.1,429.13,451.06199693
2020-12-08 19:00:00,427.6,430.99,429.64,427.6,197.87288668
2020-12-08 20:00:00,422.01,430.1,427.92,422.99,710.46835019
2020-12-08 21:00:00,419.93,426.05,422.64,424.02,657.03772376
2020-12-08 22:00:00,416.29,426.91,424.01,416.29,485.93382865
2020-12-08 23:00:00,412.0,418.6,416.29,416.1,1226.30420205
2020-12-09 00:00:00,411.41,416.3,415.65,411.41,500.56805966
2020-12-09 01:00:00,405.93,414.02,411.61,409.24,746.17730003
2020-12-09 02:00:00,408.68,413.7,409.15,411.34,177.84211297
2020-12-09 03:00:00,411.14,413.8,411.29,413.8,91.87885008
2020-12-09 04:00:00,409.72,413.89,413.89,410.35,150.31569585
2020-12-09 05:00:00,408.49,411.64,410.48,410.7,216.06367399
2020-12-09 06:00:00,410.0,412.46,411.54,411.76,184.19650691
2020-12-09 07:00:00,402.38,411.62,411.44,403.14,615.81368153
2020-12-09 08:00:00,395.92,405.87,402.66,403.37,1967.27099445
2020-12-09 09:00:00,403.21,409.94,403.37,409.47,1436.69834772
2020-12-09 10:00:00,407.55,417.53,409.47,416.65,880.21559701
2020-12-09 11:00:00,415.0,421.5,416.55,419.19,814.64969749
2020-12-09 12:00:00,417.48,423.08,419.14,417.48,585.8530504
2020-12-09 13:00:00,417.03,426.05,417.89,425.6,1123.99445781
2020-12-09 14:00:00,425.31,428.99,425.61,426.92,684.95077115
2020-12-09 15:00:00,420.41,426.94,426.94,423.85,485.40342687
2020-12-09 16:00:00,421.12,425.94,422.71,425.69,255.60824865
2020-12-09 17:00:00,423.37,429.72,425.77,426.32,380.79253232
2020-12-09 18:00:00,422.88,429.3,426.39,424.32,275.2052854
2020-12-09 19:00:00,423.96,426.35,424.99,425.12,185.81106407
2020-12-09 20:00:00,423.14,429.18,425.19,427.98,187.39423967
2020-12-09 21:00:00,427.77,431.45,428.3,429.78,382.62139889
2020-12-09 22:00:00,429.54,432.8,429.81,431.41,554.54402214
2020-12-09 23:00:00,429.21,432.8,431.0,429.21,219.14271344
2020-12-10 00:00:00,423.88,430.88,430.1,423.88,191.15287897
2020-12-10 01:00:00,422.19,428.29,423.89,428.29,256.1260951
2020-12-10 02:00:00,423.65,428.11,427.68,425.71,113.14332464
2020-12-10 03:00:00,424.5,427.84,424.5,424.93,59.14303457
2020-12-10 04:00:00,424.21,427.52,424.21,425.04,22.74004792
2020-12-10 05:00:00,421.01,425.24,425.24,423.73,45.19252264
2020-12-10 06:00:00,419.91,423.82,423.79,420.55,230.38325236
2020-12-10 07:00:00,420.96,424.34,420.96,424.04,76.32774832
2020-12-10 08:00:00,424.04,427.27,424.04,425.76,260.32100177
2020-12-10 09:00:00,419.42,427.89,426.04,419.99,309.53515833
2020-12-10 10:00:00,416.6,421.52,419.99,417.0,620.79800424
2020-12-10 11:00:00,415.76,420.41,417.06,419.23,452.54755412
2020-12-10 12:00:00,418.51,421.79,418.76,418.51,263.82539927
2020-12-10 13:00:00,415.12,423.46,418.79,423.46,475.03630311
2020-12-10 14:00:00,415.0,423.71,423.68,417.04,299.72811353
2020-12-10 15:00:00,412.88,420.61,417.56,420.61,489.26117226
2020-12-10 16:00:00,418.86,423.22,419.18,421.28,502.36734995
2020-12-10 17:00:00,419.25,422.12,421.67,421.05,237.33143752
2020-12-10 18:00:00,420.81,423.88,421.15,422.37,480.70802782
2020-12-10 19:00:00,421.05,426.0,422.32,426.0,141.30545464
2020-12-10 20:00:00,425.45,428.02,426.64,425.52,701.8045413
2020-12-10 21:00:00,423.79,426.98,425.92,424.56,205.52126922
2020-12-10 22:00:00,422.41,425.45,424.56,423.83,248.16748045
2020-12-10 23:00:00,419.88,425.07,424.04,420.08,257.50029402
2020-12-11 00:00:00,411.8,421.64,420.55,413.62,587.11166137
2020-12-11 01:00:00,407.94,415.48,412.86,411.26,743.02168871
2020-12-11 02:00:00,408.0,411.8,410.82,408.0,268.76698662
2020-12-11 03:00:00,406.33,412.23,408.17,410.08,249.1786453
2020-12-11 04:00:00,409.07,411.24,410.44,411.24,160.2063674
2020-12-11 05:00:00,408.4,412.18,411.55,410.03,166.99037453
2020-12-11 06:00:00,407.39,410.77,409.97,409.86,105.83674817
2020-12-11 07:00:00,403.27,409.86,409.86,408.7,602.91235696
2020-12-11 08:00:00,408.7,414.78,408.7,413.21,891.60504895
2020-12-11 09:00:00,406.95,413.29,413.06,409.97,493.25888296
2020-12-11 10:00:00,406.42,413.43,409.95,409.27,377.8619789
2020-12-11 11:00:00,405.03,411.52,408.75,409.07,477.3146768
2020-12-11 12:00:00,407.61,414.43,408.61,413.12,385.28559793
2020-12-11 13:00:00,412.88,418.49,413.02,417.52,484.33026891
2020-12-11 14:00:00,415.95,420.0,417.05,419.47,459.37038861
2020-12-11 15:00:00,417.0,420.37,419.12,419.4,440.9838964
2020-12-11 16:00:00,414.05,419.63,419.63,416.1,323.04568705
2020-12-11 17:00:00,411.54,416.35,416.17,412.33,262.41392601
2020-12-11 18:00:00,411.19,415.69,412.35,415.16,193.32135769
2020-12-11 19:00:00,413.0,416.8,415.05,413.85,279.66224046
2020-12-11 20:00:00,412.33,415.43,413.85,414.32,142.06039792
2020-12-11 21:00:00,412.42,416.0,414.32,415.97,223.37075469
2020-12-11 22:00:00,415.0,417.62,416.35,416.27,299.98871032
2020-12-11 23:00:00,411.73,416.96,416.63,411.84,505.81522192
2020-12-12 00:00:00,411.09,421.0,411.43,421.0,683.75252523
2020-12-12 01:00:00,418.91,421.95,421.61,420.02,191.75039403
2020-12-12 02:00:00,419.08,422.16,419.69,421.42,107.71086806
2020-12-12 03:00:00,420.22,421.78,420.87,420.54,43.67150852
2020-12-12 04:00:00,419.88,424.1,420.32,424.0,147.63298771
2020-12-12 05:00:00,421.8,424.61,424.0,421.88,49.33782684
2020-12-12 06:00:00,420.79,423.55,422.86,421.91,74.56381286
2020-12-12 07:00:00,422.39,424.54,422.41,424.16,102.26266108
2020-12-12 08:00:00,421.61,424.52,424.52,422.77,249.21072659
2020-12-12 09:00:00,421.19,424.05,422.65,421.63,142.65822549
2020-12-12 10:00:00,420.1,422.88,421.93,420.95,235.91096314
2020-12-12 11:00:00,420.58,424.46,420.6,424.44,432.34497983
2020-12-12 12:00:00,422.14,425.0,424.62,423.02,407.2924604
2020-12-12 13:00:00,421.24,423.18,423.02,421.34,81.15606593
2020-12-12 14:00:00,418.36,422.45,421.53,420.07,425.90184066
2020-12-12 15:00:00,418.33,421.46,419.65,420.5,269.07399687
2020-12-12 16:00:00,419.01,421.5,420.73,419.78,129.50594269
2020-12-12 17:00:00,418.46,422.47,419.67,422.46,129.25118102
2020-12-12 18:00:00,421.95,428.75,422.49,428.1,435.78795922
2020-12-12 19:00:00,427.93,431.61,428.3,430.98,425.24496895
2020-12-12 20:00:00,429.49,433.82,431.99,430.67,392.31702114
2020-12-12 21:00:00,430.38,433.47,430.58,432.8,78.91929042
2020-12-12 22:00:00,432.26,434.95,432.75,433.39,170.72484822
2020-12-12 23:00:00,429.88,433.39,433.38,431.25,236.68382395
2020-12-13 00:00:00,428.18,431.78,431.78,429.07,81.59445683
2020-12-13 01:00:00,427.79,430.0,427.79,429.0,129.93805127
2020-12-13 02:00:00,427.44,429.65,428.4,429.65,106.93140907
2020-12-13 03:00:00,428.65,429.9,429.75,428.91,19.79785958
2020-12-13 04:00:00,428.07,431.77,429.22,431.26,83.93606223
2020-12-13 05:00:00,431.65,433.7,431.65,431.78,47.43166779
2020-12-13 06:00:00,431.48,434.4,432.41,434.4,45.23771466
2020-12-13 07:00:00,434.29,439.0,434.49,439.0,451.78581256
2020-12-13 08:00:00,436.23,441.0,438.42,439.92,360.54128385
2020-12-13 09:00:00,437.25,442.57,438.42,441.75,312.56627775
2020-12-13 10:00:00,440.7,444.0,442.05,442.0,294.80436996
2020-12-13 11:00:00,440.34,443.93,442.0,443.01,278.25549546
2020-12-13 12:00:00,440.78,445.0,443.09,444.01,308.89532694
2020-12-13 13:00:00,441.63,445.56,444.53,442.28,415.30051493
2020-12-13 14:00:00,440.55,443.43,442.43,442.38,181.24597891
2020-12-13 15:00:00,438.66,443.37,442.74,442.0,222.2665017
2020-12-13 16:00:00,442.0,448.89,442.0,447.76,505.10128126
2020-12-13 17:00:00,445.86,448.58,447.49,448.5,178.05914954
2020-12-13 18:00:00,445.18,448.47,448.3,446.38,260.94980523
2020-12-13 19:00:00,445.43,447.25,445.97,445.48,120.93791194
2020-12-13 20:00:00,439.31,445.48,445.48,440.94,413.12101707
2020-12-13 21:00:00,440.51,443.13,440.84,443.04,177.72890532
2020-12-13 22:00:00,437.5,443.32,443.23,441.38,357.44400927
2020-12-13 23:00:00,441.21,444.75,441.48,443.03,110.92654184
2020-12-14 00:00:00,437.18,443.03,443.03,439.07,155.9460731
2020-12-14 01:00:00,437.9,440.82,438.88,438.49,38.76158902
2020-12-14 02:00:00,438.81,442.73,438.81,442.7,29.07726895
2020-12-14 03:00:00,441.65,444.16,441.84,442.86,47.0731065
2020-12-14 04:00:00,438.21,443.68,442.77,439.66,67.07164881
2020-12-14 05:00:00,438.25,439.63,439.63,439.47,23.04129396
2020-12-14 06:00:00,439.39,441.0,439.5,441.0,36.66850818
2020-12-14 07:00:00,438.12,441.0,441.0,438.12,77.7182291
2020-12-14 08:00:00,437.62,439.86,438.0,439.54,147.32981651
2020-12-14 09:00:00,437.01,439.99,439.45,438.31,218.60487236
2020-12-14 10:00:00,430.43,438.64,438.64,431.64,719.87054979
2020-12-14 11:00:00,429.2,432.99,432.09,432.76,263.0417697
2020-12-14 12:00:00,430.47,434.53,432.38,432.53,198.25152632
2020-12-14 13:00:00,430.34,435.68,432.3,434.85,225.00230509
2020-12-14 14:00:00,432.76,436.0,434.9,436.0,151.92920725
2020-12-14 15:00:00,435.78,441.0,435.78,438.63,386.07929177
2020-12-14 16:00:00,435.92,439.25,438.63,436.56,115.0046236
2020-12-14 17:00:00,435.14,437.51,436.35,437.09,174.06558631
2020-12-14 18:00:00,436.57,439.99,437.56,438.95,200.04900699
2020-12-14 19:00:00,438.14,439.69,439.35,439.05,195.4509813
2020-12-14 20:00:00,435.89,440.9,439.16,440.33,341.09014847
2020-12-14 21:00:00,438.87,441.0,440.76,440.03,170.12940506
2020-12-14 22:00:00,439.54,441.72,440.02,441.6,183.98368579
2020-12-14 23:00:00,439.42,441.88,441.79,440.05,93.08473144
2020-12-15 00:00:00,439.44,442.0,440.08,441.66,58.73817718
2020-12-15 01:00:00,440.69,444.0,442.0,443.98,78.94172678
2020-12-15 02:00:00,443.87,447.19,443.87,444.75,259.53498922
2020-12-15 03:00:00,443.2,445.37,444.46,444.64,131.73878486
2020-12-15 04:00:00,437.66,444.38,444.38,437.66,271.32268796
2020-12-15 05:00:00,434.02,439.67,438.38,436.95,310.91836733
2020-12-15 06:00:00,436.69,438.4,436.69,438.4,29.24385587
2020-12-15 07:00:00,437.69,440.0,438.23,439.78,104.3363227
2020-12-15 08:00:00,438.16,440.39,439.72,439.41,270.16186594
2020-12-15 09:00:00,436.77,439.55,439.46,438.66,217.80798381
2020-12-15 10:00:00,436.64,442.32,438.41,441.8,327.88417443
2020-12-15 11:00:00,437.92,441.46,441.46,437.92,202.05195118
2020-12-15 12:00:00,437.5,440.81,437.63,438.81,206.03272946
2020-12-15 13:00:00,437.84,439.65,438.47,438.91,107.88059051
2020-12-15 14:00:00,436.08,440.18,439.93,437.02,234.17387595
2020-12-15 15:00:00,436.97,438.67,437.55,437.81,94.25031345
2020-12-15 16:00:00,435.21,437.74,437.74,437.01,374.63240983
2020-12-15 17:00:00,436.3,438.13,436.74,437.06,239.30893946
2020-12-15 18:00:00,436.2,439.49,437.08,439.49,316.75921321
2020-12-15 19:00:00,439.41,442.39,439.41,441.91,221.18420671
2020-12-15 20:00:00,439.85,442.49,442.05,439.96,189.10876656
2020-12-15 21:00:00,436.8,440.88,440.69,438.13,141.73799896
2020-12-15 22:00:00,436.02,438.65,437.77,437.57,233.5524244
2020-12-15 23:00:00,436.0,439.28,438.0,438.61,49.02289025
2020-12-16 00:00:00,434.75,438.97,438.97,436.18,63.18029962
2020-12-16 01:00:00,434.35,436.91,436.45,435.95,49.56976574
2020-12-16 02:00:00,435.77,436.87,436.3,436.59,34.20587711
2020-12-16 03:00:00,434.15,436.34,435.83,434.15,23.88860242
2020-12-16 04:00:00,432.46,435.31,434.15,433.88,62.27839756
2020-12-16 05:00:00,433.76,434.9,434.9,434.66,58.42038742
2020-12-16 06:00:00,434.82,436.36,435.08,435.95,180.71683678
2020-12-16 07:00:00,434.09,436.59,435.55,434.67,355.08819031
2020-12-16 08:00:00,432.81,436.11,434.58,436.11,300.29045202
2020-12-16 09:00:00,434.23,436.27,435.91,436.02,82.70441492
2020-12-16 10:00:00,435.57,441.0,436.0,440.57,562.75109938
2020-12-16 11:00:00,438.61,442.59,441.34,439.67,506.99723842
2020-12-16 12:00:00,438.0,443.59,439.87,438.8,429.87605464
2020-12-16 13:00:00,438.54,451.5,438.54,451.5,1169.82843416
2020-12-16 14:00:00,450.19,463.17,451.45,458.93,2632.16024487
2020-12-16 15:00:00,455.04,460.83,459.17,459.46,1578.14345681
2020-12-16 16:00:00,459.68,466.29,459.95,465.96,962.08923965
2020-12-16 17:00:00,460.75,465.95,465.0,461.9,653.55723942
2020-12-16 18:00:00,457.01,463.0,462.38,458.84,550.40842816
2020-12-16 19:00:00,457.62,461.78,458.84,460.98,2697.75243128
2020-12-16 20:00:00,458.86,462.6,461.89,460.47,598.61125772
2020-12-16 21:00:00,460.15,467.71,460.76,465.12,447.91438181
2020-12-16 22:00:00,464.6,471.06,465.5,470.39,757.86257013
2020-12-16 23:00:00,466.01,473.0,470.29,472.54,1083.72351351
2020-12-17 00:00:00,471.86,479.85,471.86,477.9,881.20764801
2020-12-17 01:00:00,473.85,481.79,478.3,475.23,553.3393314
2020-12-17 02:00:00,473.62,477.84,476.22,476.98,121.96753693
2020-12-17 03:00:00,468.35,480.95,477.13,471.66,185.84507289
2020-12-17 04:00:00,470.55,472.59,471.72,471.53,30.14180734
2020-12-17 05:00:00,471.2,478.5,471.74,478.24,97.5346309
2020-12-17 06:00:00,474.13,478.17,477.22,475.33,254.28070564
2020-12-17 07:00:00,474.39,478.18,475.44,477.59,596.22420653
2020-12-17 08:00:00,475.36,484.07,477.06,479.13,1063.60843501
2020-12-17 09:00:00,466.04,484.93,478.62,472.59,1778.95427134
2020-12-17 10:00:00,472.59,493.17,472.59,491.17,2228.19588502
2020-12-17 11:00:00,482.05,490.73,490.73,486.32,713.17567051
2020-12-17 12:00:00,483.43,490.91,486.32,490.06,773.13344369
2020-12-17 13:00:00,481.23,491.27,490.03,485.01,647.84970586
2020-12-17 14:00:00,483.38,490.73,485.67,488.66,897.51055755
2020-12-17 15:00:00,486.38,490.38,487.52,489.81,419.74093485
2020-12-17 16:00:00,488.68,500.0,490.3,495.41,2710.48409752
2020-12-17 17:00:00,477.02,495.75,495.31,478.11,1217.36197262
2020-12-17 18:00:00,462.0,486.31,478.95,481.48,2185.06450703
2020-12-17 19:00:00,474.93,484.98,481.3,476.83,985.38807182
2020-12-17 20:00:00,465.05,480.79,477.64,472.97,1146.00175709
2020-12-17 21:00:00,460.81,474.18,472.85,470.66,1381.64323703
2020-12-17 22:00:00,469.9,477.85,469.9,474.67,518.14738815
2020-12-17 23:00:00,468.17,474.8,474.18,473.4,445.60386582
2020-12-18 00:00:00,464.0,473.71,473.71,471.26,559.52959432
2020-12-18 01:00:00,468.11,479.03,470.8,475.54,318.41266637
2020-12-18 02:00:00,474.77,481.82,475.23,480.38,131.28904919
2020-12-18 03:00:00,474.26,480.61,480.04,475.54,54.83195494
2020-12-18 04:00:00,473.25,477.32,476.49,473.74,132.74656451
2020-12-18 05:00:00,474.74,477.36,475.22,476.25,87.55984395
2020-12-18 06:00:00,475.43,478.67,476.21,475.54,120.00152739
2020-12-18 07:00:00,472.88,476.58,475.94,476.54,184.74467368
2020-12-18 08:00:00,475.0,482.48,478.26,481.49,320.2036236
2020-12-18 09:00:00,477.24,490.0,481.06,490.0,494.32478949
2020-12-18 10:00:00,482.07,492.66,491.0,482.96,453.04035163
2020-12-18 11:00:00,477.76,484.99,481.36,481.5,1009.16224537
2020-12-18 12:00:00,477.16,484.21,481.63,481.62,381.32805108
2020-12-18 13:00:00,472.95,482.49,481.66,473.02,371.27876879
2020-12-18 14:00:00,468.53,476.12,473.79,474.59,579.13794753
2020-12-18 15:00:00,469.56,474.87,474.87,473.3,394.37963109
2020-12-18 16:00:00,471.03,478.25,473.58,476.79,441.87925481
2020-12-18 17:00:00,476.15,480.55,476.89,480.28,274.87091392
2020-12-18 18:00:00,477.37,480.49,479.43,478.76,182.47588404
2020-12-18 19:00:00,475.0,479.24,478.83,478.48,162.8726438
2020-12-18 20:00:00,477.52,481.17,478.99,481.17,609.6144226
2020-12-18 21:00:00,481.23,485.0,481.23,482.21,389.43998463
2020-12-18 22:00:00,478.63,484.23,482.08,482.64,240.79183217
2020-12-18 23:00:00,480.42,485.99,482.46,485.04,208.1031022
2020-12-19 00:00:00,480.14,486.0,484.6,480.91,153.36437159
2020-12-19 01:00:00,479.08,482.35,480.76,481.45,116.61832739
2020-12-19 02:00:00,480.78,487.6,480.78,486.75,181.37145407
2020-12-19 03:00:00,485.5,488.3,487.91,486.0,212.68132298
2020-12-19 04:00:00,484.94,487.4,485.1,485.14,87.68166195
2020-12-19 05:00:00,483.15,486.0,485.94,484.01,68.57202505
2020-12-19 06:00:00,480.61,484.53,483.49,480.83,61.59810147
2020-12-19 07:00:00,481.41,483.7,481.54,481.56,111.17712494
2020-12-19 08:00:00,479.83,484.79,481.63,484.33,255.90881134
2020-12-19 09:00:00,483.39,485.41,485.41,484.54,187.0223596
2020-12-19 10:00:00,484.06,487.69,484.12,484.84,271.38066305
2020-12-19 11:00:00,482.05,486.53,485.15,484.35,338.46731632
2020-12-19 12:00:00,483.89,489.99,484.07,486.37,700.41062211
2020-12-19 13:00:00,483.9,487.53,486.71,487.43,661.14184602
2020-12-19 14:00:00,481.91,490.0,487.41,487.07,958.81871431
2020-12-19 15:00:00,483.24,489.95,486.83,486.39,498.31712373
2020-12-19 16:00:00,485.88,494.99,486.64,492.4,1223.10379842
2020-12-19 17:00:00,490.35,498.0,492.6,492.37,762.35504221
2020-12-19 18:00:00,486.7,492.54,492.37,489.84,467.57299139
2020-12-19 19:00:00,487.86,490.54,489.66,489.75,418.89994595
2020-12-19 20:00:00,489.5,495.77,489.6,495.08,494.75655381
2020-12-19 21:00:00,493.22,496.67,494.8,495.22,349.10691372
2020-12-19 22:00:00,490.8,495.13,495.13,493.19,235.08905212
2020-12-19 23:00:00,487.44,493.08,492.88,488.95,310.72329909
2020-12-20 00:00:00,477.57,488.65,488.65,481.43,949.96301538
2020-12-20 01:00:00,480.0,482.75,481.53,480.98,357.07389186
2020-12-20 02:00:00,479.85,482.05,480.98,480.17,165.09913142
2020-12-20 03:00:00,477.59,481.59,480.12,479.55,118.94702413
2020-12-20 04:00:00,475.62,480.91,478.08,480.49,263.89885486
2020-12-20 05:00:00,480.16,482.65,480.16,481.1,99.90935117
2020-12-20 06:00:00,480.47,484.16,481.36,482.98,61.78384754
2020-12-20 07:00:00,482.27,487.85,483.1,487.57,338.62371686
2020-12-20 08:00:00,485.18,488.91,487.58,487.0,213.63450494
2020-12-20 09:00:00,485.33,490.19,486.96,488.12,497.78412114
2020-12-20 10:00:00,482.81,488.74,488.03,482.81,517.67294059
2020-12-20 11:00:00,483.08,485.85,483.6,484.73,390.40513819
2020-12-20 12:00:00,478.5,485.26,484.16,480.87,600.46307353
2020-12-20 13:00:00,477.99,482.71,482.21,480.57,369.69336355
2020-12-20 14:00:00,479.91,484.46,480.75,481.86,164.29866651
2020-12-20 15:00:00,481.57,485.4,482.07,485.4,523.60841942
2020-12-20 16:00:00,480.58,485.75,485.61,481.08,381.05739825
2020-12-20 17:00:00,480.0,482.87,480.81,480.81,297.29213348
2020-12-20 18:00:00,478.73,482.42,480.58,482.12,188.74220662
2020-12-20 19:00:00,480.32,483.32,482.39,483.3,598.90337647
2020-12-20 20:00:00,482.64,489.42,483.16,487.56,582.13977982
2020-12-20 21:00:00,470.82,488.49,488.32,472.22,1516.93175262
2020-12-20 22:00:00,464.0,474.91,471.45,474.67,1684.95586792
2020-12-20 23:00:00,473.61,478.78,474.52,476.79,683.70653739
2020-12-21 00:00:00,473.97,481.0,476.49,480.07,593.05718085
2020-12-21 01:00:00,478.69,482.37,479.37,480.6,107.17540654
2020-12-21 02:00:00,480.02,482.51,480.61,482.51,147.39055254
2020-12-21 03:00:00,479.92,484.48,482.85,482.43,147.43852899
2020-12-21 04:00:00,481.39,484.44,482.56,481.72,105.86047693
2020-12-21 05:00:00,480.03,482.96,482.19,480.44,82.1940253
2020-12-21 06:00:00,476.75,482.43,480.5,482.43,104.58270728
2020-12-21 07:00:00,482.46,486.9,482.63,486.9,178.9034884
2020-12-21 08:00:00,478.6,488.27,487.0,479.3,256.32790938
2020-12-21 09:00:00,470.91,481.2,478.07,474.49,770.59274364
2020-12-21 10:00:00,458.03,476.43,473.84,459.06,3097.79392148
2020-12-21 11:00:00,457.19,464.31,458.72,457.51,1658.62847043
2020-12-21 12:00:00,450.57,458.09,457.65,453.54,1766.44990642
2020-12-21 13:00:00,454.01,461.28,454.01,460.72,987.30117613
2020-12-21 14:00:00,456.31,467.48,460.33,466.97,958.58272276
2020-12-21 15:00:00,462.01,467.48,466.36,462.38,753.9951004
2020-12-21 16:00:00,456.73,465.31,462.05,460.62,801.62885914
2020-12-21 17:00:00,452.0,461.34,460.3,452.0,867.06334951
2020-12-21 18:00:00,451.5,458.9,451.5,456.01,527.12149533
2020-12-21 19:00:00,451.64,459.55,456.17,454.22,771.04620947
2020-12-21 20:00:00,452.41,456.52,454.55,454.24,257.48371993
2020-12-21 21:00:00,453.07,459.97,453.92,459.97,199.56696382
2020-12-21 22:00:00,458.05,460.24,459.48,460.02,231.82687444
2020-12-21 23:00:00,452.18,460.47,460.35,452.18,474.8058413
2020-12-22 00:00:00,451.0,457.5,453.11,452.28,444.00895385
2020-12-22 01:00:00,449.2,454.31,453.0,451.84,637.31811383
2020-12-22 02:00:00,451.51,457.22,451.71,456.62,92.53200809
2020-12-22 03:00:00,454.72,457.04,455.7,455.3,33.55565987
2020-12-22 04:00:00,456.56,459.32,456.56,458.0,108.07258965
2020-12-22 05:00:00,452.24,457.76,457.76,454.39,133.45962619
2020-12-22 06:00:00,450.34,453.98,453.98,450.34,154.28106813
2020-12-22 07:00:00,441.69,452.3,450.21,444.24,950.25706081
2020-12-22 08:00:00,438.09,445.79,444.61,445.53,726.57503301
2020-12-22 09:00:00,445.38,451.99,445.57,451.99,510.78491883
2020-12-22 10:00:00,448.9,454.71,452.0,449.63,791.8403815
2020-12-22 11:00:00,449.8,458.0,449.8,457.4,750.5341709
2020-12-22 12:00:00,455.32,459.4,457.39,457.16,572.68077547
2020-12-22 13:00:00,454.75,461.92,457.15,461.81,585.67738415
2020-12-22 14:00:00,460.39,464.27,461.55,463.66,317.8972354
2020-12-22 15:00:00,461.82,475.69,463.91,471.26,780.48061183
2020-12-22 16:00:00,467.31,476.27,471.25,470.96,677.37370578
2020-12-22 17:00:00,467.25,471.93,471.16,470.55,214.31141618
2020-12-22 18:00:00,469.18,471.85,470.55,471.33,262.30355238
2020-12-22 19:00:00,468.11,472.0,471.22,469.15,231.91080321
2020-12-22 20:00:00,466.5,470.28,469.15,468.29,392.70413984
2020-12-22 21:00:00,465.6,469.95,468.78,466.73,295.71661123
2020-12-22 22:00:00,464.09,472.0,466.59,472.0,513.25215113
2020-12-22 23:00:00,469.55,476.55,471.88,476.29,542.1173102
2020-12-23 00:00:00,472.54,477.27,475.6,477.12,353.47897523
2020-12-23 01:00:00,467.68,477.26,477.26,469.17,255.42433039
2020-12-23 02:00:00,463.32,469.51,469.23,467.02,284.53830688
2020-12-23 03:00:00,464.86,467.23,467.23,465.21,26.59447515
2020-12-23 04:00:00,460.65,465.79,465.21,460.75,112.18885996
2020-12-23 05:00:00,454.88,462.54,462.54,458.9,355.55907204
2020-12-23 06:00:00,457.17,460.85,459.0,457.82,210.39931941
2020-12-23 07:00:00,453.88,460.07,457.35,457.84,258.25149949
2020-12-23 08:00:00,456.14,462.43,457.96,457.15,379.7978987
2020-12-23 09:00:00,453.36,458.62,456.59,457.39,476.70055418
2020-12-23 10:00:00,450.0,458.61,457.39,450.54,642.06004471
2020-12-23 11:00:00,441.2,450.03,450.01,449.5,1579.37856783
2020-12-23 12:00:00,446.99,463.25,449.0,462.58,1092.16420664
2020-12-23 13:00:00,448.52,464.72,462.38,451.86,771.32306118
2020-12-23 14:00:00,449.53,454.23,451.62,453.32,399.43933082
2020-12-23 15:00:00,446.29,455.18,453.33,448.45,771.48138502
2020-12-23 16:00:00,442.35,452.07,448.72,442.94,917.10351858
2020-12-23 17:00:00,442.7,455.36,442.84,453.12,532.82814056
2020-12-23 18:00:00,451.51,455.02,452.88,452.52,283.21872102
2020-12-23 19:00:00,450.78,454.51,451.98,452.88,162.33687862
2020-12-23 20:00:00,449.35,454.88,453.53,449.99,236.90214565
2020-12-23 21:00:00,442.34,450.23,450.19,443.35,632.57023472
2020-12-23 22:00:00,405.35,445.73,443.51,434.27,3975.74458401
2020-12-23 23:00:00,431.08,440.86,433.94,434.29,1766.44652504
2020-12-24 00:00:00,419.85,434.23,433.3,427.02,1767.13870786
2020-12-24 01:00:00,424.53,434.12,426.52,434.03,615.68214155
2020-12-24 02:00:00,423.81,433.82,433.82,424.8,329.6386692
2020-12-24 03:00:00,422.16,426.92,424.8,425.15,431.02379842
2020-12-24 04:00:00,422.41,428.65,425.2,427.26,194.34054613
2020-12-24 05:00:00,425.07,430.1,427.24,428.2,142.93486378
2020-12-24 06:00:00,422.76,430.51,428.76,423.98,225.63929638
2020-12-24 07:00:00,421.55,429.77,423.79,428.38,254.64916475
2020-12-24 08:00:00,426.82,431.9,428.57,429.51,532.31198768
2020-12-24 09:00:00,428.03,430.78,430.67,430.36,654.03277267
2020-12-24 10:00:00,424.99,430.93,430.3,425.66,486.83865499
2020-12-24 11:00:00,423.22,432.82,426.0,429.72,590.73950444
2020-12-24 12:00:00,426.15,431.49,429.66,429.58,355.49252775
2020-12-24 13:00:00,428.63,442.36,429.68,440.04,589.58551771
2020-12-24 14:00:00,433.58,442.26,441.57,434.72,561.3137165
2020-12-24 15:00:00,435.54,440.0,435.54,439.37,463.12261777
2020-12-24 16:00:00,433.56,439.27,439.27,435.26,392.13385379
2020-12-24 17:00:00,434.14,440.0,435.35,439.96,246.98235604
2020-12-24 18:00:00,438.07,441.15,440.0,440.0,206.48948974
2020-12-24 19:00:00,438.54,441.79,440.74,439.68,94.21752885
2020-12-24 20:00:00,438.35,447.18,440.61,446.74,389.56352854
2020-12-24 21:00:00,446.16,450.99,446.46,447.31,299.37661658
2020-12-24 22:00:00,446.95,453.83,448.0,451.48,378.95323722
2020-12-24 23:00:00,449.32,454.0,451.84,452.33,585.17505569
2020-12-25 00:00:00,449.34,454.99,453.91,451.59,144.67003829
2020-12-25 01:00:00,450.94,453.9,451.84,452.24,217.96503988
2020-12-25 02:00:00,449.76,452.84,452.52,449.95,81.33034092
2020-12-25 03:00:00,446.89,451.08,449.35,447.42,184.07785736
2020-12-25 04:00:00,447.07,450.3,447.66,450.3,42.06725237
2020-12-25 05:00:00,447.85,450.88,449.6,450.2,44.59603953
2020-12-25 06:00:00,449.01,454.06,449.66,452.75,180.62396143
2020-12-25 07:00:00,450.1,452.85,452.85,452.45,65.48060992
2020-12-25 08:00:00,453.01,458.42,453.62,455.68,426.93695969
2020-12-25 09:00:00,454.91,461.21,456.23,459.44,337.08199662
2020-12-25 10:00:00,457.31,462.11,459.58,461.81,290.97966175
2020-12-25 11:00:00,460.29,467.79,461.74,466.27,821.06471229
2020-12-25 12:00:00,462.21,467.88,466.28,462.25,433.99255151
2020-12-25 13:00:00,461.7,464.51,462.24,463.67,394.37642366
2020-12-25 14:00:00,452.7,464.67,464.34,457.35,698.66844987
2020-12-25 15:00:00,452.82,460.0,457.62,453.79,260.67593533
2020-12-25 16:00:00,451.04,460.0,453.21,451.55,459.54218038
2020-12-25 17:00:00,448.81,455.31,451.41,454.1,469.79455293
2020-12-25 18:00:00,453.16,456.99,453.65,456.08,411.39800357
2020-12-25 19:00:00,453.54,458.35,456.49,457.55,90.93300258
2020-12-25 20:00:00,453.94,457.67,457.44,456.42,321.26068693
2020-12-25 21:00:00,454.17,457.91,456.46,455.87,171.14257629
2020-12-25 22:00:00,455.22,459.0,455.95,458.85,219.4328505
2020-12-25 23:00:00,458.03,463.91,458.26,462.04,529.28230215
2020-12-26 00:00:00,457.85,463.65,462.66,460.42,496.50971424
2020-12-26 00:00:00,457.85,463.65,462.66,460.42,496.50971424
2020-12-26 01:00:00,458.84,463.53,460.42,462.01,110.21731418
2020-12-26 02:00:00,460.32,463.35,461.96,461.61,173.76242818
2020-12-26 03:00:00,461.85,469.0,462.29,466.29,162.84603472
2020-12-26 04:00:00,464.32,466.97,466.29,464.65,54.64577272
2020-12-26 05:00:00,462.35,464.58,464.58,462.38,44.17826917
2020-12-26 06:00:00,461.5,464.28,461.5,464.17,42.41358712
2020-12-26 07:00:00,459.81,464.06,464.06,460.89,116.28065345
2020-12-26 08:00:00,461.68,465.63,461.68,462.45,71.028841
2020-12-26 09:00:00,457.5,462.58,462.13,459.59,317.05584093
2020-12-26 10:00:00,454.02,460.56,459.65,456.25,211.37351992
2020-12-26 11:00:00,455.0,460.09,456.66,459.77,228.40130209
2020-12-26 12:00:00,457.02,462.99,459.56,460.88,309.28753296
2020-12-26 13:00:00,457.87,462.44,460.94,459.45,218.12029331
2020-12-26 14:00:00,457.97,466.27,459.77,465.0,612.11276833
2020-12-26 15:00:00,461.91,465.66,464.82,463.4,600.48979824
2020-12-26 16:00:00,462.64,478.65,463.49,477.46,1425.31441685
2020-12-26 17:00:00,472.8,478.22,478.09,474.07,766.13568247
2020-12-26 18:00:00,471.06,476.74,474.14,473.52,376.44864699
2020-12-26 19:00:00,472.85,476.85,473.32,475.71,307.58230267
2020-12-26 20:00:00,473.26,478.98,475.54,478.98,551.98684648
2020-12-26 21:00:00,475.99,481.47,478.21,477.19,1138.43200787
2020-12-26 22:00:00,464.16,478.01,477.85,466.93,822.60151691
2020-12-26 23:00:00,465.38,470.83,467.15,468.99,409.02762261
2020-12-27 00:00:00,467.61,473.13,469.09,469.67,297.92396986
2020-12-27 01:00:00,469.19,474.46,469.19,472.95,254.71682099
2020-12-27 02:00:00,472.16,480.13,472.16,475.65,221.87865803
2020-12-27 03:00:00,472.46,476.35,476.14,474.94,124.22264686
2020-12-27 04:00:00,473.45,475.65,474.44,475.65,33.68581428
2020-12-27 05:00:00,475.0,477.0,475.26,477.0,28.15202676
2020-12-27 06:00:00,474.59,482.0,477.94,480.04,770.14540502
2020-12-27 07:00:00,477.95,481.97,480.56,480.08,318.91954588
2020-12-27 08:00:00,474.43,482.76,480.52,475.7,615.92515272
2020-12-27 09:00:00,472.52,477.74,475.48,476.0,508.80263282
2020-12-27 10:00:00,474.1,477.14,476.12,476.41,733.88454948
2020-12-27 11:00:00,461.0,479.03,476.41,471.12,1512.20925175
2020-12-27 12:00:00,460.81,470.8,470.61,468.25,832.27917073
2020-12-27 13:00:00,467.5,478.0,469.09,478.0,546.8102174
2020-12-27 14:00:00,477.12,509.98,477.74,504.7,3890.8289259
2020-12-27 15:00:00,501.19,514.91,504.94,513.8,2923.50825427
2020-12-27 16:00:00,505.01,529.71,514.87,512.03,3669.95547929
2020-12-27 17:00:00,503.12,512.5,512.45,507.99,1040.40112923
2020-12-27 18:00:00,504.24,511.74,507.51,510.72,837.17831809
2020-12-27 19:00:00,509.92,521.65,510.69,520.06,905.7847038
2020-12-27 20:00:00,495.74,520.54,520.42,495.74,1629.24094694
2020-12-27 21:00:00,486.41,503.36,496.59,499.64,1768.80085963
2020-12-27 22:00:00,499.77,507.89,500.07,506.81,667.74428366
2020-12-27 23:00:00,502.15,513.56,506.81,504.99,1651.79489222
2020-12-28 00:00:00,501.08,527.0,505.0,522.09,1797.1930826
2020-12-28 01:00:00,516.94,529.93,522.09,520.79,1056.35815863
2020-12-28 02:00:00,515.89,522.79,520.79,520.21,215.38424008
2020-12-28 03:00:00,513.11,522.61,521.81,518.11,326.11990644
2020-12-28 04:00:00,513.6,522.23,516.84,518.7,111.89801873
2020-12-28 05:00:00,518.52,525.36,518.52,525.36,109.42595804
2020-12-28 06:00:00,520.0,526.19,524.95,524.35,165.37205888
2020-12-28 07:00:00,524.17,543.91,524.17,541.27,1399.49517929
2020-12-28 08:00:00,533.84,546.18,541.27,546.18,1303.41545913
2020-12-28 09:00:00,539.0,546.27,544.79,539.92,1154.42609944
2020-12-28 10:00:00,532.8,542.52,540.9,538.19,1526.64947439
2020-12-28 11:00:00,536.02,543.14,537.39,541.51,805.03430617
2020-12-28 12:00:00,534.23,544.83,542.03,537.26,869.99532156
2020-12-28 13:00:00,529.6,540.7,537.86,538.4,825.02388735
2020-12-28 14:00:00,536.83,547.0,538.4,545.2,764.6427533
2020-12-28 15:00:00,538.45,547.45,546.0,541.94,564.67282452
2020-12-28 16:00:00,540.3,553.12,542.25,548.21,1202.8078232
2020-12-28 17:00:00,547.43,551.72,548.21,549.4,746.20450029
2020-12-28 18:00:00,546.8,553.65,549.26,547.51,915.09300425
2020-12-28 19:00:00,547.78,555.82,547.78,553.27,563.82589476
2020-12-28 20:00:00,539.38,555.55,552.8,545.26,1516.31103904
2020-12-28 21:00:00,540.62,547.0,545.47,540.87,617.72019849
2020-12-28 22:00:00,531.21,545.83,540.6,539.19,1268.47989866
2020-12-28 23:00:00,537.66,545.0,538.67,542.18,613.63624596
2020-12-29 00:00:00,532.35,549.99,541.99,534.51,808.11174567
2020-12-29 01:00:00,524.03,533.49,533.23,531.85,1084.27582972
2020-12-29 02:00:00,528.57,535.99,531.64,533.5,289.28141976
2020-12-29 03:00:00,517.14,533.0,533.0,519.23,587.27179105
2020-12-29 04:00:00,510.59,524.68,518.59,522.02,1051.80668925
2020-12-29 05:00:00,512.16,523.99,522.75,522.8,383.99834732
2020-12-29 06:00:00,520.57,528.66,523.02,525.96,429.95572016
2020-12-29 07:00:00,520.74,528.66,525.68,525.0,387.86009539
2020-12-29 08:00:00,525.0,530.62,525.0,528.51,380.62271948
2020-12-29 09:00:00,526.18,539.47,528.69,535.86,601.05439047
2020-12-29 10:00:00,535.13,543.39,535.86,540.52,914.80683056
2020-12-29 11:00:00,532.71,544.29,541.52,540.84,868.22290615
2020-12-29 12:00:00,538.9,546.66,541.11,541.12,866.80239927
2020-12-29 13:00:00,538.61,544.85,542.4,540.59,452.74260543
2020-12-29 14:00:00,532.91,541.36,540.36,535.21,510.15122369
2020-12-29 15:00:00,529.84,538.55,535.64,532.04,585.24159702
2020-12-29 16:00:00,521.43,531.82,531.75,529.11,863.94353861
2020-12-29 17:00:00,524.49,534.77,528.77,534.01,936.28376962
2020-12-29 18:00:00,533.43,538.39,534.04,535.08,422.03904008
2020-12-29 19:00:00,534.78,541.92,534.93,541.25,365.50688452
2020-12-29 20:00:00,534.31,542.0,541.8,540.1,309.06933061
2020-12-29 21:00:00,534.68,541.52,540.3,536.67,484.94209638
2020-12-29 22:00:00,535.7,540.72,536.3,540.04,234.3510259
2020-12-29 23:00:00,536.83,545.0,539.84,542.0,643.51054639
2020-12-30 00:00:00,541.81,552.09,543.0,547.95,1098.18867564
2020-12-30 01:00:00,542.8,549.94,546.56,544.41,169.55610152
2020-12-30 02:00:00,541.18,547.55,544.24,545.38,161.42687311
2020-12-30 03:00:00,539.55,547.26,546.48,541.17,298.89427985
2020-12-30 04:00:00,535.31,543.54,541.9,538.62,309.07863829
2020-12-30 05:00:00,537.0,540.31,538.26,539.44,144.74355983
2020-12-30 06:00:00,538.04,545.49,540.4,542.53,310.45512028
2020-12-30 07:00:00,541.48,547.67,543.48,541.76,308.72669485
2020-12-30 08:00:00,536.39,544.23,541.76,537.51,762.09289748
2020-12-30 09:00:00,528.88,536.68,536.48,534.7,621.83880792
2020-12-30 10:00:00,534.17,540.0,534.61,536.37,476.74023549
2020-12-30 11:00:00,530.0,536.92,536.13,533.52,491.4541229
2020-12-30 12:00:00,529.32,534.11,532.74,532.21,513.71699094
2020-12-30 13:00:00,531.01,536.87,532.55,533.45,363.8213843
2020-12-30 14:00:00,533.45,542.46,533.95,540.93,475.88536388
2020-12-30 15:00:00,538.1,541.9,540.87,539.56,541.6105174
2020-12-30 16:00:00,535.71,543.0,540.54,540.26,866.99310213
2020-12-30 17:00:00,537.69,543.17,540.15,541.87,600.54443393
2020-12-30 18:00:00,538.88,546.0,541.76,545.45,455.63539459
2020-12-30 19:00:00,544.6,557.04,545.52,554.0,1649.62980417
2020-12-30 20:00:00,550.0,554.99,553.99,552.27,933.64692262
2020-12-30 21:00:00,545.9,554.86,552.09,549.29,557.24360299
2020-12-30 22:00:00,546.17,551.98,549.42,547.33,454.23564914
2020-12-30 23:00:00,547.45,553.72,547.97,551.93,316.66100875
2020-12-31 00:00:00,546.28,554.13,552.4,546.4,620.9492683
2020-12-31 01:00:00,535.55,547.77,547.07,541.13,1123.84701955
2020-12-31 02:00:00,538.4,544.35,540.98,542.95,192.34107928
2020-12-31 03:00:00,541.13,547.01,542.64,546.51,164.26434677
2020-12-31 04:00:00,545.32,549.35,547.65,546.31,99.91558906
2020-12-31 05:00:00,541.69,547.61,545.97,545.3,126.13191744
2020-12-31 06:00:00,542.93,546.99,545.05,545.9,86.99181865
2020-12-31 07:00:00,545.99,557.35,545.99,550.35,357.34555041
2020-12-31 08:00:00,544.82,550.18,550.18,546.84,404.63207682
2020-12-31 09:00:00,540.99,548.89,546.69,547.88,559.98763705
2020-12-31 10:00:00,546.35,552.37,547.35,550.96,297.10254253
2020-12-31 11:00:00,546.49,550.95,550.95,547.42,733.36392754
2020-12-31 12:00:00,536.88,549.96,547.18,540.38,759.77023866
2020-12-31 13:00:00,531.73,544.81,539.95,541.61,1368.57268338
2020-12-31 14:00:00,533.07,541.55,541.55,538.57,593.38578089
2020-12-31 15:00:00,538.56,544.92,538.6,542.44,590.5661486
2020-12-31 16:00:00,533.0,542.69,542.54,534.64,499.86344429
2020-12-31 17:00:00,533.99,544.69,534.25,542.13,532.35942019
2020-12-31 18:00:00,540.39,544.27,541.68,543.58,219.21375972
2020-12-31 19:00:00,540.57,544.0,543.53,541.86,414.43569218
2020-12-31 20:00:00,540.71,546.24,541.6,545.8,244.38423126
2020-12-31 21:00:00,540.3,546.06,546.01,541.76,216.96100353
2020-12-31 22:00:00,539.9,544.0,541.83,543.0,178.10388287
2020-12-31 23:00:00,536.89,543.78,543.0,539.71,216.57418501
2021-01-01 00:00:00,535.67,541.0,539.35,538.57,491.34407147
